{
//载具类型
"transport_mode":"BOAT",

//碰撞体积长度
"length":71,

//碰撞体积宽度
"width":16,

//开门幅度，在这里是59式在跑道上的行驶距离
"door_max":32,


////////////////////////////////////////////////////平凡的分界线


//下面全是各部件属性
"parts":[


//舰岛
{"name":"head","stage":"INTERIOR","mirror":true,"skip_rendering_if_too_far":false,"door_offset":"NONE","render_condition":"ALL","positions":[[0.0,0.0]],"whitelisted_cars":"","blacklisted_cars":""},

//小灯灯
{"name":"light","stage":"LIGHTS","mirror":true,"skip_rendering_if_too_far":false,"door_offset":"NONE","render_condition":"ALL","positions":[[0.0,0.0]],"whitelisted_cars":"","blacklisted_cars":""},

//主体！
{"name":"main","stage":"EXTERIOR","mirror":true,"skip_rendering_if_too_far":false,"door_offset":"NONE","render_condition":"ALL","positions":[[0.0,0.0]],"whitelisted_cars":"","blacklisted_cars":""}



]}