{
	"credit": "Made by DalekCraft",
	"parent": "space:block/template_block_1_tall",
	"textures": {
		"0": "space:block/modular_workbench_top",
		"1": "space:block/modular_workbench_side",
		"2": "space:block/modular_workbench_bottom",
		"particle": "space:block/modular_workbench_top"
	},
	"elements": [
		{
			"from": [0, 0, 0],
			"to": [16, 2, 16],
			"faces": {
				"north": {"uv": [0, 14, 16, 16], "texture": "#1"},
				"east": {"uv": [0, 14, 16, 16], "texture": "#1"},
				"south": {"uv": [0, 14, 16, 16], "texture": "#1"},
				"west": {"uv": [0, 14, 16, 16], "texture": "#1"},
				"up": {"uv": [0, 0, 16, 16], "texture": "#0"},
				"down": {"uv": [0, 0, 16, 16], "texture": "#2"}
			}
		},
		{
			"from": [0, 14, 0],
			"to": [16, 16, 16],
			"rotation": {"angle": 0, "axis": "y", "origin": [0, -5, 0]},
			"faces": {
				"north": {"uv": [0, 0, 16, 2], "texture": "#1"},
				"east": {"uv": [0, 0, 16, 2], "texture": "#1"},
				"south": {"uv": [0, 0, 16, 2], "texture": "#1"},
				"west": {"uv": [0, 0, 16, 2], "texture": "#1"},
				"up": {"uv": [0, 0, 16, 16], "texture": "#0"},
				"down": {"uv": [0, 0, 16, 16], "texture": "#0"}
			}
		},
		{
			"from": [0, 2, 0],
			"to": [2, 14, 2],
			"faces": {
				"north": {"uv": [14, 2, 16, 14], "texture": "#1"},
				"east": {"uv": [14, 2, 16, 14], "texture": "#1"},
				"south": {"uv": [0, 2, 2, 14], "texture": "#1"},
				"west": {"uv": [0, 2, 2, 14], "texture": "#1"}
			}
		},
		{
			"from": [14, 2, 0],
			"to": [16, 14, 2],
			"faces": {
				"north": {"uv": [0, 2, 2, 14], "texture": "#1"},
				"east": {"uv": [14, 2, 16, 14], "texture": "#1"},
				"south": {"uv": [14, 2, 16, 14], "texture": "#1"},
				"west": {"uv": [0, 2, 2, 14], "texture": "#1"}
			}
		},
		{
			"from": [14, 2, 14],
			"to": [16, 14, 16],
			"faces": {
				"north": {"uv": [0, 2, 2, 14], "texture": "#1"},
				"east": {"uv": [0, 2, 2, 14], "texture": "#1"},
				"south": {"uv": [14, 2, 16, 14], "texture": "#1"},
				"west": {"uv": [14, 2, 16, 14], "texture": "#1"}
			}
		},
		{
			"from": [0, 2, 14],
			"to": [2, 14, 16],
			"faces": {
				"north": {"uv": [14, 2, 16, 14], "texture": "#1"},
				"east": {"uv": [0, 2, 2, 14], "texture": "#1"},
				"south": {"uv": [0, 2, 2, 14], "texture": "#1"},
				"west": {"uv": [14, 2, 16, 14], "texture": "#1"}
			}
		},
		{
			"from": [2, 2, 2],
			"to": [14, 14, 14],
			"faces": {
				"north": {"uv": [2, 2, 14, 14], "texture": "#1"},
				"east": {"uv": [2, 2, 14, 14], "texture": "#1"},
				"south": {"uv": [2, 2, 14, 14], "texture": "#1"},
				"west": {"uv": [2, 2, 14, 14], "texture": "#1"}
			}
		},
		{
			"from": [2, 8, 2],
			"to": [14, 12, 5],
			"rotation": {"angle": 22.5, "axis": "x", "origin": [8, 12, 2]},
			"faces": {
				"north": {"uv": [2, 4, 14, 8], "texture": "#1"},
				"down": {"uv": [2, 8, 14, 9], "texture": "#1"}
			}
		},
		{
			"from": [11, 8, 2],
			"to": [14, 12, 14],
			"rotation": {"angle": 22.5, "axis": "z", "origin": [14, 12, 8]},
			"faces": {
				"east": {"uv": [2, 4, 14, 8], "texture": "#1"},
				"down": {"uv": [2, 8, 14, 9], "rotation": 270, "texture": "#1"}
			}
		},
		{
			"from": [2, 8, 11],
			"to": [14, 12, 14],
			"rotation": {"angle": -22.5, "axis": "x", "origin": [8, 12, 14]},
			"faces": {
				"south": {"uv": [2, 4, 14, 8], "texture": "#1"},
				"down": {"uv": [2, 8, 14, 9], "rotation": 180, "texture": "#1"}
			}
		},
		{
			"from": [2, 8, 2],
			"to": [5, 12, 14],
			"rotation": {"angle": -22.5, "axis": "z", "origin": [2, 12, 8]},
			"faces": {
				"west": {"uv": [2, 4, 14, 8], "texture": "#1"},
				"down": {"uv": [2, 8, 14, 9], "rotation": 90, "texture": "#1"}
			}
		}
	],
	"groups": [
		{
			"name": "Frame",
			"origin": [0, 0, 0],
			"children": [0, 1, 2, 3, 4, 5]
		}, 6, 7, 8, 9, 10]
}