{
	"credit": "Made by DalekCraft",
	"parent": "space:block/template_block_1_tall",
	"textures": {
		"0": "minecraft:block/lodestone_top",
		"1": "space:block/oxygen_bubble_distributor"
	},
	"elements": [
		{
			"from": [0, 0, 0],
			"to": [16, 2, 16],
			"faces": {
				"north": {"uv": [0, 14, 16, 16], "texture": "#0"},
				"east": {"uv": [0, 14, 16, 16], "texture": "#0"},
				"south": {"uv": [0, 14, 16, 16], "texture": "#0"},
				"west": {"uv": [0, 14, 16, 16], "texture": "#0"},
				"up": {"uv": [0, 0, 16, 16], "texture": "#0"},
				"down": {"uv": [0, 0, 16, 16], "texture": "#0"}
			}
		},
		{
			"from": [0, 14, 0],
			"to": [16, 16, 2],
			"faces": {
				"north": {"uv": [0, 0, 16, 2], "texture": "#0"},
				"east": {"uv": [14, 0, 16, 2], "texture": "#0"},
				"south": {"uv": [0, 0, 16, 2], "texture": "#0"},
				"west": {"uv": [0, 0, 2, 2], "texture": "#0"},
				"up": {"uv": [0, 0, 16, 2], "texture": "#0"},
				"down": {"uv": [0, 14, 16, 16], "texture": "#0"}
			}
		},
		{
			"from": [14, 14, 2],
			"to": [16, 16, 14],
			"faces": {
				"east": {"uv": [2, 0, 14, 2], "texture": "#0"},
				"west": {"uv": [2, 0, 14, 2], "texture": "#0"},
				"up": {"uv": [14, 2, 16, 14], "texture": "#0"},
				"down": {"uv": [14, 2, 16, 14], "texture": "#0"}
			}
		},
		{
			"from": [0, 14, 14],
			"to": [16, 16, 16],
			"faces": {
				"north": {"uv": [0, 0, 16, 2], "texture": "#0"},
				"east": {"uv": [0, 0, 2, 2], "texture": "#0"},
				"south": {"uv": [0, 0, 16, 2], "texture": "#0"},
				"west": {"uv": [14, 0, 16, 2], "texture": "#0"},
				"up": {"uv": [0, 14, 16, 16], "texture": "#0"},
				"down": {"uv": [0, 0, 16, 2], "texture": "#0"}
			}
		},
		{
			"from": [0, 14, 2],
			"to": [2, 16, 14],
			"faces": {
				"east": {"uv": [2, 0, 14, 2], "texture": "#0"},
				"west": {"uv": [2, 0, 14, 2], "texture": "#0"},
				"up": {"uv": [0, 2, 2, 14], "texture": "#0"},
				"down": {"uv": [0, 2, 2, 14], "texture": "#0"}
			}
		},
		{
			"from": [0, 2, 0],
			"to": [2, 14, 2],
			"faces": {
				"north": {"uv": [14, 2, 16, 14], "texture": "#0"},
				"east": {"uv": [14, 2, 16, 14], "texture": "#0"},
				"south": {"uv": [0, 2, 2, 14], "texture": "#0"},
				"west": {"uv": [0, 2, 2, 14], "texture": "#0"}
			}
		},
		{
			"from": [14, 2, 0],
			"to": [16, 14, 2],
			"faces": {
				"north": {"uv": [0, 2, 2, 14], "texture": "#0"},
				"east": {"uv": [14, 2, 16, 14], "texture": "#0"},
				"south": {"uv": [14, 2, 16, 14], "texture": "#0"},
				"west": {"uv": [0, 2, 2, 14], "texture": "#0"}
			}
		},
		{
			"from": [14, 2, 14],
			"to": [16, 14, 16],
			"faces": {
				"north": {"uv": [0, 2, 2, 14], "texture": "#0"},
				"east": {"uv": [0, 2, 2, 14], "texture": "#0"},
				"south": {"uv": [14, 2, 16, 14], "texture": "#0"},
				"west": {"uv": [14, 2, 16, 14], "texture": "#0"}
			}
		},
		{
			"from": [0, 2, 14],
			"to": [2, 14, 16],
			"faces": {
				"north": {"uv": [14, 2, 16, 14], "texture": "#0"},
				"east": {"uv": [0, 2, 2, 14], "texture": "#0"},
				"south": {"uv": [0, 2, 2, 14], "texture": "#0"},
				"west": {"uv": [14, 2, 16, 14], "texture": "#0"}
			}
		},
		{
			"from": [2, 2, 2],
			"to": [14, 14, 14],
			"faces": {
				"north": {"uv": [0, 0, 16, 16], "texture": "#0"},
				"east": {"uv": [0, 0, 16, 16], "texture": "#0"},
				"south": {"uv": [0, 0, 16, 16], "texture": "#0"},
				"west": {"uv": [0, 0, 16, 16], "texture": "#0"},
				"up": {"uv": [0, 0, 16, 16], "texture": "#0"}
			}
		},
		{
			"from": [2, 2, 2],
			"to": [14, 14, 14],
			"faces": {
				"north": {"uv": [0, 0, 16, 16], "texture": "#1"},
				"east": {"uv": [0, 0, 16, 16], "texture": "#1"},
				"south": {"uv": [0, 0, 16, 16], "texture": "#1"},
				"west": {"uv": [0, 0, 16, 16], "texture": "#1"},
				"up": {"uv": [0, 0, 16, 16], "texture": "#1"}
			}
		}
	],
	"groups": [
		{
			"name": "Frame",
			"origin": [0, 0, 0],
			"children": [0, 1, 2, 3, 4, 5, 6, 7, 8]
		}, 9, 10]
}