{
	"credit": "Made by DalekCraft",
	"parent": "space:block/template_block_1_tall",
	"textures": {
		"0": "minecraft:block/iron_block",
		"1": "minecraft:block/glass",
		"2": "minecraft:block/respawn_anchor_top",
		"3": "minecraft:block/beacon",
		"4": "minecraft:block/sea_lantern",
		"5": "minecraft:block/smooth_stone",
		"6": "space:block/quantum_workbench_plasma",
		"particle": "minecraft:block/iron_block"
	},
	"elements": [
		{
			"from": [0, 0, 0],
			"to": [16, 2, 2],
			"rotation": {"angle": 0, "axis": "y", "origin": [8, 8, 8]},
			"faces": {
				"north": {"uv": [0, 14, 16, 16], "texture": "#0"},
				"east": {"uv": [14, 14, 16, 16], "texture": "#0"},
				"south": {"uv": [0, 0, 16, 2], "texture": "#0"},
				"west": {"uv": [0, 14, 2, 16], "texture": "#0"},
				"up": {"uv": [0, 0, 16, 2], "texture": "#0"},
				"down": {"uv": [0, 14, 16, 16], "texture": "#0"}
			}
		},
		{
			"from": [14, 0, 2],
			"to": [16, 2, 14],
			"rotation": {"angle": 0, "axis": "y", "origin": [8, 8, 8]},
			"faces": {
				"east": {"uv": [2, 14, 14, 16], "texture": "#0"},
				"west": {"uv": [2, 0, 14, 2], "texture": "#0"},
				"up": {"uv": [14, 2, 16, 14], "texture": "#0"},
				"down": {"uv": [14, 2, 16, 14], "texture": "#0"}
			}
		},
		{
			"from": [0, 0, 14],
			"to": [16, 2, 16],
			"rotation": {"angle": 0, "axis": "y", "origin": [8, 8, 8]},
			"faces": {
				"north": {"uv": [0, 0, 16, 2], "texture": "#0"},
				"east": {"uv": [0, 14, 2, 16], "texture": "#0"},
				"south": {"uv": [0, 14, 16, 16], "texture": "#0"},
				"west": {"uv": [14, 14, 16, 16], "texture": "#0"},
				"up": {"uv": [0, 14, 16, 16], "texture": "#0"},
				"down": {"uv": [0, 0, 16, 2], "texture": "#0"}
			}
		},
		{
			"from": [0, 0, 2],
			"to": [2, 2, 14],
			"rotation": {"angle": 0, "axis": "y", "origin": [8, 8, 8]},
			"faces": {
				"east": {"uv": [2, 0, 14, 2], "texture": "#0"},
				"west": {"uv": [2, 14, 14, 16], "texture": "#0"},
				"up": {"uv": [0, 2, 2, 14], "texture": "#0"},
				"down": {"uv": [0, 2, 2, 14], "texture": "#0"}
			}
		},
		{
			"from": [2, 0, 2],
			"to": [14, 2, 14],
			"faces": {
				"up": {"uv": [2, 2, 14, 14], "texture": "#4"},
				"down": {"uv": [2, 2, 14, 14], "rotation": 180, "texture": "#0"}
			}
		},
		{
			"from": [0, 14, 0],
			"to": [16, 16, 2],
			"rotation": {"angle": 0, "axis": "y", "origin": [8, 8, 8]},
			"faces": {
				"north": {"uv": [0, 0, 16, 2], "texture": "#0"},
				"east": {"uv": [14, 0, 16, 2], "texture": "#0"},
				"south": {"uv": [0, 0, 16, 2], "texture": "#0"},
				"west": {"uv": [0, 0, 2, 2], "texture": "#0"},
				"up": {"uv": [0, 0, 16, 2], "texture": "#0"},
				"down": {"uv": [0, 14, 16, 16], "texture": "#0"}
			}
		},
		{
			"from": [14, 14, 2],
			"to": [16, 16, 14],
			"rotation": {"angle": 0, "axis": "y", "origin": [8, 8, 8]},
			"faces": {
				"east": {"uv": [2, 0, 14, 2], "texture": "#0"},
				"west": {"uv": [2, 0, 14, 2], "texture": "#0"},
				"up": {"uv": [14, 2, 16, 14], "texture": "#0"},
				"down": {"uv": [14, 2, 16, 14], "texture": "#0"}
			}
		},
		{
			"from": [0, 14, 14],
			"to": [16, 16, 16],
			"rotation": {"angle": 0, "axis": "y", "origin": [8, 8, 8]},
			"faces": {
				"north": {"uv": [0, 0, 16, 2], "texture": "#0"},
				"east": {"uv": [0, 0, 2, 2], "texture": "#0"},
				"south": {"uv": [0, 0, 16, 2], "texture": "#0"},
				"west": {"uv": [14, 0, 16, 2], "texture": "#0"},
				"up": {"uv": [0, 14, 16, 16], "texture": "#0"},
				"down": {"uv": [0, 0, 16, 2], "texture": "#0"}
			}
		},
		{
			"from": [0, 14, 2],
			"to": [2, 16, 14],
			"rotation": {"angle": 0, "axis": "y", "origin": [8, 8, 8]},
			"faces": {
				"east": {"uv": [2, 0, 14, 2], "texture": "#0"},
				"west": {"uv": [2, 0, 14, 2], "texture": "#0"},
				"up": {"uv": [0, 2, 2, 14], "texture": "#0"},
				"down": {"uv": [0, 2, 2, 14], "texture": "#0"}
			}
		},
		{
			"from": [2, 14, 2],
			"to": [14, 16, 14],
			"faces": {
				"up": {"uv": [2, 2, 14, 14], "texture": "#2"},
				"down": {"uv": [2, 2, 14, 14], "rotation": 180, "texture": "#2"}
			}
		},
		{
			"from": [0, 2, 0],
			"to": [2, 14, 2],
			"rotation": {"angle": 0, "axis": "y", "origin": [8, 8, 8]},
			"faces": {
				"north": {"uv": [14, 2, 16, 14], "texture": "#0"},
				"east": {"uv": [14, 2, 16, 14], "texture": "#0"},
				"south": {"uv": [0, 2, 2, 14], "texture": "#0"},
				"west": {"uv": [0, 2, 2, 14], "texture": "#0"}
			}
		},
		{
			"from": [14, 2, 0],
			"to": [16, 14, 2],
			"rotation": {"angle": 0, "axis": "y", "origin": [8, 8, 8]},
			"faces": {
				"north": {"uv": [0, 2, 2, 14], "texture": "#0"},
				"east": {"uv": [14, 2, 16, 14], "texture": "#0"},
				"south": {"uv": [14, 2, 16, 14], "texture": "#0"},
				"west": {"uv": [0, 2, 2, 14], "texture": "#0"}
			}
		},
		{
			"from": [14, 2, 14],
			"to": [16, 14, 16],
			"rotation": {"angle": 0, "axis": "y", "origin": [8, 8, 8]},
			"faces": {
				"north": {"uv": [0, 2, 2, 14], "texture": "#0"},
				"east": {"uv": [0, 2, 2, 14], "texture": "#0"},
				"south": {"uv": [14, 2, 16, 14], "texture": "#0"},
				"west": {"uv": [14, 2, 16, 14], "texture": "#0"}
			}
		},
		{
			"from": [0, 2, 14],
			"to": [2, 14, 16],
			"rotation": {"angle": 0, "axis": "y", "origin": [8, 8, 8]},
			"faces": {
				"north": {"uv": [14, 2, 16, 14], "texture": "#0"},
				"east": {"uv": [0, 2, 2, 14], "texture": "#0"},
				"south": {"uv": [0, 2, 2, 14], "texture": "#0"},
				"west": {"uv": [14, 2, 16, 14], "texture": "#0"}
			}
		},
		{
			"from": [8.2, 2, 0.5],
			"to": [14, 14, 0.7],
			"rotation": {"angle": 0, "axis": "x", "origin": [14, 23, 8]},
			"faces": {
				"north": {"uv": [0, 0, 8, 16], "texture": "#1"},
				"east": {"uv": [0, 0, 1, 16], "texture": "#1"},
				"south": {"uv": [0, 0, 8, 16], "rotation": 180, "texture": "#1"},
				"west": {"uv": [15, 0, 16, 16], "texture": "#1"},
				"up": {"uv": [0, 0, 8, 1], "texture": "#1"},
				"down": {"uv": [0, 15, 8, 16], "rotation": 180, "texture": "#1"}
			}
		},
		{
			"from": [2, 2, 0.5],
			"to": [7.8, 14, 0.7],
			"rotation": {"angle": 0, "axis": "x", "origin": [2, 23, 8]},
			"faces": {
				"north": {"uv": [8, 0, 16, 16], "texture": "#1"},
				"east": {"uv": [0, 0, 1, 16], "texture": "#1"},
				"south": {"uv": [8, 0, 16, 16], "rotation": 180, "texture": "#1"},
				"west": {"uv": [15, 0, 16, 16], "texture": "#1"},
				"up": {"uv": [9, 0, 16, 1], "texture": "#1"},
				"down": {"uv": [8, 15, 16, 16], "rotation": 180, "texture": "#1"}
			}
		},
		{
			"from": [8.4, 7, 0.3],
			"to": [9.4, 9, 0.6],
			"rotation": {"angle": 0, "axis": "x", "origin": [14, 23, 8]},
			"faces": {
				"north": {"uv": [0, 0, 0.5, 1], "texture": "#0"},
				"east": {"uv": [0, 0, 1, 0.15], "rotation": 90, "texture": "#0"},
				"south": {"uv": [0, 0, 0.5, 1], "rotation": 180, "texture": "#0"},
				"west": {"uv": [0, 0, 1, 0.15], "rotation": 270, "texture": "#0"},
				"up": {"uv": [0, 0, 0.5, 0.15], "texture": "#0"},
				"down": {"uv": [0, 0, 0.5, 0.15], "rotation": 180, "texture": "#0"}
			}
		},
		{
			"from": [6.6, 7, 0.3],
			"to": [7.6, 9, 0.6],
			"rotation": {"angle": 0, "axis": "x", "origin": [2, 23, 8]},
			"faces": {
				"north": {"uv": [0, 0, 0.5, 1], "texture": "#0"},
				"east": {"uv": [0, 0, 1, 0.15], "rotation": 90, "texture": "#0"},
				"south": {"uv": [0, 0, 0.5, 1], "rotation": 180, "texture": "#0"},
				"west": {"uv": [0, 0, 1, 0.15], "rotation": 270, "texture": "#0"},
				"up": {"uv": [0, 0, 0.5, 0.15], "texture": "#0"},
				"down": {"uv": [0, 0, 0.5, 0.15], "rotation": 180, "texture": "#0"}
			}
		},
		{
			"from": [7.8, 2, 0.4],
			"to": [8, 14, 0.8],
			"rotation": {"angle": 0, "axis": "x", "origin": [2, 23, 8]},
			"faces": {
				"north": {"uv": [0, 0, 0.1, 6], "texture": "#0"},
				"east": {"uv": [0, 0, 6, 0.1], "rotation": 90, "texture": "#0"},
				"south": {"uv": [0, 0, 0.1, 6], "rotation": 180, "texture": "#0"},
				"west": {"uv": [0, 0, 6, 0.1], "rotation": 270, "texture": "#0"},
				"up": {"uv": [0, 0, 0.1, 0.1], "texture": "#0"},
				"down": {"uv": [0, 0, 0.1, 0.1], "rotation": 180, "texture": "#0"}
			}
		},
		{
			"from": [8, 2, 0.4],
			"to": [8.2, 14, 0.8],
			"rotation": {"angle": 0, "axis": "x", "origin": [14, 23, 8]},
			"faces": {
				"north": {"uv": [0, 0, 0.1, 6], "texture": "#0"},
				"east": {"uv": [0, 0, 6, 0.1], "rotation": 90, "texture": "#0"},
				"south": {"uv": [0, 0, 0.1, 6], "rotation": 180, "texture": "#0"},
				"west": {"uv": [0, 0, 6, 0.1], "rotation": 270, "texture": "#0"},
				"up": {"uv": [0, 0, 0.1, 0.1], "texture": "#0"},
				"down": {"uv": [0, 0, 0.1, 0.1], "rotation": 180, "texture": "#0"}
			}
		},
		{
			"from": [14, 2, 2],
			"to": [15.5, 14, 14],
			"faces": {
				"east": {"uv": [2, 2, 14, 14], "texture": "#5"},
				"west": {"uv": [2, 2, 14, 14], "texture": "#5"}
			}
		},
		{
			"from": [2, 2, 14.5],
			"to": [14, 14, 15.5],
			"faces": {
				"north": {"uv": [0, 0, 16, 16], "texture": "#1"},
				"south": {"uv": [0, 0, 16, 16], "texture": "#1"}
			}
		},
		{
			"from": [0.5, 2, 2],
			"to": [2, 14, 14],
			"faces": {
				"east": {"uv": [2, 2, 14, 14], "texture": "#5"},
				"west": {"uv": [2, 2, 14, 14], "texture": "#5"}
			}
		},
		{
			"from": [6, 6, 6],
			"to": [10, 10, 10],
			"faces": {
				"north": {"uv": [6, 6, 10, 10], "texture": "#3"},
				"east": {"uv": [6, 6, 10, 10], "texture": "#3"},
				"south": {"uv": [6, 6, 10, 10], "texture": "#3"},
				"west": {"uv": [6, 6, 10, 10], "texture": "#3"},
				"up": {"uv": [6, 6, 10, 10], "texture": "#3"},
				"down": {"uv": [6, 6, 10, 10], "texture": "#3"}
			}
		},
		{
			"from": [6, 2, 8],
			"to": [10, 14, 8],
			"faces": {
				"north": {"uv": [6, 2, 10, 14], "texture": "#6"},
				"south": {"uv": [6, 2, 10, 14], "texture": "#6"}
			}
		}
	],
	"groups": [
		{
			"name": "Frame",
			"origin": [0, 0, 0],
			"children": [0, 1, 2, 3, 4, 5, 6, 7, 8, 9, 10, 11, 12, 13,
				{
					"name": "Door",
					"origin": [8, 8, 8],
					"children": [14, 15, 16, 17, 18, 19]
				}, 20, 21, 22]
		}, 23, 24]
}