{
	"credit": "Made by OLLIEZ4",
	"textures": {
		"0": "space:block/rocket_tile",
		"1": "minecraft:block/glass",
		"2": "space:block/rocket_tile_dark",
		"particle": "space:block/rocket_tile"
	},
	"elements": [
		{
			"from": [1.5, -16, 14.5],
			"to": [14.5, -15, 15.5],
			"rotation": {"angle": 0, "axis": "y", "origin": [8, 8, 8]},
			"faces": {
				"north": {"uv": [15.5, 15.5, 16, 16], "texture": "#2"},
				"east": {"uv": [15.5, 15.5, 16, 16], "texture": "#2"},
				"south": {"uv": [15.5, 15.5, 16, 16], "texture": "#2"},
				"west": {"uv": [15.5, 15.5, 16, 16], "texture": "#2"},
				"up": {"uv": [15.5, 15.5, 16, 16], "rotation": 180, "texture": "#2"},
				"down": {"uv": [0.5, 0, 1.5, 1], "rotation": 180, "texture": "#0"}
			}
		},
		{
			"from": [1.5, -16, 0.5],
			"to": [14.5, -15, 1.5],
			"rotation": {"angle": 0, "axis": "y", "origin": [8, 8, 8]},
			"faces": {
				"north": {"uv": [15.5, 15.5, 16, 16], "texture": "#2"},
				"east": {"uv": [15.5, 15.5, 16, 16], "texture": "#2"},
				"south": {"uv": [15.5, 15.5, 16, 16], "texture": "#2"},
				"west": {"uv": [15.5, 15.5, 16, 16], "texture": "#2"},
				"up": {"uv": [15.5, 15.5, 16, 16], "rotation": 180, "texture": "#2"},
				"down": {"uv": [0.5, 0, 1.5, 1], "rotation": 180, "texture": "#0"}
			}
		},
		{
			"from": [0.5, -16, 1.5],
			"to": [1.5, -15, 14.5],
			"rotation": {"angle": 0, "axis": "y", "origin": [8, 8, 8]},
			"faces": {
				"north": {"uv": [15.5, 15.5, 16, 16], "texture": "#2"},
				"east": {"uv": [15.5, 15.5, 16, 16], "texture": "#2"},
				"south": {"uv": [15.5, 15.5, 16, 16], "texture": "#2"},
				"west": {"uv": [15.5, 15.5, 16, 16], "texture": "#2"},
				"up": {"uv": [15.5, 15.5, 16, 16], "rotation": 180, "texture": "#2"},
				"down": {"uv": [0.5, 0, 1.5, 1], "rotation": 180, "texture": "#0"}
			}
		},
		{
			"from": [14.5, -16, 1.5],
			"to": [15.5, -15, 14.5],
			"rotation": {"angle": 0, "axis": "y", "origin": [8, 8, 8]},
			"faces": {
				"north": {"uv": [15.5, 15.5, 16, 16], "texture": "#2"},
				"east": {"uv": [15.5, 15.5, 16, 16], "texture": "#2"},
				"south": {"uv": [15.5, 15.5, 16, 16], "texture": "#2"},
				"west": {"uv": [15.5, 15.5, 16, 16], "texture": "#2"},
				"up": {"uv": [15.5, 15.5, 16, 16], "rotation": 180, "texture": "#2"},
				"down": {"uv": [0.5, 0, 1.5, 1], "rotation": 180, "texture": "#0"}
			}
		},
		{
			"from": [1.5, -15, 1.5],
			"to": [14.5, -14, 14.5],
			"rotation": {"angle": 0, "axis": "y", "origin": [8, 8, 8]},
			"faces": {
				"north": {"uv": [15.5, 15.5, 16, 16], "texture": "#2"},
				"east": {"uv": [15.5, 15.5, 16, 16], "texture": "#2"},
				"south": {"uv": [15.5, 15.5, 16, 16], "texture": "#2"},
				"west": {"uv": [15.5, 15.5, 16, 16], "texture": "#2"},
				"up": {"uv": [15.5, 15.5, 16, 16], "rotation": 180, "texture": "#2"},
				"down": {"uv": [15.5, 15.5, 16, 16], "rotation": 180, "texture": "#2"}
			}
		},
		{
			"from": [2.5, -14, 2.5],
			"to": [13.5, -13, 13.5],
			"rotation": {"angle": 0, "axis": "y", "origin": [8, 8, 8]},
			"faces": {
				"north": {"uv": [15.5, 15.5, 16, 16], "texture": "#2"},
				"east": {"uv": [15.5, 15.5, 16, 16], "texture": "#2"},
				"south": {"uv": [15.5, 15.5, 16, 16], "texture": "#2"},
				"west": {"uv": [15.5, 15.5, 16, 16], "texture": "#2"}
			}
		},
		{
			"from": [0.5, -13, 0.5],
			"to": [15.5, -12, 15.5],
			"rotation": {"angle": 0, "axis": "y", "origin": [8, 8, 8]},
			"faces": {
				"north": {"uv": [0.5, 0, 1.5, 1], "texture": "#0"},
				"east": {"uv": [0.5, 0, 1.5, 1], "texture": "#0"},
				"south": {"uv": [0.5, 0, 1.5, 1], "texture": "#0"},
				"west": {"uv": [0.5, 0, 1.5, 1], "texture": "#0"},
				"up": {"uv": [0, 0, 1, 1], "rotation": 180, "texture": "#0"},
				"down": {"uv": [0.5, 0, 1.5, 1], "rotation": 180, "texture": "#0"}
			}
		},
		{
			"from": [0.5, -12, 15.5],
			"to": [15.5, 16, 16.5],
			"rotation": {"angle": 0, "axis": "y", "origin": [8, 8, 8]},
			"faces": {
				"north": {"uv": [5.5, 0, 11, 16], "texture": "#0"},
				"east": {"uv": [0, 0, 1, 1], "texture": "#0"},
				"south": {"uv": [5.5, 0, 11, 16], "texture": "#0"},
				"west": {"uv": [0, 0, 1, 1], "texture": "#0"},
				"up": {"uv": [0, 0, 1, 1], "rotation": 180, "texture": "#0"},
				"down": {"uv": [0.5, 0, 1.5, 1], "rotation": 180, "texture": "#0"}
			}
		},
		{
			"from": [0.5, -12, -0.5],
			"to": [15.5, 3, 0.5],
			"rotation": {"angle": 0, "axis": "y", "origin": [8, 8, 8]},
			"faces": {
				"north": {"uv": [5.5, 9.5, 11, 16], "texture": "#0"},
				"east": {"uv": [0, 0, 1, 1], "texture": "#0"},
				"south": {"uv": [5.5, 9.5, 11, 16], "texture": "#0"},
				"west": {"uv": [0, 0, 1, 1], "texture": "#0"},
				"down": {"uv": [0.5, 0, 1.5, 1], "rotation": 180, "texture": "#0"}
			}
		},
		{
			"from": [15.5, -12, 0.5],
			"to": [16.5, 16, 15.5],
			"rotation": {"angle": 0, "axis": "y", "origin": [8, 8, 8]},
			"faces": {
				"north": {"uv": [0.5, 0, 1.5, 1], "texture": "#0"},
				"east": {"uv": [5.5, 0, 11, 16], "texture": "#0"},
				"south": {"uv": [0, 0, 1, 1], "texture": "#0"},
				"west": {"uv": [5.5, 0, 11, 16], "texture": "#0"},
				"up": {"uv": [0, 0, 1, 1], "rotation": 180, "texture": "#0"},
				"down": {"uv": [0.5, 0, 1.5, 1], "rotation": 180, "texture": "#0"}
			}
		},
		{
			"from": [-0.5, -12, 0.5],
			"to": [0.5, 16, 15.5],
			"rotation": {"angle": 0, "axis": "y", "origin": [8, 8, 8]},
			"faces": {
				"north": {"uv": [0, 0, 1, 1], "texture": "#0"},
				"east": {"uv": [5.5, 0, 11, 16], "texture": "#0"},
				"south": {"uv": [0, 0, 1, 1], "texture": "#0"},
				"west": {"uv": [5.5, 0, 11, 16], "texture": "#0"},
				"up": {"uv": [0, 0, 1, 1], "rotation": 180, "texture": "#0"},
				"down": {"uv": [0.5, 0, 1.5, 1], "rotation": 180, "texture": "#0"}
			}
		},
		{
			"from": [0.5, 12, -0.5],
			"to": [15.5, 16, 0.5],
			"rotation": {"angle": 0, "axis": "y", "origin": [8, 8, 8]},
			"faces": {
				"north": {"uv": [5.5, 0, 11, 3], "texture": "#0"},
				"east": {"uv": [0, 0, 1, 1], "texture": "#0"},
				"south": {"uv": [5.5, 0, 11, 3], "texture": "#0"},
				"west": {"uv": [0, 0, 1, 1], "texture": "#0"},
				"up": {"uv": [0, 0, 1, 1], "rotation": 180, "texture": "#0"}
			}
		},
		{
			"from": [4.5, 3, -0.5],
			"to": [11.5, 4, 0.5],
			"rotation": {"angle": 0, "axis": "y", "origin": [8, 8, 8]},
			"faces": {
				"north": {"uv": [0, 0, 1, 1], "texture": "#0"},
				"south": {"uv": [0, 0, 1, 1], "texture": "#0"},
				"up": {"uv": [0, 0, 1, 1], "rotation": 180, "texture": "#0"}
			}
		},
		{
			"from": [4.5, 11, -0.5],
			"to": [11.5, 12, 0.5],
			"rotation": {"angle": 0, "axis": "y", "origin": [8, 8, 8]},
			"faces": {
				"north": {"uv": [0, 0, 1, 1], "texture": "#0"},
				"south": {"uv": [0, 0, 1, 1], "texture": "#0"},
				"down": {"uv": [0, 0, 1, 1], "rotation": 180, "texture": "#0"}
			}
		},
		{
			"from": [11.5, 3, -0.5],
			"to": [12.5, 12, 0.5],
			"rotation": {"angle": 0, "axis": "y", "origin": [8, 8, 8]},
			"faces": {
				"north": {"uv": [0, 0, 1, 1], "texture": "#0"},
				"south": {"uv": [0, 0, 1, 1], "texture": "#0"},
				"west": {"uv": [0, 0, 1, 1], "texture": "#0"}
			}
		},
		{
			"from": [3.5, 3, -0.5],
			"to": [4.5, 12, 0.5],
			"rotation": {"angle": 0, "axis": "y", "origin": [8, 8, 8]},
			"faces": {
				"north": {"uv": [0, 0, 1, 1], "texture": "#0"},
				"east": {"uv": [0, 0, 1, 1], "texture": "#0"},
				"south": {"uv": [0, 0, 1, 1], "texture": "#0"}
			}
		},
		{
			"from": [0.5, 3, -0.5],
			"to": [3.5, 12, 0.5],
			"rotation": {"angle": 0, "axis": "y", "origin": [8, 8, 8]},
			"faces": {
				"north": {"uv": [9.5, 3, 12, 9.5], "texture": "#0"},
				"south": {"uv": [5.5, 3, 8, 9.5], "texture": "#0"},
				"west": {"uv": [0, 0, 1, 1], "texture": "#0"}
			}
		},
		{
			"from": [12.5, 3, -0.5],
			"to": [15.5, 12, 0.5],
			"rotation": {"angle": 0, "axis": "y", "origin": [8, 8, 8]},
			"faces": {
				"north": {"uv": [5.5, 3, 8, 9.5], "texture": "#0"},
				"east": {"uv": [0, 0, 1, 1], "texture": "#0"},
				"south": {"uv": [9.5, 3, 12, 9.5], "texture": "#0"}
			}
		},
		{
			"from": [4.5, 4, 0],
			"to": [11.5, 11, 0.1],
			"rotation": {"angle": 0, "axis": "y", "origin": [8, 8, 8]},
			"faces": {
				"north": {"uv": [0, 0, 16, 16], "texture": "#1"},
				"south": {"uv": [0, 0, 16, 16], "texture": "#1"}
			}
		},
		{
			"from": [14.5, 16, 14.5],
			"to": [15.5, 18, 15.5],
			"rotation": {"angle": 0, "axis": "y", "origin": [8, 8, 8]},
			"faces": {
				"east": {"uv": [0, 0, 1, 1], "texture": "#0"},
				"south": {"uv": [0, 0, 1, 1], "texture": "#0"},
				"up": {"uv": [0, 0, 1, 1], "rotation": 180, "texture": "#0"},
				"down": {"uv": [0.5, 0, 1.5, 1], "rotation": 180, "texture": "#0"}
			}
		},
		{
			"from": [13.5, 18, 13.5],
			"to": [14.5, 20, 14.5],
			"rotation": {"angle": 0, "axis": "y", "origin": [8, 8, 8]},
			"faces": {
				"east": {"uv": [0, 0, 1, 1], "texture": "#0"},
				"south": {"uv": [0, 0, 1, 1], "texture": "#0"},
				"up": {"uv": [0, 0, 1, 1], "rotation": 180, "texture": "#0"},
				"down": {"uv": [0.5, 0, 1.5, 1], "rotation": 180, "texture": "#0"}
			}
		},
		{
			"from": [12.5, 20, 12.5],
			"to": [13.5, 22, 13.5],
			"rotation": {"angle": 0, "axis": "y", "origin": [8, 8, 8]},
			"faces": {
				"east": {"uv": [0, 0, 1, 1], "texture": "#0"},
				"south": {"uv": [0, 0, 1, 1], "texture": "#0"},
				"up": {"uv": [0, 0, 1, 1], "rotation": 180, "texture": "#0"},
				"down": {"uv": [0.5, 0, 1.5, 1], "rotation": 180, "texture": "#0"}
			}
		},
		{
			"from": [10.5, 24, 10.5],
			"to": [11.5, 26, 11.5],
			"rotation": {"angle": 0, "axis": "y", "origin": [8, 8, 8]},
			"faces": {
				"east": {"uv": [0, 0, 1, 1], "texture": "#0"},
				"south": {"uv": [0, 0, 1, 1], "texture": "#0"},
				"up": {"uv": [0, 0, 1, 1], "rotation": 180, "texture": "#0"},
				"down": {"uv": [0.5, 0, 1.5, 1], "rotation": 180, "texture": "#0"}
			}
		},
		{
			"from": [9.5, 26, 9.5],
			"to": [10.5, 28, 10.5],
			"rotation": {"angle": 0, "axis": "y", "origin": [8, 8, 8]},
			"faces": {
				"east": {"uv": [0, 0, 1, 1], "texture": "#0"},
				"south": {"uv": [0, 0, 1, 1], "texture": "#0"},
				"up": {"uv": [0, 0, 1, 1], "rotation": 180, "texture": "#0"},
				"down": {"uv": [0.5, 0, 1.5, 1], "rotation": 180, "texture": "#0"}
			}
		},
		{
			"from": [8.5, 28, 8.5],
			"to": [9.5, 30, 9.5],
			"rotation": {"angle": 0, "axis": "y", "origin": [8, 8, 8]},
			"faces": {
				"east": {"uv": [0, 0, 1, 1], "texture": "#0"},
				"south": {"uv": [0, 0, 1, 1], "texture": "#0"},
				"up": {"uv": [0, 0, 1, 1], "rotation": 180, "texture": "#0"},
				"down": {"uv": [0.5, 0, 1.5, 1], "rotation": 180, "texture": "#0"}
			}
		},
		{
			"from": [11.5, 22, 11.5],
			"to": [12.5, 24, 12.5],
			"rotation": {"angle": 0, "axis": "y", "origin": [8, 8, 8]},
			"faces": {
				"east": {"uv": [0, 0, 1, 1], "texture": "#0"},
				"south": {"uv": [0, 0, 1, 1], "texture": "#0"},
				"up": {"uv": [0, 0, 1, 1], "rotation": 180, "texture": "#0"},
				"down": {"uv": [0.5, 0, 1.5, 1], "rotation": 180, "texture": "#0"}
			}
		},
		{
			"from": [14.5, 16, 0.5],
			"to": [15.5, 18, 1.5],
			"rotation": {"angle": 0, "axis": "y", "origin": [8, 8, 8]},
			"faces": {
				"north": {"uv": [0, 0, 1, 1], "texture": "#0"},
				"east": {"uv": [0, 0, 1, 1], "texture": "#0"},
				"up": {"uv": [0, 0, 1, 1], "rotation": 180, "texture": "#0"},
				"down": {"uv": [0.5, 0, 1.5, 1], "rotation": 180, "texture": "#0"}
			}
		},
		{
			"from": [13.5, 18, 1.5],
			"to": [14.5, 20, 2.5],
			"rotation": {"angle": 0, "axis": "y", "origin": [8, 8, 8]},
			"faces": {
				"north": {"uv": [0, 0, 1, 1], "texture": "#0"},
				"east": {"uv": [0, 0, 1, 1], "texture": "#0"},
				"up": {"uv": [0, 0, 1, 1], "rotation": 180, "texture": "#0"},
				"down": {"uv": [0.5, 0, 1.5, 1], "rotation": 180, "texture": "#0"}
			}
		},
		{
			"from": [5.5, 26, 5.5],
			"to": [6.5, 28, 6.5],
			"rotation": {"angle": 0, "axis": "y", "origin": [8, 8, 8]},
			"faces": {
				"north": {"uv": [0, 0, 1, 1], "texture": "#0"},
				"west": {"uv": [0, 0, 1, 1], "texture": "#0"},
				"up": {"uv": [0, 0, 1, 1], "rotation": 180, "texture": "#0"},
				"down": {"uv": [0.5, 0, 1.5, 1], "rotation": 180, "texture": "#0"}
			}
		},
		{
			"from": [3.5, 22, 3.5],
			"to": [4.5, 24, 4.5],
			"rotation": {"angle": 0, "axis": "y", "origin": [8, 8, 8]},
			"faces": {
				"north": {"uv": [0, 0, 1, 1], "texture": "#0"},
				"west": {"uv": [0, 0, 1, 1], "texture": "#0"},
				"up": {"uv": [0, 0, 1, 1], "rotation": 180, "texture": "#0"},
				"down": {"uv": [0.5, 0, 1.5, 1], "rotation": 180, "texture": "#0"}
			}
		},
		{
			"from": [6.5, 28, 6.5],
			"to": [7.5, 30, 7.5],
			"rotation": {"angle": 0, "axis": "y", "origin": [8, 8, 8]},
			"faces": {
				"north": {"uv": [0, 0, 1, 1], "texture": "#0"},
				"west": {"uv": [0, 0, 1, 1], "texture": "#0"},
				"up": {"uv": [0, 0, 1, 1], "rotation": 180, "texture": "#0"},
				"down": {"uv": [0.5, 0, 1.5, 1], "rotation": 180, "texture": "#0"}
			}
		},
		{
			"from": [7.5, 30, 7.5],
			"to": [8.5, 32, 8.5],
			"rotation": {"angle": 0, "axis": "y", "origin": [8, 8, 8]},
			"faces": {
				"north": {"uv": [0, 0, 1, 1], "texture": "#0"},
				"east": {"uv": [0, 0, 1, 1], "texture": "#0"},
				"south": {"uv": [0, 0, 1, 1], "texture": "#0"},
				"west": {"uv": [0, 0, 1, 1], "texture": "#0"},
				"up": {"uv": [0, 0, 1, 1], "rotation": 180, "texture": "#0"},
				"down": {"uv": [0.5, 0, 1.5, 1], "rotation": 180, "texture": "#0"}
			}
		},
		{
			"from": [5.5, 26, 9.5],
			"to": [6.5, 28, 10.5],
			"rotation": {"angle": 0, "axis": "y", "origin": [8, 8, 8]},
			"faces": {
				"south": {"uv": [0, 0, 1, 1], "texture": "#0"},
				"west": {"uv": [0, 0, 1, 1], "texture": "#0"},
				"up": {"uv": [0, 0, 1, 1], "rotation": 180, "texture": "#0"},
				"down": {"uv": [0.5, 0, 1.5, 1], "rotation": 180, "texture": "#0"}
			}
		},
		{
			"from": [3.5, 22, 11.5],
			"to": [4.5, 24, 12.5],
			"rotation": {"angle": 0, "axis": "y", "origin": [8, 8, 8]},
			"faces": {
				"south": {"uv": [0, 0, 1, 1], "texture": "#0"},
				"west": {"uv": [0, 0, 1, 1], "texture": "#0"},
				"up": {"uv": [0, 0, 1, 1], "rotation": 180, "texture": "#0"},
				"down": {"uv": [0.5, 0, 1.5, 1], "rotation": 180, "texture": "#0"}
			}
		},
		{
			"from": [6.5, 28, 8.5],
			"to": [7.5, 30, 9.5],
			"rotation": {"angle": 0, "axis": "y", "origin": [8, 8, 8]},
			"faces": {
				"south": {"uv": [0, 0, 1, 1], "texture": "#0"},
				"west": {"uv": [0, 0, 1, 1], "texture": "#0"},
				"up": {"uv": [0, 0, 1, 1], "rotation": 180, "texture": "#0"},
				"down": {"uv": [0.5, 0, 1.5, 1], "rotation": 180, "texture": "#0"}
			}
		},
		{
			"from": [2.5, 20, 12.5],
			"to": [3.5, 22, 13.5],
			"rotation": {"angle": 0, "axis": "y", "origin": [8, 8, 8]},
			"faces": {
				"south": {"uv": [0, 0, 1, 1], "texture": "#0"},
				"west": {"uv": [0, 0, 1, 1], "texture": "#0"},
				"up": {"uv": [0, 0, 1, 1], "rotation": 180, "texture": "#0"},
				"down": {"uv": [0.5, 0, 1.5, 1], "rotation": 180, "texture": "#0"}
			}
		},
		{
			"from": [4.5, 24, 10.5],
			"to": [5.5, 26, 11.5],
			"rotation": {"angle": 0, "axis": "y", "origin": [8, 8, 8]},
			"faces": {
				"south": {"uv": [0, 0, 1, 1], "texture": "#0"},
				"west": {"uv": [0, 0, 1, 1], "texture": "#0"},
				"up": {"uv": [0, 0, 1, 1], "rotation": 180, "texture": "#0"},
				"down": {"uv": [0.5, 0, 1.5, 1], "rotation": 180, "texture": "#0"}
			}
		},
		{
			"from": [1.5, 18, 13.5],
			"to": [2.5, 20, 14.5],
			"rotation": {"angle": 0, "axis": "y", "origin": [8, 8, 8]},
			"faces": {
				"south": {"uv": [0, 0, 1, 1], "texture": "#0"},
				"west": {"uv": [0, 0, 1, 1], "texture": "#0"},
				"up": {"uv": [0, 0, 1, 1], "rotation": 180, "texture": "#0"},
				"down": {"uv": [0.5, 0, 1.5, 1], "rotation": 180, "texture": "#0"}
			}
		},
		{
			"from": [0.5, 16, 14.5],
			"to": [1.5, 18, 15.5],
			"rotation": {"angle": 0, "axis": "y", "origin": [8, 8, 8]},
			"faces": {
				"south": {"uv": [0, 0, 1, 1], "texture": "#0"},
				"west": {"uv": [0, 0, 1, 1], "texture": "#0"},
				"up": {"uv": [0, 0, 1, 1], "rotation": 180, "texture": "#0"},
				"down": {"uv": [0.5, 0, 1.5, 1], "rotation": 180, "texture": "#0"}
			}
		},
		{
			"from": [2.5, 20, 2.5],
			"to": [3.5, 22, 3.5],
			"rotation": {"angle": 0, "axis": "y", "origin": [8, 8, 8]},
			"faces": {
				"north": {"uv": [0, 0, 1, 1], "texture": "#0"},
				"west": {"uv": [0, 0, 1, 1], "texture": "#0"},
				"up": {"uv": [0, 0, 1, 1], "rotation": 180, "texture": "#0"},
				"down": {"uv": [0.5, 0, 1.5, 1], "rotation": 180, "texture": "#0"}
			}
		},
		{
			"from": [4.5, 24, 4.5],
			"to": [5.5, 26, 5.5],
			"rotation": {"angle": 0, "axis": "y", "origin": [8, 8, 8]},
			"faces": {
				"north": {"uv": [0, 0, 1, 1], "texture": "#0"},
				"west": {"uv": [0, 0, 1, 1], "texture": "#0"},
				"up": {"uv": [0, 0, 1, 1], "rotation": 180, "texture": "#0"},
				"down": {"uv": [0.5, 0, 1.5, 1], "rotation": 180, "texture": "#0"}
			}
		},
		{
			"from": [1.5, 18, 1.5],
			"to": [2.5, 20, 2.5],
			"rotation": {"angle": 0, "axis": "y", "origin": [8, 8, 8]},
			"faces": {
				"north": {"uv": [0, 0, 1, 1], "texture": "#0"},
				"west": {"uv": [0, 0, 1, 1], "texture": "#0"},
				"up": {"uv": [0, 0, 1, 1], "rotation": 180, "texture": "#0"},
				"down": {"uv": [0.5, 0, 1.5, 1], "rotation": 180, "texture": "#0"}
			}
		},
		{
			"from": [0.5, 16, 0.5],
			"to": [1.5, 18, 1.5],
			"rotation": {"angle": 0, "axis": "y", "origin": [8, 8, 8]},
			"faces": {
				"north": {"uv": [0, 0, 1, 1], "texture": "#0"},
				"west": {"uv": [0, 0, 1, 1], "texture": "#0"},
				"up": {"uv": [0, 0, 1, 1], "rotation": 180, "texture": "#0"},
				"down": {"uv": [0.5, 0, 1.5, 1], "rotation": 180, "texture": "#0"}
			}
		},
		{
			"from": [10.5, 24, 4.5],
			"to": [11.5, 26, 5.5],
			"rotation": {"angle": 0, "axis": "y", "origin": [8, 8, 8]},
			"faces": {
				"north": {"uv": [0, 0, 1, 1], "texture": "#0"},
				"east": {"uv": [0, 0, 1, 1], "texture": "#0"},
				"up": {"uv": [0, 0, 1, 1], "rotation": 180, "texture": "#0"},
				"down": {"uv": [0.5, 0, 1.5, 1], "rotation": 180, "texture": "#0"}
			}
		},
		{
			"from": [12.5, 20, 2.5],
			"to": [13.5, 22, 3.5],
			"rotation": {"angle": 0, "axis": "y", "origin": [8, 8, 8]},
			"faces": {
				"north": {"uv": [0, 0, 1, 1], "texture": "#0"},
				"east": {"uv": [0, 0, 1, 1], "texture": "#0"},
				"up": {"uv": [0, 0, 1, 1], "rotation": 180, "texture": "#0"},
				"down": {"uv": [0.5, 0, 1.5, 1], "rotation": 180, "texture": "#0"}
			}
		},
		{
			"from": [8.5, 28, 6.5],
			"to": [9.5, 30, 7.5],
			"rotation": {"angle": 0, "axis": "y", "origin": [8, 8, 8]},
			"faces": {
				"north": {"uv": [0, 0, 1, 1], "texture": "#0"},
				"east": {"uv": [0, 0, 1, 1], "texture": "#0"},
				"up": {"uv": [0, 0, 1, 1], "rotation": 180, "texture": "#0"},
				"down": {"uv": [0.5, 0, 1.5, 1], "rotation": 180, "texture": "#0"}
			}
		},
		{
			"from": [11.5, 22, 3.5],
			"to": [12.5, 24, 4.5],
			"rotation": {"angle": 0, "axis": "y", "origin": [8, 8, 8]},
			"faces": {
				"north": {"uv": [0, 0, 1, 1], "texture": "#0"},
				"east": {"uv": [0, 0, 1, 1], "texture": "#0"},
				"up": {"uv": [0, 0, 1, 1], "rotation": 180, "texture": "#0"},
				"down": {"uv": [0.5, 0, 1.5, 1], "rotation": 180, "texture": "#0"}
			}
		},
		{
			"from": [9.5, 26, 5.5],
			"to": [10.5, 28, 6.5],
			"rotation": {"angle": 0, "axis": "y", "origin": [8, 8, 8]},
			"faces": {
				"north": {"uv": [0, 0, 1, 1], "texture": "#0"},
				"east": {"uv": [0, 0, 1, 1], "texture": "#0"},
				"up": {"uv": [0, 0, 1, 1], "rotation": 180, "texture": "#0"},
				"down": {"uv": [0.5, 0, 1.5, 1], "rotation": 180, "texture": "#0"}
			}
		},
		{
			"from": [1.5, 16, 0.5],
			"to": [14.5, 18, 1.5],
			"rotation": {"angle": 0, "axis": "y", "origin": [8, 8, 8]},
			"faces": {
				"north": {"uv": [0, 2, 1, 3], "texture": "#0"},
				"south": {"uv": [0, 7, 1, 8], "texture": "#0"},
				"up": {"uv": [0, 2, 1, 3], "rotation": 180, "texture": "#0"},
				"down": {"uv": [0, 7, 1, 8], "rotation": 180, "texture": "#0"}
			}
		},
		{
			"from": [2.5, 18, 1.5],
			"to": [13.5, 20, 2.5],
			"rotation": {"angle": 0, "axis": "y", "origin": [8, 8, 8]},
			"faces": {
				"north": {"uv": [0, 3, 1, 4], "texture": "#0"},
				"south": {"uv": [0, 7, 1, 8], "texture": "#0"},
				"up": {"uv": [0, 3, 1, 4], "rotation": 180, "texture": "#0"},
				"down": {"uv": [0, 7, 1, 8], "rotation": 180, "texture": "#0"}
			}
		},
		{
			"from": [2.5, 18, 13.5],
			"to": [13.5, 20, 14.5],
			"rotation": {"angle": 0, "axis": "y", "origin": [8, 8, 8]},
			"faces": {
				"north": {"uv": [0, 7, 1, 8], "texture": "#0"},
				"south": {"uv": [0, 3, 1, 4], "texture": "#0"},
				"up": {"uv": [0, 3, 1, 4], "rotation": 180, "texture": "#0"},
				"down": {"uv": [0, 7, 1, 8], "rotation": 180, "texture": "#0"}
			}
		},
		{
			"from": [14.5, 16, 1.5],
			"to": [15.5, 18, 14.5],
			"rotation": {"angle": 0, "axis": "y", "origin": [8, 8, 8]},
			"faces": {
				"east": {"uv": [0, 2, 1, 3], "texture": "#0"},
				"west": {"uv": [0, 7, 1, 8], "texture": "#0"},
				"up": {"uv": [0, 2, 1, 3], "rotation": 180, "texture": "#0"},
				"down": {"uv": [0, 7, 1, 8], "rotation": 180, "texture": "#0"}
			}
		},
		{
			"from": [0.5, 16, 1.5],
			"to": [1.5, 18, 14.5],
			"rotation": {"angle": 0, "axis": "y", "origin": [8, 8, 8]},
			"faces": {
				"east": {"uv": [0, 7, 1, 8], "texture": "#0"},
				"west": {"uv": [0, 2, 1, 3], "texture": "#0"},
				"up": {"uv": [0, 2, 1, 3], "rotation": 180, "texture": "#0"},
				"down": {"uv": [0, 7, 1, 8], "rotation": 180, "texture": "#0"}
			}
		},
		{
			"from": [1.5, 18, 2.5],
			"to": [2.5, 20, 13.5],
			"rotation": {"angle": 0, "axis": "y", "origin": [8, 8, 8]},
			"faces": {
				"east": {"uv": [0, 7, 1, 8], "texture": "#0"},
				"west": {"uv": [0, 3, 1, 4], "texture": "#0"},
				"up": {"uv": [0, 3, 1, 4], "rotation": 180, "texture": "#0"},
				"down": {"uv": [0, 7, 1, 8], "rotation": 180, "texture": "#0"}
			}
		},
		{
			"from": [13.5, 18, 2.5],
			"to": [14.5, 20, 13.5],
			"rotation": {"angle": 0, "axis": "y", "origin": [8, 8, 8]},
			"faces": {
				"east": {"uv": [0, 3, 1, 4], "texture": "#0"},
				"west": {"uv": [0, 7, 1, 8], "texture": "#0"},
				"up": {"uv": [0, 3, 1, 4], "rotation": 180, "texture": "#0"},
				"down": {"uv": [0, 7, 1, 8], "rotation": 180, "texture": "#0"}
			}
		},
		{
			"from": [1.5, 16, 14.5],
			"to": [14.5, 18, 15.5],
			"rotation": {"angle": 0, "axis": "y", "origin": [8, 8, 8]},
			"faces": {
				"north": {"uv": [0, 7, 1, 8], "texture": "#0"},
				"south": {"uv": [0, 2, 1, 3], "texture": "#0"},
				"up": {"uv": [0, 2, 1, 3], "rotation": 180, "texture": "#0"},
				"down": {"uv": [0, 7, 1, 8], "rotation": 180, "texture": "#0"}
			}
		},
		{
			"from": [12.5, 20, 3.5],
			"to": [13.5, 22, 12.5],
			"rotation": {"angle": 0, "axis": "y", "origin": [8, 8, 8]},
			"faces": {
				"east": {"uv": [0, 4, 1, 5], "texture": "#0"},
				"west": {"uv": [0, 7, 1, 8], "texture": "#0"},
				"up": {"uv": [0, 4, 1, 5], "rotation": 180, "texture": "#0"},
				"down": {"uv": [0, 7, 1, 8], "rotation": 180, "texture": "#0"}
			}
		},
		{
			"from": [2.5, 20, 3.5],
			"to": [3.5, 22, 12.5],
			"rotation": {"angle": 0, "axis": "y", "origin": [8, 8, 8]},
			"faces": {
				"east": {"uv": [0, 7, 1, 8], "texture": "#0"},
				"west": {"uv": [0, 4, 1, 5], "texture": "#0"},
				"up": {"uv": [0, 4, 1, 5], "rotation": 180, "texture": "#0"},
				"down": {"uv": [0, 7, 1, 8], "rotation": 180, "texture": "#0"}
			}
		},
		{
			"from": [3.5, 20, 12.5],
			"to": [12.5, 22, 13.5],
			"rotation": {"angle": 0, "axis": "y", "origin": [8, 8, 8]},
			"faces": {
				"north": {"uv": [0, 7, 1, 8], "texture": "#0"},
				"south": {"uv": [0, 4, 1, 5], "texture": "#0"},
				"up": {"uv": [0, 4, 1, 5], "rotation": 180, "texture": "#0"},
				"down": {"uv": [0, 7, 1, 8], "rotation": 180, "texture": "#0"}
			}
		},
		{
			"from": [3.5, 20, 2.5],
			"to": [12.5, 22, 3.5],
			"rotation": {"angle": 0, "axis": "y", "origin": [8, 8, 8]},
			"faces": {
				"north": {"uv": [0, 4, 1, 5], "texture": "#0"},
				"south": {"uv": [0, 7, 1, 8], "texture": "#0"},
				"up": {"uv": [0, 4, 1, 5], "rotation": 180, "texture": "#0"},
				"down": {"uv": [0, 7, 1, 8], "rotation": 180, "texture": "#0"}
			}
		},
		{
			"from": [4.5, 22, 3.5],
			"to": [11.5, 24, 4.5],
			"rotation": {"angle": 0, "axis": "y", "origin": [8, 8, 8]},
			"faces": {
				"north": {"uv": [0, 5, 1, 6], "texture": "#0"},
				"south": {"uv": [0, 7, 1, 8], "texture": "#0"},
				"up": {"uv": [0, 5, 1, 6], "rotation": 180, "texture": "#0"},
				"down": {"uv": [0, 7, 1, 8], "rotation": 180, "texture": "#0"}
			}
		},
		{
			"from": [5.5, 24, 4.5],
			"to": [10.5, 26, 5.5],
			"rotation": {"angle": 0, "axis": "y", "origin": [8, 8, 8]},
			"faces": {
				"north": {"uv": [0, 6, 1, 7], "texture": "#0"},
				"south": {"uv": [0, 7, 1, 8], "texture": "#0"},
				"up": {"uv": [0, 6, 1, 7], "rotation": 180, "texture": "#0"},
				"down": {"uv": [0, 7, 1, 8], "rotation": 180, "texture": "#0"}
			}
		},
		{
			"from": [5.5, 24, 10.5],
			"to": [10.5, 26, 11.5],
			"rotation": {"angle": 0, "axis": "y", "origin": [8, 8, 8]},
			"faces": {
				"north": {"uv": [0, 7, 1, 8], "texture": "#0"},
				"south": {"uv": [0, 6, 1, 7], "texture": "#0"},
				"up": {"uv": [0, 6, 1, 7], "rotation": 180, "texture": "#0"},
				"down": {"uv": [0, 7, 1, 8], "rotation": 180, "texture": "#0"}
			}
		},
		{
			"from": [6.5, 26, 5.5],
			"to": [9.5, 28, 6.5],
			"rotation": {"angle": 0, "axis": "y", "origin": [8, 8, 8]},
			"faces": {
				"north": {"uv": [0, 7, 1, 8], "texture": "#0"},
				"south": {"uv": [0, 7, 1, 8], "texture": "#0"},
				"up": {"uv": [0, 6, 1, 7], "rotation": 180, "texture": "#0"},
				"down": {"uv": [0, 7, 1, 8], "rotation": 180, "texture": "#0"}
			}
		},
		{
			"from": [6.5, 26, 9.5],
			"to": [9.5, 28, 10.5],
			"rotation": {"angle": 0, "axis": "y", "origin": [8, 8, 8]},
			"faces": {
				"north": {"uv": [0, 7, 1, 8], "texture": "#0"},
				"south": {"uv": [0, 7, 1, 8], "texture": "#0"},
				"up": {"uv": [0, 7, 1, 8], "rotation": 180, "texture": "#0"},
				"down": {"uv": [0, 7, 1, 8], "rotation": 180, "texture": "#0"}
			}
		},
		{
			"from": [7.5, 28, 6.5],
			"to": [8.5, 30, 7.5],
			"rotation": {"angle": 0, "axis": "y", "origin": [8, 8, 8]},
			"faces": {
				"north": {"uv": [0, 7, 1, 8], "texture": "#0"},
				"south": {"uv": [0, 7, 1, 8], "texture": "#0"},
				"up": {"uv": [0, 7, 1, 8], "rotation": 180, "texture": "#0"},
				"down": {"uv": [0, 7, 1, 8], "rotation": 180, "texture": "#0"}
			}
		},
		{
			"from": [7.5, 28, 8.5],
			"to": [8.5, 30, 9.5],
			"rotation": {"angle": 0, "axis": "y", "origin": [8, 8, 8]},
			"faces": {
				"north": {"uv": [0, 7, 1, 8], "texture": "#0"},
				"south": {"uv": [0, 7, 1, 8], "texture": "#0"},
				"up": {"uv": [0, 7, 1, 8], "rotation": 180, "texture": "#0"},
				"down": {"uv": [0, 7, 1, 8], "rotation": 180, "texture": "#0"}
			}
		},
		{
			"from": [4.5, 22, 11.5],
			"to": [11.5, 24, 12.5],
			"rotation": {"angle": 0, "axis": "y", "origin": [8, 8, 8]},
			"faces": {
				"north": {"uv": [0, 7, 1, 8], "texture": "#0"},
				"south": {"uv": [0, 5, 1, 6], "texture": "#0"},
				"up": {"uv": [0, 5, 1, 6], "rotation": 180, "texture": "#0"},
				"down": {"uv": [0, 7, 1, 8], "rotation": 180, "texture": "#0"}
			}
		},
		{
			"from": [11.5, 22, 4.5],
			"to": [12.5, 24, 11.5],
			"rotation": {"angle": 0, "axis": "y", "origin": [8, 8, 8]},
			"faces": {
				"east": {"uv": [0, 5, 1, 6], "texture": "#0"},
				"west": {"uv": [0, 7, 1, 8], "texture": "#0"},
				"up": {"uv": [0, 5, 1, 6], "rotation": 180, "texture": "#0"},
				"down": {"uv": [0, 7, 1, 8], "rotation": 180, "texture": "#0"}
			}
		},
		{
			"from": [3.5, 22, 4.5],
			"to": [4.5, 24, 11.5],
			"rotation": {"angle": 0, "axis": "y", "origin": [8, 8, 8]},
			"faces": {
				"east": {"uv": [0, 7, 1, 8], "texture": "#0"},
				"west": {"uv": [0, 5, 1, 6], "texture": "#0"},
				"up": {"uv": [0, 5, 1, 6], "rotation": 180, "texture": "#0"},
				"down": {"uv": [0, 7, 1, 8], "rotation": 180, "texture": "#0"}
			}
		},
		{
			"from": [4.5, 24, 5.5],
			"to": [5.5, 26, 10.5],
			"rotation": {"angle": 0, "axis": "y", "origin": [8, 8, 8]},
			"faces": {
				"east": {"uv": [0, 7, 1, 8], "texture": "#0"},
				"west": {"uv": [0, 6, 1, 7], "texture": "#0"},
				"up": {"uv": [0, 6, 1, 7], "rotation": 180, "texture": "#0"},
				"down": {"uv": [0, 7, 1, 8], "rotation": 180, "texture": "#0"}
			}
		},
		{
			"from": [5.5, 26, 6.5],
			"to": [6.5, 28, 9.5],
			"rotation": {"angle": 0, "axis": "y", "origin": [8, 8, 8]},
			"faces": {
				"east": {"uv": [0, 7, 1, 8], "texture": "#0"},
				"west": {"uv": [0, 7, 1, 8], "texture": "#0"},
				"up": {"uv": [0, 7, 1, 8], "rotation": 180, "texture": "#0"},
				"down": {"uv": [0, 7, 1, 8], "rotation": 180, "texture": "#0"}
			}
		},
		{
			"from": [9.5, 26, 6.5],
			"to": [10.5, 28, 9.5],
			"rotation": {"angle": 0, "axis": "y", "origin": [8, 8, 8]},
			"faces": {
				"east": {"uv": [0, 7, 1, 8], "texture": "#0"},
				"west": {"uv": [0, 7, 1, 8], "texture": "#0"},
				"up": {"uv": [0, 7, 1, 8], "rotation": 180, "texture": "#0"},
				"down": {"uv": [0, 7, 1, 8], "rotation": 180, "texture": "#0"}
			}
		},
		{
			"from": [8.5, 28, 7.5],
			"to": [9.5, 30, 8.5],
			"rotation": {"angle": 0, "axis": "y", "origin": [8, 8, 8]},
			"faces": {
				"east": {"uv": [0, 7, 1, 8], "texture": "#0"},
				"west": {"uv": [0, 7, 1, 8], "texture": "#0"},
				"up": {"uv": [0, 7, 1, 8], "rotation": 180, "texture": "#0"},
				"down": {"uv": [0, 7, 1, 8], "rotation": 180, "texture": "#0"}
			}
		},
		{
			"from": [6.5, 28, 7.5],
			"to": [7.5, 30, 8.5],
			"rotation": {"angle": 0, "axis": "y", "origin": [8, 8, 8]},
			"faces": {
				"east": {"uv": [0, 7, 1, 8], "texture": "#0"},
				"west": {"uv": [0, 7, 1, 8], "texture": "#0"},
				"up": {"uv": [0, 7, 1, 8], "rotation": 180, "texture": "#0"},
				"down": {"uv": [0, 7, 1, 8], "rotation": 180, "texture": "#0"}
			}
		},
		{
			"from": [10.5, 24, 5.5],
			"to": [11.5, 26, 10.5],
			"rotation": {"angle": 0, "axis": "y", "origin": [8, 8, 8]},
			"faces": {
				"east": {"uv": [0, 6, 1, 7], "texture": "#0"},
				"west": {"uv": [0, 7, 1, 8], "texture": "#0"},
				"up": {"uv": [0, 6, 1, 7], "rotation": 180, "texture": "#0"},
				"down": {"uv": [0, 7, 1, 8], "rotation": 180, "texture": "#0"}
			}
		},
		{
			"from": [7.5, -6, -4.6],
			"to": [8.5, -1, -2.6],
			"rotation": {"angle": -45, "axis": "y", "origin": [8, 8, 8]},
			"faces": {
				"north": {"uv": [15.5, 15.5, 16, 16], "texture": "#2"},
				"east": {"uv": [15.5, 15.5, 16, 16], "texture": "#2"},
				"south": {"uv": [15.5, 15.5, 16, 16], "texture": "#2"},
				"west": {"uv": [15.5, 15.5, 16, 16], "texture": "#2"},
				"up": {"uv": [15.5, 15.5, 16, 16], "rotation": 90, "texture": "#2"},
				"down": {"uv": [15.5, 15.5, 16, 16], "rotation": 270, "texture": "#2"}
			}
		},
		{
			"from": [7.5, -7, -4.68497],
			"to": [8.5, -6, -3.68497],
			"rotation": {"angle": -45, "axis": "y", "origin": [8, 8, 8]},
			"faces": {
				"east": {"uv": [15.5, 15.5, 16, 16], "texture": "#2"},
				"south": {"uv": [15.5, 15.5, 16, 16], "texture": "#2"},
				"west": {"uv": [15.5, 15.5, 16, 16], "texture": "#2"},
				"down": {"uv": [15.5, 15.5, 16, 16], "rotation": 270, "texture": "#2"}
			}
		},
		{
			"from": [7.5, -8, -6.6],
			"to": [8.5, -3, -5.6],
			"rotation": {"angle": -45, "axis": "y", "origin": [8, 8, 8]},
			"faces": {
				"north": {"uv": [15.5, 15.5, 16, 16], "texture": "#2"},
				"east": {"uv": [15.5, 15.5, 16, 16], "texture": "#2"},
				"west": {"uv": [15.5, 15.5, 16, 16], "texture": "#2"},
				"up": {"uv": [15.5, 15.5, 16, 16], "rotation": 90, "texture": "#2"}
			}
		},
		{
			"from": [7.5, -8, -5.6],
			"to": [8.5, -7, -4.6],
			"rotation": {"angle": -45, "axis": "y", "origin": [8, 8, 8]},
			"faces": {
				"east": {"uv": [15.5, 15.5, 16, 16], "texture": "#2"},
				"south": {"uv": [15.5, 15.5, 16, 16], "texture": "#2"},
				"west": {"uv": [15.5, 15.5, 16, 16], "texture": "#2"},
				"down": {"uv": [15.5, 15.5, 16, 16], "rotation": 270, "texture": "#2"}
			}
		},
		{
			"from": [7.5, -12, -8.6],
			"to": [8.5, -11, -7.6],
			"rotation": {"angle": -45, "axis": "y", "origin": [8, 8, 8]},
			"faces": {
				"east": {"uv": [15.5, 15.5, 16, 16], "texture": "#2"},
				"south": {"uv": [15.5, 15.5, 16, 16], "texture": "#2"},
				"west": {"uv": [15.5, 15.5, 16, 16], "texture": "#2"},
				"down": {"uv": [15.5, 15.5, 16, 16], "rotation": 270, "texture": "#2"}
			}
		},
		{
			"from": [7.5, -6, -7.6],
			"to": [8.5, -5, -6.6],
			"rotation": {"angle": -45, "axis": "y", "origin": [8, 8, 8]},
			"faces": {
				"north": {"uv": [15.5, 15.5, 16, 16], "texture": "#2"},
				"east": {"uv": [15.5, 15.5, 16, 16], "texture": "#2"},
				"west": {"uv": [15.5, 15.5, 16, 16], "texture": "#2"},
				"up": {"uv": [15.5, 15.5, 16, 16], "rotation": 90, "texture": "#2"}
			}
		},
		{
			"from": [7.5, -11, -8.6],
			"to": [8.5, -6, -6.6],
			"rotation": {"angle": -45, "axis": "y", "origin": [8, 8, 8]},
			"faces": {
				"north": {"uv": [15.5, 15.5, 16, 16], "texture": "#2"},
				"east": {"uv": [15.5, 15.5, 16, 16], "texture": "#2"},
				"south": {"uv": [15.5, 15.5, 16, 16], "texture": "#2"},
				"west": {"uv": [15.5, 15.5, 16, 16], "texture": "#2"},
				"up": {"uv": [15.5, 15.5, 16, 16], "rotation": 90, "texture": "#2"},
				"down": {"uv": [15.5, 15.5, 16, 16], "rotation": 270, "texture": "#2"}
			}
		},
		{
			"from": [7.5, -10, -6.6],
			"to": [8.5, -8, -5.6],
			"rotation": {"angle": -45, "axis": "y", "origin": [8, 8, 8]},
			"faces": {
				"east": {"uv": [15.5, 15.5, 16, 16], "texture": "#2"},
				"south": {"uv": [15.5, 15.5, 16, 16], "texture": "#2"},
				"west": {"uv": [15.5, 15.5, 16, 16], "texture": "#2"},
				"down": {"uv": [15.5, 15.5, 16, 16], "rotation": 270, "texture": "#2"}
			}
		},
		{
			"from": [7.5, -7, -5.6],
			"to": [8.5, -2, -4.6],
			"rotation": {"angle": -45, "axis": "y", "origin": [8, 8, 8]},
			"faces": {
				"north": {"uv": [15.5, 15.5, 16, 16], "texture": "#2"},
				"east": {"uv": [15.5, 15.5, 16, 16], "texture": "#2"},
				"west": {"uv": [15.5, 15.5, 16, 16], "texture": "#2"},
				"up": {"uv": [15.5, 15.5, 16, 16], "rotation": 90, "texture": "#2"}
			}
		},
		{
			"from": [7.5, -16, -9.3],
			"to": [8.5, -3, -8.55],
			"rotation": {"angle": -45, "axis": "y", "origin": [8, 8, 8]},
			"faces": {
				"north": {"uv": [15.5, 15.5, 16, 16], "texture": "#2"},
				"east": {"uv": [15.5, 15.5, 16, 16], "texture": "#2"},
				"south": {"uv": [15.5, 15.5, 16, 16], "texture": "#2"},
				"west": {"uv": [15.5, 15.5, 16, 16], "texture": "#2"},
				"up": {"uv": [15.5, 15.5, 16, 16], "rotation": 90, "texture": "#2"},
				"down": {"uv": [15.5, 15.5, 16, 16], "rotation": 270, "texture": "#2"}
			}
		},
		{
			"from": [-4.6, -6, 7.5],
			"to": [-2.6, -1, 8.5],
			"rotation": {"angle": -45, "axis": "y", "origin": [8, 8, 8]},
			"faces": {
				"north": {"uv": [15.5, 15.5, 16, 16], "texture": "#2"},
				"east": {"uv": [15.5, 15.5, 16, 16], "texture": "#2"},
				"south": {"uv": [15.5, 15.5, 16, 16], "texture": "#2"},
				"west": {"uv": [15.5, 15.5, 16, 16], "texture": "#2"},
				"up": {"uv": [15.5, 15.5, 16, 16], "rotation": 90, "texture": "#2"},
				"down": {"uv": [15.5, 15.5, 16, 16], "rotation": 270, "texture": "#2"}
			}
		},
		{
			"from": [-4.6, -7, 7.5],
			"to": [-3.6, -6, 8.5],
			"rotation": {"angle": -45, "axis": "y", "origin": [8, 8, 8]},
			"faces": {
				"north": {"uv": [15.5, 15.5, 16, 16], "texture": "#2"},
				"east": {"uv": [15.5, 15.5, 16, 16], "texture": "#2"},
				"south": {"uv": [15.5, 15.5, 16, 16], "texture": "#2"},
				"down": {"uv": [15.5, 15.5, 16, 16], "rotation": 270, "texture": "#2"}
			}
		},
		{
			"from": [-6.6, -8, 7.5],
			"to": [-5.6, -3, 8.5],
			"rotation": {"angle": -45, "axis": "y", "origin": [8, 8, 8]},
			"faces": {
				"north": {"uv": [15.5, 15.5, 16, 16], "texture": "#2"},
				"south": {"uv": [15.5, 15.5, 16, 16], "texture": "#2"},
				"west": {"uv": [15.5, 15.5, 16, 16], "texture": "#2"},
				"up": {"uv": [15.5, 15.5, 16, 16], "rotation": 90, "texture": "#2"}
			}
		},
		{
			"from": [-5.6, -8, 7.5],
			"to": [-4.6, -7, 8.5],
			"rotation": {"angle": -45, "axis": "y", "origin": [8, 8, 8]},
			"faces": {
				"north": {"uv": [15.5, 15.5, 16, 16], "texture": "#2"},
				"east": {"uv": [15.5, 15.5, 16, 16], "texture": "#2"},
				"south": {"uv": [15.5, 15.5, 16, 16], "texture": "#2"},
				"down": {"uv": [15.5, 15.5, 16, 16], "rotation": 270, "texture": "#2"}
			}
		},
		{
			"from": [-8.6, -12, 7.5],
			"to": [-7.6, -11, 8.5],
			"rotation": {"angle": -45, "axis": "y", "origin": [8, 8, 8]},
			"faces": {
				"north": {"uv": [15.5, 15.5, 16, 16], "texture": "#2"},
				"east": {"uv": [15.5, 15.5, 16, 16], "texture": "#2"},
				"south": {"uv": [15.5, 15.5, 16, 16], "texture": "#2"},
				"down": {"uv": [15.5, 15.5, 16, 16], "rotation": 270, "texture": "#2"}
			}
		},
		{
			"from": [-7.6, -6, 7.5],
			"to": [-6.6, -5, 8.5],
			"rotation": {"angle": -45, "axis": "y", "origin": [8, 8, 8]},
			"faces": {
				"north": {"uv": [15.5, 15.5, 16, 16], "texture": "#2"},
				"south": {"uv": [15.5, 15.5, 16, 16], "texture": "#2"},
				"west": {"uv": [15.5, 15.5, 16, 16], "texture": "#2"},
				"up": {"uv": [15.5, 15.5, 16, 16], "rotation": 90, "texture": "#2"}
			}
		},
		{
			"from": [-8.6, -11, 7.5],
			"to": [-6.6, -6, 8.5],
			"rotation": {"angle": -45, "axis": "y", "origin": [8, 8, 8]},
			"faces": {
				"north": {"uv": [15.5, 15.5, 16, 16], "texture": "#2"},
				"east": {"uv": [15.5, 15.5, 16, 16], "texture": "#2"},
				"south": {"uv": [15.5, 15.5, 16, 16], "texture": "#2"},
				"up": {"uv": [15.5, 15.5, 16, 16], "rotation": 90, "texture": "#2"},
				"down": {"uv": [15.5, 15.5, 16, 16], "rotation": 270, "texture": "#2"}
			}
		},
		{
			"from": [-6.6, -10, 7.5],
			"to": [-5.6, -8, 8.5],
			"rotation": {"angle": -45, "axis": "y", "origin": [8, 8, 8]},
			"faces": {
				"north": {"uv": [15.5, 15.5, 16, 16], "texture": "#2"},
				"east": {"uv": [15.5, 15.5, 16, 16], "texture": "#2"},
				"south": {"uv": [15.5, 15.5, 16, 16], "texture": "#2"},
				"down": {"uv": [15.5, 15.5, 16, 16], "rotation": 270, "texture": "#2"}
			}
		},
		{
			"from": [-5.6, -7, 7.5],
			"to": [-4.6, -2, 8.5],
			"rotation": {"angle": -45, "axis": "y", "origin": [8, 8, 8]},
			"faces": {
				"north": {"uv": [15.5, 15.5, 16, 16], "texture": "#2"},
				"south": {"uv": [15.5, 15.5, 16, 16], "texture": "#2"},
				"west": {"uv": [15.5, 15.5, 16, 16], "texture": "#2"},
				"up": {"uv": [15.5, 15.5, 16, 16], "rotation": 90, "texture": "#2"}
			}
		},
		{
			"from": [-9.35, -16, 7.5],
			"to": [-8.6, -3, 8.5],
			"rotation": {"angle": -45, "axis": "y", "origin": [8, 8, 8]},
			"faces": {
				"north": {"uv": [15.5, 15.5, 16, 16], "texture": "#2"},
				"east": {"uv": [15.5, 15.5, 16, 16], "texture": "#2"},
				"south": {"uv": [15.5, 15.5, 16, 16], "texture": "#2"},
				"west": {"uv": [15.5, 15.5, 16, 16], "texture": "#2"},
				"up": {"uv": [15.5, 15.5, 16, 16], "rotation": 90, "texture": "#2"},
				"down": {"uv": [15.5, 15.5, 16, 16], "rotation": 270, "texture": "#2"}
			}
		},
		{
			"from": [7.5, -6, 18.6],
			"to": [8.5, -1, 20.6],
			"rotation": {"angle": -45, "axis": "y", "origin": [8, 8, 8]},
			"faces": {
				"north": {"uv": [15.5, 15.5, 16, 16], "texture": "#2"},
				"east": {"uv": [15.5, 15.5, 16, 16], "texture": "#2"},
				"south": {"uv": [15.5, 15.5, 16, 16], "texture": "#2"},
				"west": {"uv": [15.5, 15.5, 16, 16], "texture": "#2"},
				"up": {"uv": [15.5, 15.5, 16, 16], "rotation": 90, "texture": "#2"},
				"down": {"uv": [15.5, 15.5, 16, 16], "rotation": 270, "texture": "#2"}
			}
		},
		{
			"from": [7.5, -7, 19.6],
			"to": [8.5, -6, 20.6],
			"rotation": {"angle": -45, "axis": "y", "origin": [8, 8, 8]},
			"faces": {
				"north": {"uv": [15.5, 15.5, 16, 16], "texture": "#2"},
				"east": {"uv": [15.5, 15.5, 16, 16], "texture": "#2"},
				"west": {"uv": [15.5, 15.5, 16, 16], "texture": "#2"},
				"down": {"uv": [15.5, 15.5, 16, 16], "rotation": 270, "texture": "#2"}
			}
		},
		{
			"from": [7.5, -8, 21.6],
			"to": [8.5, -3, 22.6],
			"rotation": {"angle": -45, "axis": "y", "origin": [8, 8, 8]},
			"faces": {
				"east": {"uv": [15.5, 15.5, 16, 16], "texture": "#2"},
				"south": {"uv": [15.5, 15.5, 16, 16], "texture": "#2"},
				"west": {"uv": [15.5, 15.5, 16, 16], "texture": "#2"},
				"up": {"uv": [15.5, 15.5, 16, 16], "rotation": 90, "texture": "#2"}
			}
		},
		{
			"from": [7.5, -8, 20.6],
			"to": [8.5, -7, 21.6],
			"rotation": {"angle": -45, "axis": "y", "origin": [8, 8, 8]},
			"faces": {
				"north": {"uv": [15.5, 15.5, 16, 16], "texture": "#2"},
				"east": {"uv": [15.5, 15.5, 16, 16], "texture": "#2"},
				"west": {"uv": [15.5, 15.5, 16, 16], "texture": "#2"},
				"down": {"uv": [15.5, 15.5, 16, 16], "rotation": 270, "texture": "#2"}
			}
		},
		{
			"from": [7.5, -12, 23.6],
			"to": [8.5, -11, 24.6],
			"rotation": {"angle": -45, "axis": "y", "origin": [8, 8, 8]},
			"faces": {
				"north": {"uv": [15.5, 15.5, 16, 16], "texture": "#2"},
				"east": {"uv": [15.5, 15.5, 16, 16], "texture": "#2"},
				"west": {"uv": [15.5, 15.5, 16, 16], "texture": "#2"},
				"down": {"uv": [15.5, 15.5, 16, 16], "rotation": 270, "texture": "#2"}
			}
		},
		{
			"from": [7.5, -6, 22.6],
			"to": [8.5, -5, 23.6],
			"rotation": {"angle": -45, "axis": "y", "origin": [8, 8, 8]},
			"faces": {
				"east": {"uv": [15.5, 15.5, 16, 16], "texture": "#2"},
				"south": {"uv": [15.5, 15.5, 16, 16], "texture": "#2"},
				"west": {"uv": [15.5, 15.5, 16, 16], "texture": "#2"},
				"up": {"uv": [15.5, 15.5, 16, 16], "rotation": 90, "texture": "#2"}
			}
		},
		{
			"from": [7.5, -11, 22.6],
			"to": [8.5, -6, 24.6],
			"rotation": {"angle": -45, "axis": "y", "origin": [8, 8, 8]},
			"faces": {
				"north": {"uv": [15.5, 15.5, 16, 16], "texture": "#2"},
				"east": {"uv": [15.5, 15.5, 16, 16], "texture": "#2"},
				"west": {"uv": [15.5, 15.5, 16, 16], "texture": "#2"},
				"up": {"uv": [15.5, 15.5, 16, 16], "rotation": 90, "texture": "#2"},
				"down": {"uv": [15.5, 15.5, 16, 16], "rotation": 270, "texture": "#2"}
			}
		},
		{
			"from": [7.5, -10, 21.6],
			"to": [8.5, -8, 22.6],
			"rotation": {"angle": -45, "axis": "y", "origin": [8, 8, 8]},
			"faces": {
				"north": {"uv": [15.5, 15.5, 16, 16], "texture": "#2"},
				"east": {"uv": [15.5, 15.5, 16, 16], "texture": "#2"},
				"west": {"uv": [15.5, 15.5, 16, 16], "texture": "#2"},
				"down": {"uv": [15.5, 15.5, 16, 16], "rotation": 270, "texture": "#2"}
			}
		},
		{
			"from": [7.5, -7, 20.6],
			"to": [8.5, -2, 21.6],
			"rotation": {"angle": -45, "axis": "y", "origin": [8, 8, 8]},
			"faces": {
				"east": {"uv": [15.5, 15.5, 16, 16], "texture": "#2"},
				"south": {"uv": [15.5, 15.5, 16, 16], "texture": "#2"},
				"west": {"uv": [15.5, 15.5, 16, 16], "texture": "#2"},
				"up": {"uv": [15.5, 15.5, 16, 16], "rotation": 90, "texture": "#2"}
			}
		},
		{
			"from": [7.5, -16, 24.6],
			"to": [8.5, -3, 25.35],
			"rotation": {"angle": -45, "axis": "y", "origin": [8, 8, 8]},
			"faces": {
				"north": {"uv": [15.5, 15.5, 16, 16], "texture": "#2"},
				"east": {"uv": [15.5, 15.5, 16, 16], "texture": "#2"},
				"south": {"uv": [15.5, 15.5, 16, 16], "texture": "#2"},
				"west": {"uv": [15.5, 15.5, 16, 16], "texture": "#2"},
				"up": {"uv": [15.5, 15.5, 16, 16], "rotation": 90, "texture": "#2"},
				"down": {"uv": [15.5, 15.5, 16, 16], "rotation": 270, "texture": "#2"}
			}
		},
		{
			"from": [18.6, -6, 7.5],
			"to": [20.6, -1, 8.5],
			"rotation": {"angle": -45, "axis": "y", "origin": [8, 8, 8]},
			"faces": {
				"north": {"uv": [15.5, 15.5, 16, 16], "texture": "#2"},
				"east": {"uv": [15.5, 15.5, 16, 16], "texture": "#2"},
				"south": {"uv": [15.5, 15.5, 16, 16], "texture": "#2"},
				"west": {"uv": [15.5, 15.5, 16, 16], "texture": "#2"},
				"up": {"uv": [15.5, 15.5, 16, 16], "rotation": 180, "texture": "#2"},
				"down": {"uv": [15.5, 15.5, 16, 16], "rotation": 180, "texture": "#2"}
			}
		},
		{
			"from": [19.7, -7, 7.5],
			"to": [20.7, -6, 8.5],
			"rotation": {"angle": -45, "axis": "y", "origin": [8, 8, 8]},
			"faces": {
				"north": {"uv": [15.5, 15.5, 16, 16], "texture": "#2"},
				"east": {"uv": [15.5, 15.5, 16, 16], "texture": "#2"},
				"south": {"uv": [15.5, 15.5, 16, 16], "texture": "#2"},
				"west": {"uv": [15.5, 15.5, 16, 16], "texture": "#2"},
				"up": {"uv": [15.5, 15.5, 16, 16], "rotation": 180, "texture": "#2"},
				"down": {"uv": [15.5, 15.5, 16, 16], "rotation": 180, "texture": "#2"}
			}
		},
		{
			"from": [21.6, -8, 7.5],
			"to": [22.6, -3, 8.5],
			"rotation": {"angle": -45, "axis": "y", "origin": [8, 8, 8]},
			"faces": {
				"north": {"uv": [15.5, 15.5, 16, 16], "texture": "#2"},
				"east": {"uv": [15.5, 15.5, 16, 16], "texture": "#2"},
				"south": {"uv": [15.5, 15.5, 16, 16], "texture": "#2"},
				"west": {"uv": [15.5, 15.5, 16, 16], "texture": "#2"},
				"up": {"uv": [15.5, 15.5, 16, 16], "rotation": 180, "texture": "#2"},
				"down": {"uv": [15.5, 15.5, 16, 16], "rotation": 180, "texture": "#2"}
			}
		},
		{
			"from": [20.6, -8, 7.5],
			"to": [21.6, -7, 8.5],
			"rotation": {"angle": -45, "axis": "y", "origin": [8, 8, 8]},
			"faces": {
				"north": {"uv": [15.5, 15.5, 16, 16], "texture": "#2"},
				"east": {"uv": [15.5, 15.5, 16, 16], "texture": "#2"},
				"south": {"uv": [15.5, 15.5, 16, 16], "texture": "#2"},
				"west": {"uv": [15.5, 15.5, 16, 16], "texture": "#2"},
				"up": {"uv": [15.5, 15.5, 16, 16], "rotation": 180, "texture": "#2"},
				"down": {"uv": [15.5, 15.5, 16, 16], "rotation": 180, "texture": "#2"}
			}
		},
		{
			"from": [23.6, -12, 7.5],
			"to": [24.6, -11, 8.5],
			"rotation": {"angle": -45, "axis": "y", "origin": [8, 8, 8]},
			"faces": {
				"north": {"uv": [15.5, 15.5, 16, 16], "texture": "#2"},
				"east": {"uv": [15.5, 15.5, 16, 16], "texture": "#2"},
				"south": {"uv": [15.5, 15.5, 16, 16], "texture": "#2"},
				"west": {"uv": [15.5, 15.5, 16, 16], "texture": "#2"},
				"up": {"uv": [15.5, 15.5, 16, 16], "rotation": 180, "texture": "#2"},
				"down": {"uv": [15.5, 15.5, 16, 16], "rotation": 180, "texture": "#2"}
			}
		},
		{
			"from": [22.6, -6, 7.5],
			"to": [23.6, -5, 8.5],
			"rotation": {"angle": -45, "axis": "y", "origin": [8, 8, 8]},
			"faces": {
				"north": {"uv": [15.5, 15.5, 16, 16], "texture": "#2"},
				"east": {"uv": [15.5, 15.5, 16, 16], "texture": "#2"},
				"south": {"uv": [15.5, 15.5, 16, 16], "texture": "#2"},
				"west": {"uv": [15.5, 15.5, 16, 16], "texture": "#2"},
				"up": {"uv": [15.5, 15.5, 16, 16], "rotation": 180, "texture": "#2"},
				"down": {"uv": [15.5, 15.5, 16, 16], "rotation": 180, "texture": "#2"}
			}
		},
		{
			"from": [22.6, -11, 7.5],
			"to": [24.6, -6, 8.5],
			"rotation": {"angle": -45, "axis": "y", "origin": [8, 8, 8]},
			"faces": {
				"north": {"uv": [15.5, 15.5, 16, 16], "texture": "#2"},
				"east": {"uv": [15.5, 15.5, 16, 16], "texture": "#2"},
				"south": {"uv": [15.5, 15.5, 16, 16], "texture": "#2"},
				"west": {"uv": [15.5, 15.5, 16, 16], "texture": "#2"},
				"up": {"uv": [15.5, 15.5, 16, 16], "rotation": 180, "texture": "#2"},
				"down": {"uv": [15.5, 15.5, 16, 16], "rotation": 180, "texture": "#2"}
			}
		},
		{
			"from": [21.6, -10, 7.5],
			"to": [22.6, -8, 8.5],
			"rotation": {"angle": -45, "axis": "y", "origin": [8, 8, 8]},
			"faces": {
				"north": {"uv": [15.5, 15.5, 16, 16], "texture": "#2"},
				"east": {"uv": [15.5, 15.5, 16, 16], "texture": "#2"},
				"south": {"uv": [15.5, 15.5, 16, 16], "texture": "#2"},
				"west": {"uv": [15.5, 15.5, 16, 16], "texture": "#2"},
				"up": {"uv": [15.5, 15.5, 16, 16], "rotation": 180, "texture": "#2"},
				"down": {"uv": [15.5, 15.5, 16, 16], "rotation": 180, "texture": "#2"}
			}
		},
		{
			"from": [20.6, -7, 7.5],
			"to": [21.6, -2, 8.5],
			"rotation": {"angle": -45, "axis": "y", "origin": [8, 8, 8]},
			"faces": {
				"north": {"uv": [15.5, 15.5, 16, 16], "texture": "#2"},
				"east": {"uv": [15.5, 15.5, 16, 16], "texture": "#2"},
				"south": {"uv": [15.5, 15.5, 16, 16], "texture": "#2"},
				"west": {"uv": [15.5, 15.5, 16, 16], "texture": "#2"},
				"up": {"uv": [15.5, 15.5, 16, 16], "rotation": 180, "texture": "#2"},
				"down": {"uv": [15.5, 15.5, 16, 16], "rotation": 180, "texture": "#2"}
			}
		},
		{
			"from": [24.55, -16, 7.5],
			"to": [25.3, -3, 8.5],
			"rotation": {"angle": -45, "axis": "y", "origin": [8, 8, 8]},
			"faces": {
				"north": {"uv": [15.5, 15.5, 16, 16], "texture": "#2"},
				"east": {"uv": [15.5, 15.5, 16, 16], "texture": "#2"},
				"south": {"uv": [15.5, 15.5, 16, 16], "texture": "#2"},
				"west": {"uv": [15.5, 15.5, 16, 16], "texture": "#2"},
				"up": {"uv": [15.5, 15.5, 16, 16], "rotation": 180, "texture": "#2"},
				"down": {"uv": [15.5, 15.5, 16, 16], "rotation": 180, "texture": "#2"}
			}
		}
	],
	"display": {
		"thirdperson_righthand": {
			"rotation": [67, 0, 90],
			"translation": [-8.25, 5, 28.5]
		},
		"thirdperson_lefthand": {
			"rotation": [67, 0, -90],
			"translation": [-3.75, 5, 28.5]
		},
		"firstperson_righthand": {
			"rotation": [0, 0, 90],
			"translation": [-11.5, 18, -6.25]
		},
		"firstperson_lefthand": {
			"rotation": [0, 0, -90],
			"translation": [-6.5, 18, -6.25]
		},
		"ground": {
			"translation": [0, 7, 0],
			"scale": [0.25, 0.25, 0.25]
		},
		"gui": {
			"rotation": [30, 225, 0],
			"translation": [0, 1.5, 0],
			"scale": [0.3, 0.3, 0.3]
		},
		"head": {
			"rotation": [0, -180, 0],
			"translation": [0, 17.5, 0],
			"scale": [2.5, 2.5, 2.5]
		},
		"fixed": {
			"scale": [0.35, 0.35, 0.35]
		}
	},
	"groups": [
		{
			"name": "engine",
			"origin": [8, 8, 8],
			"children": [0, 1, 2, 3, 4, 5]
		},
		{
			"name": "body",
			"origin": [9, -6, 9],
			"children": [6, 7, 8, 9, 10, 11]
		},
		{
			"name": "window",
			"origin": [8, 8, 8],
			"children": [12, 13, 14, 15, 16, 17, 18]
		},
		{
			"name": "nose",
			"origin": [8, 8, 8],
			"children": [19, 20, 21, 22, 23, 24, 25, 26, 27, 28, 29, 30, 31, 32, 33, 34, 35, 36, 37, 38, 39, 40, 41, 42, 43, 44, 45, 46, 47]
		},
		{
			"name": "nose fill",
			"origin": [8, 8, 8],
			"children": [48, 49, 50, 51, 52, 53, 54, 55, 56, 57, 58, 59, 60, 61, 62, 63, 64, 65, 66, 67, 68, 69, 70, 71, 72, 73, 74, 75]
		},
		{
			"name": "fins",
			"origin": [8, 8, 8],
			"children": [76, 77, 78, 79, 80, 81, 82, 83, 84, 85]
		},
		{
			"name": "fins",
			"origin": [8, 8, 8],
			"children": [86, 87, 88, 89, 90, 91, 92, 93, 94, 95]
		},
		{
			"name": "fins",
			"origin": [8, 8, 8],
			"children": [96, 97, 98, 99, 100, 101, 102, 103, 104, 105]
		},
		{
			"name": "fins",
			"origin": [8, 8, 8],
			"children": [106, 107, 108, 109, 110, 111, 112, 113, 114, 115]
		}
	]
}