{"transport_mode":"BOAT","length":96,"width":19,"door_max":14,"parts":[{"name":"main","stage":"EXTERIOR","mirror":false,"skip_rendering_if_too_far":false,"door_offset":"NONE","render_condition":"ALL","positions":[[0,0]],"whitelisted_cars":"","blacklisted_cars":""},{"name":"head","stage":"EXTERIOR","mirror":false,"skip_rendering_if_too_far":false,"door_offset":"NONE","render_condition":"ALL","positions":[[0,0]],"whitelisted_cars":"","blacklisted_cars":""},{"name":"guns","stage":"EXTERIOR","mirror":false,"skip_rendering_if_too_far":false,"door_offset":"NONE","render_condition":"ALL","positions":[[0,0]],"whitelisted_cars":"","blacklisted_cars":""},{"name":"rocket","stage":"EXTERIOR","mirror":false,"skip_rendering_if_too_far":false,"door_offset":"NONE","render_condition":"ALL","positions":[[0,0]],"whitelisted_cars":"","blacklisted_cars":""},{"name":"road","stage":"EXTERIOR","mirror":false,"skip_rendering_if_too_far":false,"door_offset":"NONE","render_condition":"ALL","positions":[[0,0]],"whitelisted_cars":"","blacklisted_cars":""}]}