{"transport_mode":"TRAIN","length":19,"width":2,"door_max":13,"parts":[{"name":"main","stage":"EXTERIOR","mirror":false,"skip_rendering_if_too_far":false,"door_offset":"NONE","render_condition":"ALL","positions":[[0.0,0.0]],"whitelisted_cars":"","blacklisted_cars":""},{"name":"wheels","stage":"EXTERIOR","mirror":false,"skip_rendering_if_too_far":false,"door_offset":"NONE","render_condition":"ALL","positions":[[0.0,0.0]],"whitelisted_cars":"","blacklisted_cars":""},{"name":"door_left","stage":"EXTERIOR","mirror":false,"skip_rendering_if_too_far":false,"door_offset":"LEFT_POSITIVE","render_condition":"ALL","positions":[[0.0,0.0]],"whitelisted_cars":"","blacklisted_cars":""},{"name":"door_left2","stage":"EXTERIOR","mirror":false,"skip_rendering_if_too_far":false,"door_offset":"LEFT_NEGATIVE","render_condition":"ALL","positions":[[0.0,0.0]],"whitelisted_cars":"","blacklisted_cars":""},{"name":"door_right","stage":"EXTERIOR","mirror":false,"skip_rendering_if_too_far":false,"door_offset":"RIGHT_POSITIVE","render_condition":"ALL","positions":[[0.0,0.0]],"whitelisted_cars":"","blacklisted_cars":""},{"name":"door_right2","stage":"EXTERIOR","mirror":false,"skip_rendering_if_too_far":false,"door_offset":"RIGHT_NEGATIVE","render_condition":"ALL","positions":[[0.0,0.0]],"whitelisted_cars":"","blacklisted_cars":""},{"name":"neibu","stage":"INTERIOR","mirror":false,"skip_rendering_if_too_far":false,"door_offset":"NONE","render_condition":"ALL","positions":[[0.0,0.0]],"whitelisted_cars":"","blacklisted_cars":""},{"name":"1","stage":"EXTERIOR","mirror":false,"skip_rendering_if_too_far":false,"door_offset":"NONE","render_condition":"ALL","positions":[[0.0,0.0]],"whitelisted_cars":"1","blacklisted_cars":"%2,%2+1"},{"name":"head","stage":"EXTERIOR","mirror":false,"skip_rendering_if_too_far":false,"door_offset":"NONE","render_condition":"ALL","positions":[[0.0,0.0]],"whitelisted_cars":"1","blacklisted_cars":"%2,%2+1"},{"name":"head","stage":"EXTERIOR","mirror":true,"skip_rendering_if_too_far":false,"door_offset":"NONE","render_condition":"ALL","positions":[[0.0,0.0]],"whitelisted_cars":"-1","blacklisted_cars":"%2,%2+1"},{"name":"1","stage":"EXTERIOR","mirror":true,"skip_rendering_if_too_far":false,"door_offset":"NONE","render_condition":"ALL","positions":[[0.0,0.0]],"whitelisted_cars":"-1","blacklisted_cars":"%2,%2+1"},{"name":"sign","stage":"LIGHTS","mirror":false,"skip_rendering_if_too_far":false,"door_offset":"NONE","render_condition":"ALL","positions":[[0.0,0.0]],"whitelisted_cars":"1","blacklisted_cars":"%2,%2+1","display":{"x_padding":0.0,"y_padding":0.0,"cjk_size_ratio":0.0,"type":"NEXT_STATION_PLAIN","color_cjk":"FF9900","color":"FF9900","should_scroll":false,"force_upper_case":false,"force_single_line":false}},{"name":"sign","stage":"LIGHTS","mirror":true,"skip_rendering_if_too_far":false,"door_offset":"NONE","render_condition":"ALL","positions":[[0.0,0.0]],"whitelisted_cars":"-1","blacklisted_cars":"%2,%2+1","display":{"x_padding":0,"y_padding":0,"cjk_size_ratio":0,"type":"DESTINATION","color_cjk":"FF9900","color":"FF9900","should_scroll":false,"force_upper_case":false,"force_single_line":false}},{"name":"sign2","stage":"LIGHTS","mirror":false,"skip_rendering_if_too_far":false,"door_offset":"NONE","render_condition":"ALL","positions":[[0.0,0.0]],"whitelisted_cars":"1","blacklisted_cars":"%2,%2+1","display":{"x_padding":0,"y_padding":0,"cjk_size_ratio":0,"type":"DESTINATION","color_cjk":"FF9900","color":"FF9900","should_scroll":false,"force_upper_case":false,"force_single_line":false}},{"name":"sign2","stage":"LIGHTS","mirror":true,"skip_rendering_if_too_far":false,"door_offset":"NONE","render_condition":"ALL","positions":[[0.0,0.0]],"whitelisted_cars":"-1","blacklisted_cars":"%2,%2+1","display":{"x_padding":0,"y_padding":0,"cjk_size_ratio":0,"type":"ROUTE_NUMBER","color_cjk":"FF9900","color":"FF9900","should_scroll":false,"force_upper_case":false,"force_single_line":false}},{"name":"sign3","stage":"LIGHTS","mirror":true,"skip_rendering_if_too_far":false,"door_offset":"NONE","render_condition":"ALL","positions":[[0.0,-237.2]],"whitelisted_cars":"1","blacklisted_cars":"%2,%2+1","display":{"x_padding":0,"y_padding":0,"cjk_size_ratio":0,"type":"NEXT_STATION_PLAIN","color_cjk":"FF9900","color":"FF9900","should_scroll":true,"force_upper_case":false,"force_single_line":false}},{"name":"sign3","stage":"LIGHTS","mirror":false,"skip_rendering_if_too_far":false,"door_offset":"NONE","render_condition":"ALL","positions":[[0.0,237.0]],"whitelisted_cars":"-1","blacklisted_cars":"%2,%2+1","display":{"x_padding":0,"y_padding":0,"cjk_size_ratio":0,"type":"NEXT_STATION_KCR","color_cjk":"FF9900","color":"FF9900","should_scroll":true,"force_upper_case":false,"force_single_line":false}},{"name":"2","stage":"EXTERIOR","mirror":false,"skip_rendering_if_too_far":false,"door_offset":"NONE","render_condition":"ALL","positions":[[0.0,0.0]],"whitelisted_cars":"","blacklisted_cars":"-1,1"},{"name":"light_head","stage":"LIGHTS","mirror":false,"skip_rendering_if_too_far":false,"door_offset":"NONE","render_condition":"ALL","positions":[[0.0,0.0]],"whitelisted_cars":"1","blacklisted_cars":"%2,%2+1"},{"name":"light_head","stage":"LIGHTS","mirror":true,"skip_rendering_if_too_far":false,"door_offset":"NONE","render_condition":"ALL","positions":[[0.0,0.0]],"whitelisted_cars":"-1","blacklisted_cars":"%2,%2+1"}]}