{"transport_mode":"BOAT","length":71,"width":16,"door_max":32,"parts":[{"name":"head","stage":"INTERIOR","mirror":true,"skip_rendering_if_too_far":false,"door_offset":"NONE","render_condition":"ALL","positions":[[0.0,0.0]],"whitelisted_cars":"","blacklisted_cars":""},{"name":"light","stage":"LIGHTS","mirror":true,"skip_rendering_if_too_far":false,"door_offset":"NONE","render_condition":"ALL","positions":[[0.0,0.0]],"whitelisted_cars":"","blacklisted_cars":""},{"name":"main","stage":"EXTERIOR","mirror":true,"skip_rendering_if_too_far":false,"door_offset":"NONE","render_condition":"ALL","positions":[[0.0,0.0]],"whitelisted_cars":"","blacklisted_cars":""},{"name":"tank","stage":"EXTERIOR","mirror":true,"skip_rendering_if_too_far":false,"door_offset":"LEFT_POSITIVE","render_condition":"ALL","positions":[[0.0,0.0]],"whitelisted_cars":"","blacklisted_cars":""},{"name":"tank2","stage":"EXTERIOR","mirror":true,"skip_rendering_if_too_far":false,"door_offset":"NONE","render_condition":"ALL","positions":[[0.0,0.0]],"whitelisted_cars":"","blacklisted_cars":""},{"name":"tank3","stage":"EXTERIOR","mirror":true,"skip_rendering_if_too_far":false,"door_offset":"NONE","render_condition":"ALL","positions":[[0.0,0.0]],"whitelisted_cars":"","blacklisted_cars":""}]}