{
	"credit": "Made by OLLIEZ4",
	"textures": {
		"0": "space:block/rocket_tile",
		"1": "space:block/rocket_tile_dark",
		"2": "space:item/oxygen_mask_tank",
		"particle": "space:block/rocket_tile"
	},
	"elements": [
		{
			"from": [8.2, 8, 7.4],
			"to": [8.4, 9, 8.4],
			"rotation": {"angle": 0, "axis": "y", "origin": [8, 8, 8]},
			"faces": {
				"north": {"uv": [7.5, 7.5, 7.7, 8.5], "texture": "#0"},
				"east": {"uv": [7.5, 7.5, 8.5, 8.5], "texture": "#0"},
				"south": {"uv": [7.5, 7.5, 7.7, 8.5], "texture": "#0"},
				"west": {"uv": [7.5, 7.5, 8.5, 8.5], "texture": "#0"},
				"up": {"uv": [7.5, 7.5, 8.5, 7.7], "rotation": 270, "texture": "#0"}
			}
		},
		{
			"from": [7.6, 8, 7.4],
			"to": [7.8, 9, 8.4],
			"rotation": {"angle": 0, "axis": "y", "origin": [8, 8, 8]},
			"faces": {
				"north": {"uv": [7.5, 7.5, 8.5, 8.5], "texture": "#0"},
				"east": {"uv": [7.5, 7.5, 8.5, 8.5], "texture": "#0"},
				"south": {"uv": [7.5, 7.5, 8.5, 8.5], "texture": "#0"},
				"west": {"uv": [7.5, 7.5, 8.5, 8.5], "texture": "#0"},
				"up": {"uv": [7.5, 7.5, 8.5, 8.5], "rotation": 270, "texture": "#0"}
			}
		},
		{
			"from": [7.8, 8, 7.4],
			"to": [8.2, 8.7, 8.4],
			"rotation": {"angle": 0, "axis": "y", "origin": [8, 8, 8]},
			"faces": {
				"north": {"uv": [7.5, 7.5, 7.9, 8.2], "texture": "#0"},
				"south": {"uv": [7.5, 7.5, 7.9, 8.2], "texture": "#0"},
				"up": {"uv": [7.5, 7.5, 8.5, 7.9], "rotation": 270, "texture": "#0"}
			}
		},
		{
			"from": [7.8, 6.1, 6.8],
			"to": [8.2, 7.1, 7.8],
			"rotation": {"angle": 0, "axis": "y", "origin": [8, 8, 8]},
			"faces": {
				"north": {"uv": [7.5, 7.5, 8.5, 8.5], "texture": "#0"},
				"east": {"uv": [7.5, 7.5, 8.5, 8.5], "texture": "#0"},
				"west": {"uv": [7.5, 7.5, 8.5, 8.5], "texture": "#0"},
				"down": {"uv": [7.5, 7.5, 8.5, 8.5], "rotation": 90, "texture": "#0"}
			}
		},
		{
			"from": [7.5, 5.5, 6.6],
			"to": [8.5, 5.8, 7.6],
			"rotation": {"angle": 0, "axis": "y", "origin": [8, 8, 8]},
			"faces": {
				"north": {"uv": [0, 0, 1, 1], "texture": "#0"},
				"east": {"uv": [0, 0, 1, 1], "texture": "#0"},
				"west": {"uv": [0, 0, 1, 1], "texture": "#0"},
				"up": {"uv": [0, 0, 1, 1], "rotation": 270, "texture": "#0"},
				"down": {"uv": [0, 0, 1, 1], "rotation": 90, "texture": "#0"}
			}
		},
		{
			"from": [7.55, 5.25, 7.275],
			"to": [8.45, 5.55, 8.775],
			"rotation": {"angle": 45, "axis": "x", "origin": [8, 8, 8]},
			"faces": {
				"east": {"uv": [0, 0, 1, 1], "texture": "#0"},
				"south": {"uv": [0, 0, 1, 1], "texture": "#0"},
				"west": {"uv": [0, 0, 1, 1], "texture": "#0"},
				"up": {"uv": [0, 0, 1, 1], "rotation": 270, "texture": "#0"},
				"down": {"uv": [0, 0, 1, 1], "rotation": 90, "texture": "#0"}
			}
		},
		{
			"from": [7.15, 6.6, 1.9],
			"to": [8.85, 8.3, 3.1],
			"rotation": {"angle": 0, "axis": "y", "origin": [8, 8, 8]},
			"faces": {
				"north": {"uv": [0, 0, 1, 1], "texture": "#0"},
				"east": {"uv": [0, 0, 1, 1], "texture": "#0"},
				"west": {"uv": [0, 0, 1, 1], "texture": "#0"},
				"up": {"uv": [0, 0, 1, 1], "rotation": 270, "texture": "#0"},
				"down": {"uv": [0, 0, 1, 1], "rotation": 90, "texture": "#0"}
			}
		},
		{
			"from": [7, 7.4, 2.9],
			"to": [9, 8.5, 9],
			"rotation": {"angle": 0, "axis": "y", "origin": [8, 8, 8]},
			"faces": {
				"north": {"uv": [0, 0, 0.5, 0.5], "rotation": 90, "texture": "#2"},
				"east": {"uv": [0, 1.5, 2, 8], "rotation": 90, "texture": "#2"},
				"south": {"uv": [0, 0, 0.5, 0.5], "rotation": 90, "texture": "#2"},
				"west": {"uv": [0, 1.5, 2, 8], "rotation": 270, "texture": "#2"},
				"up": {"uv": [0, 1.5, 2, 8], "texture": "#2"},
				"down": {"uv": [0, 1.5, 2, 8], "rotation": 180, "texture": "#2"}
			}
		},
		{
			"from": [7.1, 6.4, 3],
			"to": [8.9, 8.4, 8.9],
			"rotation": {"angle": 0, "axis": "y", "origin": [8, 8, 8]},
			"faces": {
				"north": {"uv": [0, 0, 0.5, 0.5], "texture": "#1"},
				"east": {"uv": [0, 0, 0.5, 0.5], "texture": "#1"},
				"south": {"uv": [0, 0, 0.5, 0.5], "texture": "#1"},
				"west": {"uv": [0, 0, 0.5, 0.5], "texture": "#1"},
				"down": {"uv": [0, 0, 0.5, 0.5], "rotation": 90, "texture": "#1"}
			}
		},
		{
			"from": [7.3, 3.1, 6.6],
			"to": [8.7, 7.1, 8.6],
			"rotation": {"angle": -22.5, "axis": "x", "origin": [8, 8, 8]},
			"faces": {
				"north": {"uv": [15.5, 15.5, 16, 16], "rotation": 90, "texture": "#1"},
				"east": {"uv": [15.5, 15.5, 16, 16], "rotation": 90, "texture": "#1"},
				"south": {"uv": [15.5, 15.5, 16, 16], "rotation": 90, "texture": "#1"},
				"west": {"uv": [15.5, 15.5, 16, 16], "rotation": 90, "texture": "#1"},
				"down": {"uv": [15.5, 15.5, 16, 16], "rotation": 180, "texture": "#1"}
			}
		},
		{
			"from": [7.5, 7, -1],
			"to": [8.5, 8, 2],
			"rotation": {"angle": 0, "axis": "y", "origin": [8, 8, 8]},
			"faces": {
				"north": {"uv": [8, 7.5, 9, 8.5], "texture": "#0"},
				"east": {"uv": [8, 10, 9, 11], "texture": "#0"},
				"west": {"uv": [8, 10, 9, 11], "texture": "#0"},
				"up": {"uv": [8, 10, 9, 11], "rotation": 270, "texture": "#0"},
				"down": {"uv": [8, 10, 9, 11], "rotation": 90, "texture": "#0"}
			}
		},
		{
			"from": [7.5, 5.05, -1.175],
			"to": [8.5, 7.05, -0.575],
			"rotation": {"angle": -22.5, "axis": "x", "origin": [8, 7.5, -1]},
			"faces": {
				"north": {"uv": [8, 10, 9, 11], "texture": "#0"},
				"east": {"uv": [8, 10, 9, 11], "texture": "#0"},
				"south": {"uv": [8, 10, 9, 11], "texture": "#0"},
				"west": {"uv": [8, 10, 9, 11], "texture": "#0"},
				"down": {"uv": [8, 10, 9, 11], "rotation": 90, "texture": "#0"}
			}
		},
		{
			"from": [8.45, 7, -1.175],
			"to": [10.45, 8, -0.575],
			"rotation": {"angle": -22.5, "axis": "y", "origin": [8, 7.5, -1]},
			"faces": {
				"north": {"uv": [8, 10, 9, 11], "texture": "#0"},
				"east": {"uv": [8, 10, 9, 11], "texture": "#0"},
				"south": {"uv": [8, 10, 9, 11], "texture": "#0"},
				"up": {"uv": [8, 10, 9, 11], "rotation": 270, "texture": "#0"},
				"down": {"uv": [8, 10, 9, 11], "rotation": 90, "texture": "#0"}
			}
		},
		{
			"from": [5.55, 7, -1.175],
			"to": [7.55, 8, -0.575],
			"rotation": {"angle": 22.5, "axis": "y", "origin": [8, 7.5, -1]},
			"faces": {
				"north": {"uv": [8, 10, 9, 11], "texture": "#0"},
				"south": {"uv": [8, 10, 9, 11], "texture": "#0"},
				"west": {"uv": [8, 10, 9, 11], "texture": "#0"},
				"up": {"uv": [8, 10, 9, 11], "rotation": 270, "texture": "#0"},
				"down": {"uv": [8, 10, 9, 11], "rotation": 90, "texture": "#0"}
			}
		},
		{
			"from": [7.5, 7.95, -1.175],
			"to": [8.5, 9.95, -0.575],
			"rotation": {"angle": 22.5, "axis": "x", "origin": [8, 7.5, -1]},
			"faces": {
				"north": {"uv": [8, 10, 9, 11], "texture": "#0"},
				"east": {"uv": [8, 10, 9, 11], "texture": "#0"},
				"south": {"uv": [8, 10, 9, 11], "texture": "#0"},
				"west": {"uv": [8, 10, 9, 11], "texture": "#0"},
				"up": {"uv": [8, 10, 9, 11], "rotation": 270, "texture": "#0"}
			}
		},
		{
			"from": [8.2, 8, 3.5],
			"to": [8.4, 9, 4.5],
			"rotation": {"angle": 0, "axis": "y", "origin": [8, 8, 8]},
			"faces": {
				"north": {"uv": [7.5, 7.5, 7.7, 8.5], "texture": "#0"},
				"east": {"uv": [7.5, 7.5, 8.5, 8.5], "texture": "#0"},
				"south": {"uv": [7.5, 7.5, 7.7, 8.5], "texture": "#0"},
				"west": {"uv": [7.5, 7.5, 8.5, 8.5], "texture": "#0"},
				"up": {"uv": [7.5, 7.5, 8.5, 7.7], "rotation": 270, "texture": "#0"}
			}
		},
		{
			"from": [7.6, 8, 3.5],
			"to": [7.8, 9, 4.5],
			"rotation": {"angle": 0, "axis": "y", "origin": [8, 8, 8]},
			"faces": {
				"north": {"uv": [7.5, 7.5, 8.5, 8.5], "texture": "#0"},
				"east": {"uv": [7.5, 7.5, 8.5, 8.5], "texture": "#0"},
				"south": {"uv": [7.5, 7.5, 8.5, 8.5], "texture": "#0"},
				"west": {"uv": [7.5, 7.5, 8.5, 8.5], "texture": "#0"},
				"up": {"uv": [7.5, 7.5, 8.5, 8.5], "rotation": 270, "texture": "#0"}
			}
		},
		{
			"from": [7.8, 8, 3.5],
			"to": [8.2, 8.7, 4.5],
			"rotation": {"angle": 0, "axis": "y", "origin": [8, 8, 8]},
			"faces": {
				"north": {"uv": [7.5, 7.5, 7.9, 8.2], "texture": "#0"},
				"south": {"uv": [7.5, 7.5, 7.9, 8.2], "texture": "#0"},
				"up": {"uv": [7.5, 7.5, 8.5, 7.9], "rotation": 270, "texture": "#0"}
			}
		}
	],
	"display": {
		"thirdperson_righthand": {
			"rotation": [16, 0, 0],
			"translation": [0, 2, 1.5]
		},
		"thirdperson_lefthand": {
			"rotation": [16, 0, 0],
			"translation": [0, 2, 1.5]
		},
		"firstperson_righthand": {
			"translation": [0, 5, 4]
		},
		"firstperson_lefthand": {
			"translation": [0, 5, 4]
		},
		"ground": {
			"translation": [0, 2, 0],
			"scale": [0.5, 0.5, 0.5]
		},
		"gui": {
			"rotation": [30, 225, 0],
			"translation": [-3, 2, 0],
			"scale": [1.2, 1.2, 1.2]
		},
		"head": {
			"translation": [0, 3, 0],
			"scale": [1.4, 1.4, 1.4]
		},
		"fixed": {
			"rotation": [0, -90, 0],
			"translation": [-5, 2, 0],
			"scale": [1.5, 1.5, 1.5]
		}
	},
	"groups": [
		{
			"name": "Scope",
			"origin": [14.7, 16, 13.5],
			"children": [0, 1, 2]
		},
		{
			"name": "Trigger",
			"origin": [8, 8, 8],
			"children": [3, 4, 5]
		},
		{
			"name": "Body",
			"origin": [10.1, 14.4, 13.1],
			"children": [6, 7, 8, 9]
		},
		{
			"name": "Hook",
			"origin": [8, 8, 8],
			"children": [10, 11, 12, 13, 14]
		},
		{
			"name": "Scope",
			"origin": [14.7, 16, 13.5],
			"children": [15, 16, 17]
		}
	]
}