{
	"credit": "Violet (@LocalViolet) made this!",
	"parent": "space:block/template_block_1_tall",
	"texture_size": [128, 128],
	"textures": {
		"0": "space:block/charging_station",
		"particle": "space:block/charging_station"
	},
	"elements": [
		{
			"from": [0, 0, 0],
			"to": [3, 12, 3],
			"faces": {
				"north": {"uv": [5.25, 7.25, 5.625, 8.75], "texture": "#0"},
				"east": {"uv": [4.875, 7.25, 5.25, 8.75], "texture": "#0"},
				"south": {"uv": [6, 7.25, 6.375, 8.75], "texture": "#0"},
				"west": {"uv": [5.625, 7.25, 6, 8.75], "texture": "#0"},
				"up": {"uv": [5.625, 7.25, 5.25, 6.875], "texture": "#0"},
				"down": {"uv": [6, 6.875, 5.625, 7.25], "texture": "#0"}
			}
		},
		{
			"from": [0.5, 12, 0.5],
			"to": [2.5, 14, 2.5],
			"faces": {
				"north": {"uv": [0.25, 3, 0.5, 3.25], "texture": "#0"},
				"east": {"uv": [0, 3, 0.25, 3.25], "texture": "#0"},
				"south": {"uv": [0.75, 3, 1, 3.25], "texture": "#0"},
				"west": {"uv": [0.5, 3, 0.75, 3.25], "texture": "#0"},
				"up": {"uv": [0.5, 3, 0.25, 2.75], "texture": "#0"},
				"down": {"uv": [0.75, 2.75, 0.5, 3], "texture": "#0"}
			}
		},
		{
			"from": [1, 14, 1],
			"to": [2, 16, 2],
			"faces": {
				"north": {"uv": [4.375, 3.125, 4.5, 3.375], "texture": "#0"},
				"east": {"uv": [4.25, 3.125, 4.375, 3.375], "texture": "#0"},
				"south": {"uv": [4.625, 3.125, 4.75, 3.375], "texture": "#0"},
				"west": {"uv": [4.5, 3.125, 4.625, 3.375], "texture": "#0"},
				"up": {"uv": [4.5, 3.125, 4.375, 3], "texture": "#0"},
				"down": {"uv": [4.625, 3, 4.5, 3.125], "texture": "#0"}
			}
		},
		{
			"from": [14, 14, 1],
			"to": [15, 16, 2],
			"rotation": {"angle": 0, "axis": "y", "origin": [16, 0, 0]},
			"faces": {
				"north": {"uv": [4.375, 3.125, 4.5, 3.375], "texture": "#0"},
				"east": {"uv": [4.25, 3.125, 4.375, 3.375], "texture": "#0"},
				"south": {"uv": [4.625, 3.125, 4.75, 3.375], "texture": "#0"},
				"west": {"uv": [4.5, 3.125, 4.625, 3.375], "texture": "#0"},
				"up": {"uv": [4.5, 3.125, 4.375, 3], "texture": "#0"},
				"down": {"uv": [4.625, 3, 4.5, 3.125], "texture": "#0"}
			}
		},
		{
			"from": [14, 14, 14],
			"to": [15, 16, 15],
			"rotation": {"angle": 0, "axis": "y", "origin": [16, 0, 16]},
			"faces": {
				"north": {"uv": [4.375, 3.125, 4.5, 3.375], "texture": "#0"},
				"east": {"uv": [4.25, 3.125, 4.375, 3.375], "texture": "#0"},
				"south": {"uv": [4.625, 3.125, 4.75, 3.375], "texture": "#0"},
				"west": {"uv": [4.5, 3.125, 4.625, 3.375], "texture": "#0"},
				"up": {"uv": [4.5, 3.125, 4.375, 3], "texture": "#0"},
				"down": {"uv": [4.625, 3, 4.5, 3.125], "texture": "#0"}
			}
		},
		{
			"from": [1, 14, 14],
			"to": [2, 16, 15],
			"rotation": {"angle": 0, "axis": "y", "origin": [0, 0, 16]},
			"faces": {
				"north": {"uv": [4.375, 3.125, 4.5, 3.375], "texture": "#0"},
				"east": {"uv": [4.25, 3.125, 4.375, 3.375], "texture": "#0"},
				"south": {"uv": [4.625, 3.125, 4.75, 3.375], "texture": "#0"},
				"west": {"uv": [4.5, 3.125, 4.625, 3.375], "texture": "#0"},
				"up": {"uv": [4.5, 3.125, 4.375, 3], "texture": "#0"},
				"down": {"uv": [4.625, 3, 4.5, 3.125], "texture": "#0"}
			}
		},
		{
			"from": [1.5, 13, 1.5],
			"to": [14.5, 16, 14.5],
			"rotation": {"angle": 0, "axis": "y", "origin": [8, 0, 8]},
			"faces": {
				"north": {"uv": [1.625, 1.625, 3.25, 2], "texture": "#0"},
				"east": {"uv": [0, 1.625, 1.625, 2], "texture": "#0"},
				"south": {"uv": [4.875, 1.625, 6.5, 2], "texture": "#0"},
				"west": {"uv": [3.25, 1.625, 4.875, 2], "texture": "#0"},
				"up": {"uv": [3.25, 1.625, 1.625, 0], "texture": "#0"},
				"down": {"uv": [4.875, 0, 3.25, 1.625], "texture": "#0"}
			}
		},
		{
			"from": [3, 0, 1.5],
			"to": [13, 5, 2.5],
			"rotation": {"angle": 22.5, "axis": "x", "origin": [8, 5, 2.5]},
			"faces": {
				"north": {"uv": [5.125, 0.125, 6.375, 0.75], "texture": "#0"},
				"east": {"uv": [5, 0.125, 5.125, 0.75], "texture": "#0"},
				"south": {"uv": [6.5, 0.125, 7.75, 0.75], "texture": "#0"},
				"west": {"uv": [6.375, 0.125, 6.5, 0.75], "texture": "#0"},
				"up": {"uv": [6.375, 0.125, 5.125, 0], "texture": "#0"},
				"down": {"uv": [7.625, 0, 6.375, 0.125], "texture": "#0"}
			}
		},
		{
			"from": [3, 9, 13.5],
			"to": [13, 13, 14.5],
			"rotation": {"angle": -22.5, "axis": "x", "origin": [8, 13, 14.5]},
			"faces": {
				"north": {"uv": [6.25, 3.125, 7.5, 3.625], "texture": "#0"},
				"east": {"uv": [6.125, 3.125, 6.25, 3.625], "texture": "#0"},
				"south": {"uv": [7.625, 3.125, 8.875, 3.625], "texture": "#0"},
				"west": {"uv": [7.5, 3.125, 7.625, 3.625], "texture": "#0"},
				"up": {"uv": [7.5, 3.125, 6.25, 3], "texture": "#0"},
				"down": {"uv": [8.75, 3, 7.5, 3.125], "texture": "#0"}
			}
		},
		{
			"from": [3, 9, 1.5],
			"to": [13, 13, 2.5],
			"rotation": {"angle": 22.5, "axis": "x", "origin": [8, 13, 1.5]},
			"faces": {
				"north": {"uv": [5.125, 1, 6.375, 1.5], "texture": "#0"},
				"east": {"uv": [5, 1, 5.125, 1.5], "texture": "#0"},
				"south": {"uv": [6.5, 1, 7.75, 1.5], "texture": "#0"},
				"west": {"uv": [6.375, 1, 6.5, 1.5], "texture": "#0"},
				"up": {"uv": [6.375, 1, 5.125, 0.875], "texture": "#0"},
				"down": {"uv": [7.625, 0.875, 6.375, 1], "texture": "#0"}
			}
		},
		{
			"from": [4.5, 1.5, 0.5],
			"to": [6.5, 3.5, 1.5],
			"rotation": {"angle": 22.5, "axis": "x", "origin": [8, 5, 2.5]},
			"faces": {
				"north": {"uv": [1.75, 4.375, 2, 4.625], "texture": "#0"},
				"east": {"uv": [1.625, 4.375, 1.75, 4.625], "texture": "#0"},
				"south": {"uv": [2.125, 4.375, 2.375, 4.625], "texture": "#0"},
				"west": {"uv": [2, 4.375, 2.125, 4.625], "texture": "#0"},
				"up": {"uv": [2, 4.375, 1.75, 4.25], "texture": "#0"},
				"down": {"uv": [2.25, 4.25, 2, 4.375], "texture": "#0"}
			}
		},
		{
			"from": [4.5, 1.5, 14.5],
			"to": [6.5, 3.5, 15.5],
			"rotation": {"angle": -22.5, "axis": "x", "origin": [8, 5, 13.5]},
			"faces": {
				"north": {"uv": [1.75, 4.375, 2, 4.625], "texture": "#0"},
				"east": {"uv": [1.625, 4.375, 1.75, 4.625], "texture": "#0"},
				"south": {"uv": [2.125, 4.375, 2.375, 4.625], "texture": "#0"},
				"west": {"uv": [2, 4.375, 2.125, 4.625], "texture": "#0"},
				"up": {"uv": [2, 4.375, 1.75, 4.25], "texture": "#0"},
				"down": {"uv": [2.25, 4.25, 2, 4.375], "texture": "#0"}
			}
		},
		{
			"from": [9.5, 1.5, 0.5],
			"to": [11.5, 3.5, 1.5],
			"rotation": {"angle": 22.5, "axis": "x", "origin": [8, 5, 2.5]},
			"faces": {
				"north": {"uv": [1.75, 4.375, 2, 4.625], "texture": "#0"},
				"east": {"uv": [1.625, 4.375, 1.75, 4.625], "texture": "#0"},
				"south": {"uv": [2.125, 4.375, 2.375, 4.625], "texture": "#0"},
				"west": {"uv": [2, 4.375, 2.125, 4.625], "texture": "#0"},
				"up": {"uv": [2, 4.375, 1.75, 4.25], "texture": "#0"},
				"down": {"uv": [2.25, 4.25, 2, 4.375], "texture": "#0"}
			}
		},
		{
			"from": [9.5, 1.5, 14.5],
			"to": [11.5, 3.5, 15.5],
			"rotation": {"angle": -22.5, "axis": "x", "origin": [8, 5, 13.5]},
			"faces": {
				"north": {"uv": [1.75, 4.375, 2, 4.625], "texture": "#0"},
				"east": {"uv": [1.625, 4.375, 1.75, 4.625], "texture": "#0"},
				"south": {"uv": [2.125, 4.375, 2.375, 4.625], "texture": "#0"},
				"west": {"uv": [2, 4.375, 2.125, 4.625], "texture": "#0"},
				"up": {"uv": [2, 4.375, 1.75, 4.25], "texture": "#0"},
				"down": {"uv": [2.25, 4.25, 2, 4.375], "texture": "#0"}
			}
		},
		{
			"from": [3, 0, 13.5],
			"to": [13, 5, 14.5],
			"rotation": {"angle": -22.5, "axis": "x", "origin": [8, 5, 13.5]},
			"faces": {
				"north": {"uv": [4.375, 2.25, 5.625, 2.875], "texture": "#0"},
				"east": {"uv": [4.25, 2.25, 4.375, 2.875], "texture": "#0"},
				"south": {"uv": [5.75, 2.25, 7, 2.875], "texture": "#0"},
				"west": {"uv": [5.625, 2.25, 5.75, 2.875], "texture": "#0"},
				"up": {"uv": [5.625, 2.25, 4.375, 2.125], "texture": "#0"},
				"down": {"uv": [6.875, 2.125, 5.625, 2.25], "texture": "#0"}
			}
		},
		{
			"from": [13.5, 0, 3],
			"to": [14.5, 5, 13],
			"rotation": {"angle": 22.5, "axis": "z", "origin": [13.5, 5, 8]},
			"faces": {
				"north": {"uv": [4.125, 5.5, 4.25, 6.125], "texture": "#0"},
				"east": {"uv": [2.875, 5.5, 4.125, 6.125], "texture": "#0"},
				"south": {"uv": [5.5, 5.5, 5.625, 6.125], "texture": "#0"},
				"west": {"uv": [4.25, 5.5, 5.5, 6.125], "texture": "#0"},
				"up": {"uv": [4.25, 5.5, 4.125, 4.25], "texture": "#0"},
				"down": {"uv": [4.375, 4.25, 4.25, 5.5], "texture": "#0"}
			}
		},
		{
			"from": [13.5, 9, 3],
			"to": [14.5, 13, 13],
			"rotation": {"angle": 22.5, "axis": "z", "origin": [14.5, 13, 8]},
			"faces": {
				"north": {"uv": [5.75, 6.25, 5.875, 6.75], "texture": "#0"},
				"east": {"uv": [4.5, 6.25, 5.75, 6.75], "texture": "#0"},
				"south": {"uv": [7.125, 6.25, 7.25, 6.75], "texture": "#0"},
				"west": {"uv": [5.875, 6.25, 7.125, 6.75], "texture": "#0"},
				"up": {"uv": [5.875, 6.25, 5.75, 5], "texture": "#0"},
				"down": {"uv": [6, 5, 5.875, 6.25], "texture": "#0"}
			}
		},
		{
			"from": [1.5, 9, 3],
			"to": [2.5, 13, 13],
			"rotation": {"angle": -22.5, "axis": "z", "origin": [1.5, 13, 8]},
			"faces": {
				"north": {"uv": [5.75, 4.25, 5.875, 4.75], "texture": "#0"},
				"east": {"uv": [4.5, 4.25, 5.75, 4.75], "texture": "#0"},
				"south": {"uv": [7.125, 4.25, 7.25, 4.75], "texture": "#0"},
				"west": {"uv": [5.875, 4.25, 7.125, 4.75], "texture": "#0"},
				"up": {"uv": [5.875, 4.25, 5.75, 3], "texture": "#0"},
				"down": {"uv": [6, 3, 5.875, 4.25], "texture": "#0"}
			}
		},
		{
			"from": [1.5, 0, 3],
			"to": [2.5, 5, 13],
			"rotation": {"angle": -22.5, "axis": "z", "origin": [2.5, 5, 8]},
			"faces": {
				"north": {"uv": [1.25, 5.5, 1.375, 6.125], "texture": "#0"},
				"east": {"uv": [0, 5.5, 1.25, 6.125], "texture": "#0"},
				"south": {"uv": [2.625, 5.5, 2.75, 6.125], "texture": "#0"},
				"west": {"uv": [1.375, 5.5, 2.625, 6.125], "texture": "#0"},
				"up": {"uv": [1.375, 5.5, 1.25, 4.25], "texture": "#0"},
				"down": {"uv": [1.5, 4.25, 1.375, 5.5], "texture": "#0"}
			}
		},
		{
			"from": [2.5, 0, 2.5],
			"to": [13.5, 5, 13.5],
			"faces": {
				"north": {"uv": [1.375, 3.5, 2.75, 4.125], "texture": "#0"},
				"east": {"uv": [0, 3.5, 1.375, 4.125], "texture": "#0"},
				"south": {"uv": [4.125, 3.5, 5.5, 4.125], "texture": "#0"},
				"west": {"uv": [2.75, 3.5, 4.125, 4.125], "texture": "#0"},
				"up": {"uv": [2.75, 3.5, 1.375, 2.125], "texture": "#0"},
				"down": {"uv": [4.125, 2.125, 2.75, 3.5], "texture": "#0"}
			}
		},
		{
			"from": [13, 0, 0],
			"to": [16, 12, 3],
			"rotation": {"angle": 0, "axis": "y", "origin": [16, 0, 0]},
			"faces": {
				"north": {"uv": [5.25, 7.25, 5.625, 8.75], "texture": "#0"},
				"east": {"uv": [4.875, 7.25, 5.25, 8.75], "texture": "#0"},
				"south": {"uv": [6, 7.25, 6.375, 8.75], "texture": "#0"},
				"west": {"uv": [5.625, 7.25, 6, 8.75], "texture": "#0"},
				"up": {"uv": [5.625, 7.25, 5.25, 6.875], "texture": "#0"},
				"down": {"uv": [6, 6.875, 5.625, 7.25], "texture": "#0"}
			}
		},
		{
			"from": [13.5, 12, 0.5],
			"to": [15.5, 14, 2.5],
			"rotation": {"angle": 0, "axis": "y", "origin": [16, 0, 0]},
			"faces": {
				"north": {"uv": [0.25, 3, 0.5, 3.25], "texture": "#0"},
				"east": {"uv": [0, 3, 0.25, 3.25], "texture": "#0"},
				"south": {"uv": [0.75, 3, 1, 3.25], "texture": "#0"},
				"west": {"uv": [0.5, 3, 0.75, 3.25], "texture": "#0"},
				"up": {"uv": [0.5, 3, 0.25, 2.75], "texture": "#0"},
				"down": {"uv": [0.75, 2.75, 0.5, 3], "texture": "#0"}
			}
		},
		{
			"from": [13, 0, 13],
			"to": [16, 12, 16],
			"rotation": {"angle": 0, "axis": "y", "origin": [16, 0, 16]},
			"faces": {
				"north": {"uv": [5.25, 7.25, 5.625, 8.75], "texture": "#0"},
				"east": {"uv": [4.875, 7.25, 5.25, 8.75], "texture": "#0"},
				"south": {"uv": [6, 7.25, 6.375, 8.75], "texture": "#0"},
				"west": {"uv": [5.625, 7.25, 6, 8.75], "texture": "#0"},
				"up": {"uv": [5.625, 7.25, 5.25, 6.875], "texture": "#0"},
				"down": {"uv": [6, 6.875, 5.625, 7.25], "texture": "#0"}
			}
		},
		{
			"from": [13.5, 12, 13.5],
			"to": [15.5, 14, 15.5],
			"rotation": {"angle": 0, "axis": "y", "origin": [16, 0, 16]},
			"faces": {
				"north": {"uv": [0.25, 3, 0.5, 3.25], "texture": "#0"},
				"east": {"uv": [0, 3, 0.25, 3.25], "texture": "#0"},
				"south": {"uv": [0.75, 3, 1, 3.25], "texture": "#0"},
				"west": {"uv": [0.5, 3, 0.75, 3.25], "texture": "#0"},
				"up": {"uv": [0.5, 3, 0.25, 2.75], "texture": "#0"},
				"down": {"uv": [0.75, 2.75, 0.5, 3], "texture": "#0"}
			}
		},
		{
			"from": [0, 0, 13],
			"to": [3, 12, 16],
			"rotation": {"angle": 0, "axis": "y", "origin": [0, 0, 16]},
			"faces": {
				"north": {"uv": [5.25, 7.25, 5.625, 8.75], "texture": "#0"},
				"east": {"uv": [4.875, 7.25, 5.25, 8.75], "texture": "#0"},
				"south": {"uv": [6, 7.25, 6.375, 8.75], "texture": "#0"},
				"west": {"uv": [5.625, 7.25, 6, 8.75], "texture": "#0"},
				"up": {"uv": [5.625, 7.25, 5.25, 6.875], "texture": "#0"},
				"down": {"uv": [6, 6.875, 5.625, 7.25], "texture": "#0"}
			}
		},
		{
			"from": [0.5, 12, 13.5],
			"to": [2.5, 14, 15.5],
			"rotation": {"angle": 0, "axis": "y", "origin": [0, 0, 16]},
			"faces": {
				"north": {"uv": [0.25, 3, 0.5, 3.25], "texture": "#0"},
				"east": {"uv": [0, 3, 0.25, 3.25], "texture": "#0"},
				"south": {"uv": [0.75, 3, 1, 3.25], "texture": "#0"},
				"west": {"uv": [0.5, 3, 0.75, 3.25], "texture": "#0"},
				"up": {"uv": [0.5, 3, 0.25, 2.75], "texture": "#0"},
				"down": {"uv": [0.75, 2.75, 0.5, 3], "texture": "#0"}
			}
		}
	]
}