{
	"credit": "Made by OLLIEZ4",
	"parent": "space:block/template_block_2_tall",
	"textures": {
		"0": "space:block/explorer_layer_1",
		"1": "space:block/explorer_layer_2",
		"2": "space:block/suit_fabricator",
		"particle": "space:block/explorer_layer_1"
	},
	"elements": [
		{
			"name": "left_leg",
			"from": [8.004, 0.28, 5.928],
			"to": [11.928, 11.416, 9.84],
			"rotation": {"angle": 0, "axis": "y", "origin": [0.576, 0.576, 0.576]},
			"faces": {
				"north": {"uv": [1, 10, 2, 16], "texture": "#0"},
				"east": {"uv": [0, 10, 1, 16], "texture": "#0"},
				"south": {"uv": [3, 10, 4, 16], "texture": "#0"},
				"down": {"uv": [2, 8, 3, 10], "rotation": 180, "texture": "#0"}
			}
		},
		{
			"name": "right_leg",
			"from": [4.304, 0.28, 5.928],
			"to": [8.228, 11.416, 9.84],
			"rotation": {"angle": 0, "axis": "y", "origin": [0.576, 0.576, 0.576]},
			"faces": {
				"north": {"uv": [3, 10, 4, 16], "texture": "#0"},
				"south": {"uv": [1, 10, 2, 16], "texture": "#0"},
				"west": {"uv": [0, 10, 1, 16], "texture": "#0"},
				"down": {"uv": [2, 8, 3, 10], "texture": "#0"}
			}
		},
		{
			"name": "chest",
			"from": [4.304, 11.416, 5.928],
			"to": [11.928, 22.552, 9.84],
			"rotation": {"angle": 0, "axis": "y", "origin": [0.576, 0.576, 0.576]},
			"faces": {
				"north": {"uv": [5, 10, 7, 16], "texture": "#0"},
				"south": {"uv": [8, 10, 10, 16], "texture": "#0"}
			}
		},
		{
			"name": "left_arm",
			"from": [11.828, 11.416, 6.028],
			"to": [15.54, 22.552, 9.74],
			"rotation": {"angle": 0, "axis": "y", "origin": [0.576, 0.576, 0.576]},
			"faces": {
				"north": {"uv": [11, 10, 12, 16], "texture": "#0"},
				"east": {"uv": [10, 10, 11, 16], "texture": "#0"},
				"south": {"uv": [13, 10, 14, 16], "texture": "#0"},
				"up": {"uv": [11, 8, 12, 10], "rotation": 180, "texture": "#0"},
				"down": {"uv": [12, 8, 13, 10], "rotation": 180, "texture": "#0"}
			}
		},
		{
			"name": "right_arm",
			"from": [0.692, 11.416, 6.028],
			"to": [4.404, 22.552, 9.74],
			"rotation": {"angle": 0, "axis": "y", "origin": [0.576, 0.576, 0.576]},
			"faces": {
				"north": {"uv": [13, 10, 14, 16], "texture": "#0"},
				"south": {"uv": [11, 10, 12, 16], "texture": "#0"},
				"west": {"uv": [10, 10, 11, 16], "texture": "#0"},
				"up": {"uv": [11, 8, 12, 10], "texture": "#0"},
				"down": {"uv": [12, 8, 13, 10], "texture": "#0"}
			}
		},
		{
			"name": "head",
			"from": [4.404, 22.552, 4.172],
			"to": [11.828, 29.976, 11.596],
			"rotation": {"angle": 0, "axis": "y", "origin": [0.576, 0.576, 0.576]},
			"faces": {
				"north": {"uv": [2, 4, 4, 8], "texture": "#0"},
				"east": {"uv": [0, 4, 2, 8], "texture": "#0"},
				"south": {"uv": [6, 4, 8, 8], "texture": "#0"},
				"west": {"uv": [4, 4, 6, 8], "texture": "#0"},
				"up": {"uv": [2, 0, 4, 4], "texture": "#0"},
				"down": {"uv": [4, 0, 6, 4], "texture": "#0"}
			}
		},
		{
			"name": "left_leg",
			"from": [8.104, 0.28, 6.028],
			"to": [11.828, 11.416, 9.74],
			"rotation": {"angle": 0, "axis": "y", "origin": [0.576, 0.576, 0.576]},
			"faces": {
				"north": {"uv": [1, 10, 2, 16], "texture": "#1"},
				"east": {"uv": [0, 10, 1, 16], "texture": "#1"},
				"south": {"uv": [3, 10, 4, 16], "texture": "#1"},
				"down": {"uv": [2, 8, 3, 10], "rotation": 180, "texture": "#1"}
			}
		},
		{
			"name": "right_leg",
			"from": [4.404, 0.28, 6.028],
			"to": [8.128, 11.416, 9.74],
			"rotation": {"angle": 0, "axis": "y", "origin": [0.576, 0.576, 0.576]},
			"faces": {
				"north": {"uv": [3, 10, 4, 16], "texture": "#1"},
				"south": {"uv": [1, 10, 2, 16], "texture": "#1"},
				"west": {"uv": [0, 10, 1, 16], "texture": "#1"},
				"down": {"uv": [2, 8, 3, 10], "texture": "#1"}
			}
		},
		{
			"name": "chest",
			"from": [4.404, 11.416, 6.028],
			"to": [11.828, 22.552, 9.74],
			"rotation": {"angle": 0, "axis": "y", "origin": [0.576, 0.576, 0.576]},
			"faces": {
				"north": {"uv": [5, 10, 7, 16], "texture": "#1"},
				"south": {"uv": [8, 10, 10, 16], "texture": "#1"}
			}
		},
		{
			"from": [0, 0, 0],
			"to": [16, 1, 16],
			"faces": {
				"north": {"uv": [0, 0, 3, 3], "texture": "#2"},
				"east": {"uv": [0, 0, 3, 3], "texture": "#2"},
				"south": {"uv": [0, 0, 3, 3], "texture": "#2"},
				"west": {"uv": [0, 0, 3, 3], "texture": "#2"},
				"up": {"uv": [0, 0, 3, 3], "texture": "#2"},
				"down": {"uv": [0, 0, 3, 3], "texture": "#2"}
			}
		},
		{
			"from": [0, 31, 0],
			"to": [16, 32, 16],
			"faces": {
				"north": {"uv": [0, 0, 3, 3], "texture": "#2"},
				"east": {"uv": [0, 0, 3, 3], "texture": "#2"},
				"south": {"uv": [0, 0, 3, 3], "texture": "#2"},
				"west": {"uv": [0, 0, 3, 3], "texture": "#2"},
				"up": {"uv": [0, 0, 3, 3], "texture": "#2"},
				"down": {"uv": [0, 0, 3, 3], "texture": "#2"}
			}
		},
		{
			"from": [0, 1, 0],
			"to": [1, 31, 1],
			"faces": {
				"north": {"uv": [0, 0, 3, 3], "texture": "#2"},
				"east": {"uv": [0, 0, 3, 3], "texture": "#2"},
				"south": {"uv": [0, 0, 3, 3], "texture": "#2"},
				"west": {"uv": [0, 0, 3, 3], "texture": "#2"},
				"up": {"uv": [0, 0, 3, 3], "texture": "#2"},
				"down": {"uv": [0, 0, 3, 3], "texture": "#2"}
			}
		},
		{
			"from": [15, 1, 15],
			"to": [16, 31, 16],
			"faces": {
				"north": {"uv": [0, 0, 3, 3], "texture": "#2"},
				"east": {"uv": [0, 0, 3, 3], "texture": "#2"},
				"south": {"uv": [0, 0, 3, 3], "texture": "#2"},
				"west": {"uv": [0, 0, 3, 3], "texture": "#2"},
				"up": {"uv": [0, 0, 3, 3], "texture": "#2"},
				"down": {"uv": [0, 0, 3, 3], "texture": "#2"}
			}
		},
		{
			"from": [0, 1, 15],
			"to": [1, 31, 16],
			"faces": {
				"north": {"uv": [0, 0, 3, 3], "texture": "#2"},
				"east": {"uv": [0, 0, 3, 3], "texture": "#2"},
				"south": {"uv": [0, 0, 3, 3], "texture": "#2"},
				"west": {"uv": [0, 0, 3, 3], "texture": "#2"},
				"up": {"uv": [0, 0, 3, 3], "texture": "#2"},
				"down": {"uv": [0, 0, 3, 3], "texture": "#2"}
			}
		},
		{
			"from": [15, 1, 0],
			"to": [16, 31, 1],
			"faces": {
				"north": {"uv": [0, 0, 3, 3], "texture": "#2"},
				"east": {"uv": [0, 0, 3, 3], "texture": "#2"},
				"south": {"uv": [0, 0, 3, 3], "texture": "#2"},
				"west": {"uv": [0, 0, 3, 3], "texture": "#2"},
				"up": {"uv": [0, 0, 3, 3], "texture": "#2"},
				"down": {"uv": [0, 0, 3, 3], "texture": "#2"}
			}
		},
		{
			"from": [1, 1, 0.2],
			"to": [2, 31, 1],
			"faces": {
				"north": {"uv": [0, 3, 3, 6], "texture": "#2"},
				"east": {"uv": [0, 3, 3, 6], "texture": "#2"},
				"south": {"uv": [0, 3, 3, 6], "texture": "#2"},
				"west": {"uv": [0, 3, 3, 6], "texture": "#2"},
				"up": {"uv": [0, 3, 3, 6], "texture": "#2"},
				"down": {"uv": [0, 3, 3, 6], "texture": "#2"}
			}
		},
		{
			"from": [1, 1, 15],
			"to": [2, 31, 15.8],
			"faces": {
				"north": {"uv": [0, 3, 3, 6], "texture": "#2"},
				"east": {"uv": [0, 3, 3, 6], "texture": "#2"},
				"south": {"uv": [0, 3, 3, 6], "texture": "#2"},
				"west": {"uv": [0, 3, 3, 6], "texture": "#2"},
				"up": {"uv": [0, 3, 3, 6], "texture": "#2"},
				"down": {"uv": [0, 3, 3, 6], "texture": "#2"}
			}
		},
		{
			"from": [14, 1, 15],
			"to": [15, 31, 15.8],
			"faces": {
				"north": {"uv": [0, 3, 3, 6], "texture": "#2"},
				"east": {"uv": [0, 3, 3, 6], "texture": "#2"},
				"south": {"uv": [0, 3, 3, 6], "texture": "#2"},
				"west": {"uv": [0, 3, 3, 6], "texture": "#2"},
				"up": {"uv": [0, 3, 3, 6], "texture": "#2"},
				"down": {"uv": [0, 3, 3, 6], "texture": "#2"}
			}
		},
		{
			"from": [14, 1, 0.2],
			"to": [15, 31, 1],
			"faces": {
				"north": {"uv": [0, 3, 3, 6], "texture": "#2"},
				"east": {"uv": [0, 3, 3, 6], "texture": "#2"},
				"south": {"uv": [0, 3, 3, 6], "texture": "#2"},
				"west": {"uv": [0, 3, 3, 6], "texture": "#2"},
				"up": {"uv": [0, 3, 3, 6], "texture": "#2"},
				"down": {"uv": [0, 3, 3, 6], "texture": "#2"}
			}
		},
		{
			"from": [2, 1, 0.2],
			"to": [14, 2, 1],
			"faces": {
				"north": {"uv": [0, 3, 3, 6], "texture": "#2"},
				"east": {"uv": [0, 3, 3, 6], "texture": "#2"},
				"south": {"uv": [0, 3, 3, 6], "texture": "#2"},
				"west": {"uv": [0, 3, 3, 6], "texture": "#2"},
				"up": {"uv": [0, 3, 3, 6], "texture": "#2"},
				"down": {"uv": [0, 3, 3, 6], "texture": "#2"}
			}
		},
		{
			"from": [2, 1, 15],
			"to": [14, 2, 15.8],
			"faces": {
				"north": {"uv": [0, 3, 3, 6], "texture": "#2"},
				"east": {"uv": [0, 3, 3, 6], "texture": "#2"},
				"south": {"uv": [0, 3, 3, 6], "texture": "#2"},
				"west": {"uv": [0, 3, 3, 6], "texture": "#2"},
				"up": {"uv": [0, 3, 3, 6], "texture": "#2"},
				"down": {"uv": [0, 3, 3, 6], "texture": "#2"}
			}
		},
		{
			"from": [2, 30, 15],
			"to": [14, 31, 15.8],
			"faces": {
				"north": {"uv": [0, 3, 3, 6], "texture": "#2"},
				"east": {"uv": [0, 3, 3, 6], "texture": "#2"},
				"south": {"uv": [0, 3, 3, 6], "texture": "#2"},
				"west": {"uv": [0, 3, 3, 6], "texture": "#2"},
				"up": {"uv": [0, 3, 3, 6], "texture": "#2"},
				"down": {"uv": [0, 3, 3, 6], "texture": "#2"}
			}
		},
		{
			"from": [2, 30, 0.2],
			"to": [14, 31, 1],
			"faces": {
				"north": {"uv": [0, 3, 3, 6], "texture": "#2"},
				"east": {"uv": [0, 3, 3, 6], "texture": "#2"},
				"south": {"uv": [0, 3, 3, 6], "texture": "#2"},
				"west": {"uv": [0, 3, 3, 6], "texture": "#2"},
				"up": {"uv": [0, 3, 3, 6], "texture": "#2"},
				"down": {"uv": [0, 3, 3, 6], "texture": "#2"}
			}
		},
		{
			"from": [0.2, 1, 2],
			"to": [1, 2, 14],
			"faces": {
				"north": {"uv": [0, 3, 3, 6], "texture": "#2"},
				"east": {"uv": [0, 3, 3, 6], "texture": "#2"},
				"south": {"uv": [0, 3, 3, 6], "texture": "#2"},
				"west": {"uv": [0, 3, 3, 6], "texture": "#2"},
				"up": {"uv": [0, 3, 3, 6], "texture": "#2"},
				"down": {"uv": [0, 3, 3, 6], "texture": "#2"}
			}
		},
		{
			"from": [0.2, 30, 2],
			"to": [1, 31, 14],
			"faces": {
				"north": {"uv": [0, 3, 3, 6], "texture": "#2"},
				"east": {"uv": [0, 3, 3, 6], "texture": "#2"},
				"south": {"uv": [0, 3, 3, 6], "texture": "#2"},
				"west": {"uv": [0, 3, 3, 6], "texture": "#2"},
				"up": {"uv": [0, 3, 3, 6], "texture": "#2"},
				"down": {"uv": [0, 3, 3, 6], "texture": "#2"}
			}
		},
		{
			"from": [15, 1, 2],
			"to": [15.8, 2, 14],
			"faces": {
				"north": {"uv": [0, 3, 3, 6], "texture": "#2"},
				"east": {"uv": [0, 3, 3, 6], "texture": "#2"},
				"south": {"uv": [0, 3, 3, 6], "texture": "#2"},
				"west": {"uv": [0, 3, 3, 6], "texture": "#2"},
				"up": {"uv": [0, 3, 3, 6], "texture": "#2"},
				"down": {"uv": [0, 3, 3, 6], "texture": "#2"}
			}
		},
		{
			"from": [15, 30, 2],
			"to": [15.8, 31, 14],
			"faces": {
				"north": {"uv": [0, 3, 3, 6], "texture": "#2"},
				"east": {"uv": [0, 3, 3, 6], "texture": "#2"},
				"south": {"uv": [0, 3, 3, 6], "texture": "#2"},
				"west": {"uv": [0, 3, 3, 6], "texture": "#2"},
				"up": {"uv": [0, 3, 3, 6], "texture": "#2"},
				"down": {"uv": [0, 3, 3, 6], "texture": "#2"}
			}
		},
		{
			"from": [0.2, 1, 1],
			"to": [1, 31, 2],
			"faces": {
				"north": {"uv": [0, 3, 3, 6], "texture": "#2"},
				"east": {"uv": [0, 3, 3, 6], "texture": "#2"},
				"south": {"uv": [0, 3, 3, 6], "texture": "#2"},
				"west": {"uv": [0, 3, 3, 6], "texture": "#2"},
				"up": {"uv": [0, 3, 3, 6], "texture": "#2"},
				"down": {"uv": [0, 3, 3, 6], "texture": "#2"}
			}
		},
		{
			"from": [0.2, 1, 14],
			"to": [1, 31, 15],
			"faces": {
				"north": {"uv": [0, 3, 3, 6], "texture": "#2"},
				"east": {"uv": [0, 3, 3, 6], "texture": "#2"},
				"south": {"uv": [0, 3, 3, 6], "texture": "#2"},
				"west": {"uv": [0, 3, 3, 6], "texture": "#2"},
				"up": {"uv": [0, 3, 3, 6], "texture": "#2"},
				"down": {"uv": [0, 3, 3, 6], "texture": "#2"}
			}
		},
		{
			"from": [15, 1, 1],
			"to": [15.8, 31, 2],
			"faces": {
				"north": {"uv": [0, 3, 3, 6], "texture": "#2"},
				"east": {"uv": [0, 3, 3, 6], "texture": "#2"},
				"south": {"uv": [0, 3, 3, 6], "texture": "#2"},
				"west": {"uv": [0, 3, 3, 6], "texture": "#2"},
				"up": {"uv": [0, 3, 3, 6], "texture": "#2"},
				"down": {"uv": [0, 3, 3, 6], "texture": "#2"}
			}
		},
		{
			"from": [15, 1, 14],
			"to": [15.8, 31, 15],
			"faces": {
				"north": {"uv": [0, 3, 3, 6], "texture": "#2"},
				"east": {"uv": [0, 3, 3, 6], "texture": "#2"},
				"south": {"uv": [0, 3, 3, 6], "texture": "#2"},
				"west": {"uv": [0, 3, 3, 6], "texture": "#2"},
				"up": {"uv": [0, 3, 3, 6], "texture": "#2"},
				"down": {"uv": [0, 3, 3, 6], "texture": "#2"}
			}
		},
		{
			"from": [-2, 13.2, -8.7],
			"to": [4, 17.2, -7.9],
			"rotation": {"angle": 22.5, "axis": "x", "origin": [0, 0, 0]},
			"faces": {
				"north": {"uv": [3, 0, 16, 9], "texture": "#2"},
				"east": {"uv": [0, 0, 3, 3], "texture": "#2"},
				"south": {"uv": [0, 0, 3, 3], "texture": "#2"},
				"west": {"uv": [0, 0, 3, 3], "texture": "#2"},
				"up": {"uv": [0, 0, 3, 3], "texture": "#2"},
				"down": {"uv": [0, 0, 3, 3], "texture": "#2"}
			}
		},
		{
			"from": [3.5, 13.2, -8.9],
			"to": [4, 17.2, -8.7],
			"rotation": {"angle": 22.5, "axis": "x", "origin": [0, 0, 0]},
			"faces": {
				"north": {"uv": [0, 0, 3, 3], "texture": "#2"},
				"east": {"uv": [0, 0, 3, 3], "texture": "#2"},
				"south": {"uv": [0, 0, 0.5, 4], "texture": "#missing"},
				"west": {"uv": [0, 0, 3, 3], "texture": "#2"},
				"up": {"uv": [0, 0, 3, 3], "texture": "#2"},
				"down": {"uv": [0, 0, 3, 3], "texture": "#2"}
			}
		},
		{
			"from": [-2, 13.2, -8.9],
			"to": [-1.5, 17.2, -8.7],
			"rotation": {"angle": 22.5, "axis": "x", "origin": [0, 0, 0]},
			"faces": {
				"north": {"uv": [0, 0, 3, 3], "texture": "#2"},
				"east": {"uv": [0, 0, 3, 3], "texture": "#2"},
				"south": {"uv": [0, 0, 0.5, 4], "texture": "#missing"},
				"west": {"uv": [0, 0, 3, 3], "texture": "#2"},
				"up": {"uv": [0, 0, 3, 3], "texture": "#2"},
				"down": {"uv": [0, 0, 3, 3], "texture": "#2"}
			}
		},
		{
			"from": [0.2, 16, -2],
			"to": [1.8, 17.6, 0],
			"faces": {
				"north": {"uv": [0, 0, 1.6, 1.6], "texture": "#missing"},
				"east": {"uv": [0, 3, 3, 6], "texture": "#2"},
				"south": {"uv": [0, 0, 1.6, 1.6], "texture": "#missing"},
				"west": {"uv": [0, 3, 3, 6], "texture": "#2"},
				"up": {"uv": [0, 3, 3, 6], "texture": "#2"},
				"down": {"uv": [0, 3, 3, 6], "texture": "#2"}
			}
		},
		{
			"from": [-1.5, 16.6, -8.9],
			"to": [3.5, 17.2, -8.7],
			"rotation": {"angle": 22.5, "axis": "x", "origin": [0, 0, 0]},
			"faces": {
				"north": {"uv": [0, 0, 3, 3], "texture": "#2"},
				"east": {"uv": [0, 0, 0.2, 0.6], "texture": "#missing"},
				"south": {"uv": [0, 0, 5, 0.6], "texture": "#missing"},
				"west": {"uv": [0, 0, 0.2, 0.6], "texture": "#missing"},
				"up": {"uv": [0, 0, 3, 3], "texture": "#2"},
				"down": {"uv": [0, 0, 3, 3], "texture": "#2"}
			}
		},
		{
			"from": [-1.5, 13.2, -8.9],
			"to": [3.5, 13.7, -8.7],
			"rotation": {"angle": 22.5, "axis": "x", "origin": [0, 0, 0]},
			"faces": {
				"north": {"uv": [0, 0, 3, 3], "texture": "#2"},
				"east": {"uv": [0, 0, 0.2, 0.5], "texture": "#missing"},
				"south": {"uv": [0, 0, 5, 0.5], "texture": "#missing"},
				"west": {"uv": [0, 0, 0.2, 0.5], "texture": "#missing"},
				"up": {"uv": [0, 0, 3, 3], "texture": "#2"},
				"down": {"uv": [0, 0, 3, 3], "texture": "#2"}
			}
		}
	],
	"groups": [
		{
			"name": "player",
			"origin": [8, 8, 8],
			"children": [
				{
					"name": "outer",
					"origin": [0.576, 0.576, 0.576],
					"children": [0, 1, 2]
				}, 3, 4, 5,
				{
					"name": "inner",
					"origin": [0.576, 0.576, 0.576],
					"children": [6, 7, 8]
				}
			]
		},
		{
			"name": "other",
			"origin": [8, 8, 8],
			"children": [9, 10, 11, 12, 13, 14, 15, 16, 17, 18, 19, 20, 21, 22, 23, 24, 25, 26, 27, 28, 29, 30, 31, 32, 33, 34, 35, 36]
		}
	]
}