{
	"credit": "Made by DalekCraft",
	"parent": "space:block/template_block_1_tall",
	"textures": {
		"0": "minecraft:block/anvil",
		"1": "minecraft:block/observer_side",
		"2": "minecraft:block/dropper_front_vertical",
		"3": "minecraft:block/structure_block",
		"4": "minecraft:block/netherite_block",
		"particle": "minecraft:block/anvil"
	},
	"elements": [
		{
			"name": "Base",
			"from": [0, 0, 0],
			"to": [16, 2, 16],
			"faces": {
				"north": {"uv": [0, 14, 16, 16], "texture": "#0"},
				"east": {"uv": [4, 0, 2, 16], "rotation": 270, "texture": "#0"},
				"south": {"uv": [0, 12, 16, 14], "texture": "#0"},
				"west": {"uv": [2, 0, 4, 16], "rotation": 90, "texture": "#0"},
				"up": {"uv": [0, 0, 16, 16], "rotation": 180, "texture": "#4"},
				"down": {"uv": [0, 0, 16, 16], "rotation": 180, "texture": "#4", "cullface": "down"}
			}
		},
		{
			"name": "First level",
			"from": [2, 2, 2],
			"to": [14, 4, 14],
			"faces": {
				"north": {"uv": [2, 14, 14, 16], "texture": "#0"},
				"east": {"uv": [2, 2, 0, 14], "rotation": 270, "texture": "#0"},
				"south": {"uv": [2, 14, 14, 16], "texture": "#0"},
				"west": {"uv": [0, 2, 2, 14], "rotation": 90, "texture": "#0"},
				"up": {"uv": [2, 2, 14, 14], "rotation": 180, "texture": "#0"}
			}
		},
		{
			"name": "Second level",
			"from": [3, 4, 3],
			"to": [13, 5, 13],
			"faces": {
				"north": {"uv": [3, 11, 13, 12], "texture": "#0"},
				"east": {"uv": [5, 3, 4, 13], "rotation": 270, "texture": "#0"},
				"south": {"uv": [3, 11, 13, 12], "texture": "#0"},
				"west": {"uv": [4, 3, 5, 13], "rotation": 90, "texture": "#0"},
				"up": {"uv": [3, 3, 13, 13], "rotation": 180, "texture": "#0"}
			}
		},
		{
			"name": "Thin piece",
			"from": [4, 5, 4],
			"to": [12, 7, 12],
			"faces": {
				"north": {"uv": [6, 6, 14, 8], "texture": "#0"},
				"east": {"uv": [7, 4, 5, 12], "rotation": 270, "texture": "#0"},
				"south": {"uv": [6, 6, 14, 8], "texture": "#0"},
				"west": {"uv": [5, 4, 7, 12], "rotation": 90, "texture": "#0"}
			}
		},
		{
			"name": "Slab",
			"from": [0, 7, 0],
			"to": [16, 15, 16],
			"faces": {
				"north": {"uv": [0, 0, 16, 8], "texture": "#1"},
				"east": {"uv": [0, 0, 16, 8], "texture": "#1"},
				"south": {"uv": [0, 0, 16, 8], "texture": "#1"},
				"west": {"uv": [0, 0, 16, 8], "texture": "#1"},
				"up": {"uv": [0, 0, 16, 16], "rotation": 180, "texture": "#3"},
				"down": {"uv": [0, 0, 16, 16], "rotation": 180, "texture": "#0"}
			}
		},
		{
			"name": "Slot",
			"from": [3, 15, 3],
			"to": [13, 16, 13],
			"faces": {
				"north": {"uv": [3, 8, 13, 9], "texture": "#0"},
				"east": {"uv": [3, 8, 13, 9], "texture": "#0"},
				"south": {"uv": [3, 8, 13, 9], "texture": "#0"},
				"west": {"uv": [3, 8, 13, 9], "texture": "#0"},
				"up": {"uv": [3, 3, 13, 13], "rotation": 180, "texture": "#2"}
			}
		}
	]
}