{
	"credit": "Violet (@LocalViolet) made this!",
	"parent": "space:block/template_block_1_tall",
	"texture_size": [128, 128],
	"textures": {
		"0": "space:block/tank_refiller",
		"particle": "space:block/tank_refiller"
	},
	"elements": [
		{
			"from": [0, 0, 0],
			"to": [3, 14, 16],
			"faces": {
				"north": {"uv": [2, 2, 2.375, 3.75], "texture": "#0"},
				"east": {"uv": [0, 2, 2, 3.75], "texture": "#0"},
				"south": {"uv": [4.375, 2, 4.75, 3.75], "texture": "#0"},
				"west": {"uv": [2.375, 2, 4.375, 3.75], "texture": "#0"},
				"up": {"uv": [2.375, 2, 2, 0], "texture": "#0"},
				"down": {"uv": [2.75, 0, 2.375, 2], "texture": "#0"}
			}
		},
		{
			"from": [3, 11, 0],
			"to": [13, 14, 1],
			"rotation": {"angle": 22.5, "axis": "x", "origin": [3, 11, 0]},
			"faces": {
				"north": {"uv": [0.125, 5.25, 1.375, 5.625], "texture": "#0"},
				"east": {"uv": [0, 5.25, 0.125, 5.625], "texture": "#0"},
				"south": {"uv": [1.5, 5.25, 2.75, 5.625], "texture": "#0"},
				"west": {"uv": [1.375, 5.25, 1.5, 5.625], "texture": "#0"},
				"up": {"uv": [1.375, 5.25, 0.125, 5.125], "texture": "#0"},
				"down": {"uv": [2.625, 5.125, 1.375, 5.25], "texture": "#0"}
			}
		},
		{
			"from": [3, 0, 0],
			"to": [13, 3, 1],
			"rotation": {"angle": -22.5, "axis": "x", "origin": [3, 3, 0]},
			"faces": {
				"north": {"uv": [0.125, 5.25, 1.375, 5.625], "texture": "#0"},
				"east": {"uv": [0, 5.25, 0.125, 5.625], "texture": "#0"},
				"south": {"uv": [1.5, 5.25, 2.75, 5.625], "texture": "#0"},
				"west": {"uv": [1.375, 5.25, 1.5, 5.625], "texture": "#0"},
				"up": {"uv": [1.375, 5.25, 0.125, 5.125], "texture": "#0"},
				"down": {"uv": [2.625, 5.125, 1.375, 5.25], "texture": "#0"}
			}
		},
		{
			"from": [3, 0, 15],
			"to": [13, 3, 16],
			"rotation": {"angle": 22.5, "axis": "x", "origin": [3, 3, 16]},
			"faces": {
				"north": {"uv": [0.125, 5.25, 1.375, 5.625], "texture": "#0"},
				"east": {"uv": [0, 5.25, 0.125, 5.625], "texture": "#0"},
				"south": {"uv": [1.5, 5.25, 2.75, 5.625], "texture": "#0"},
				"west": {"uv": [1.375, 5.25, 1.5, 5.625], "texture": "#0"},
				"up": {"uv": [1.375, 5.25, 0.125, 5.125], "texture": "#0"},
				"down": {"uv": [2.625, 5.125, 1.375, 5.25], "texture": "#0"}
			}
		},
		{
			"from": [3, 11, 15],
			"to": [13, 14, 16],
			"rotation": {"angle": -22.5, "axis": "x", "origin": [3, 11, 16]},
			"faces": {
				"north": {"uv": [0.125, 5.25, 1.375, 5.625], "texture": "#0"},
				"east": {"uv": [0, 5.25, 0.125, 5.625], "texture": "#0"},
				"south": {"uv": [1.5, 5.25, 2.75, 5.625], "texture": "#0"},
				"west": {"uv": [1.375, 5.25, 1.5, 5.625], "texture": "#0"},
				"up": {"uv": [1.375, 5.25, 0.125, 5.125], "texture": "#0"},
				"down": {"uv": [2.625, 5.125, 1.375, 5.25], "texture": "#0"}
			}
		},
		{
			"from": [4.5, 5.5, 2.5],
			"to": [11.5, 8.5, 5.5],
			"faces": {
				"north": {"uv": [3.75, 6.125, 4.625, 6.5], "texture": "#0"},
				"east": {"uv": [3.375, 6.125, 3.75, 6.5], "texture": "#0"},
				"south": {"uv": [5, 6.125, 5.875, 6.5], "texture": "#0"},
				"west": {"uv": [4.625, 6.125, 5, 6.5], "texture": "#0"},
				"up": {"uv": [4.625, 6.125, 3.75, 5.75], "texture": "#0"},
				"down": {"uv": [5.5, 5.75, 4.625, 6.125], "texture": "#0"}
			}
		},
		{
			"from": [4.5, 5.5, 10.5],
			"to": [11.5, 8.5, 13.5],
			"rotation": {"angle": 0, "axis": "y", "origin": [0, 0, 16]},
			"faces": {
				"north": {"uv": [3.75, 6.125, 4.625, 6.5], "texture": "#0"},
				"east": {"uv": [3.375, 6.125, 3.75, 6.5], "texture": "#0"},
				"south": {"uv": [5, 6.125, 5.875, 6.5], "texture": "#0"},
				"west": {"uv": [4.625, 6.125, 5, 6.5], "texture": "#0"},
				"up": {"uv": [4.625, 6.125, 3.75, 5.75], "texture": "#0"},
				"down": {"uv": [5.5, 5.75, 4.625, 6.125], "texture": "#0"}
			}
		},
		{
			"from": [4.5, 6.5, 6.5],
			"to": [11.5, 9.5, 9.5],
			"rotation": {"angle": 0, "axis": "y", "origin": [0, 0, 16]},
			"faces": {
				"north": {"uv": [3.75, 6.125, 4.625, 6.5], "texture": "#0"},
				"east": {"uv": [3.375, 6.125, 3.75, 6.5], "texture": "#0"},
				"south": {"uv": [5, 6.125, 5.875, 6.5], "texture": "#0"},
				"west": {"uv": [4.625, 6.125, 5, 6.5], "texture": "#0"},
				"up": {"uv": [4.625, 6.125, 3.75, 5.75], "texture": "#0"},
				"down": {"uv": [5.5, 5.75, 4.625, 6.125], "texture": "#0"}
			}
		},
		{
			"from": [2, 9.5, 8],
			"to": [15, 16.5, 8],
			"rotation": {"angle": 0, "axis": "y", "origin": [0, 0, 16]},
			"faces": {
				"north": {"uv": [5.75, 1, 7.375, 1.875], "texture": "#0"},
				"east": {"uv": [5.75, 1, 5.75, 1.875], "texture": "#0"},
				"south": {"uv": [7.375, 1, 9, 1.875], "texture": "#0"},
				"west": {"uv": [7.375, 1, 7.375, 1.875], "texture": "#0"},
				"up": {"uv": [7.375, 1, 5.75, 1], "texture": "#0"},
				"down": {"uv": [9, 1, 7.375, 1], "texture": "#0"}
			}
		},
		{
			"from": [1, 8.5, 4],
			"to": [14, 15.5, 4],
			"rotation": {"angle": 0, "axis": "y", "origin": [0, 0, 16]},
			"faces": {
				"north": {"uv": [0, 5.75, 1.625, 6.625], "texture": "#0"},
				"east": {"uv": [0, 5.75, 0, 6.625], "texture": "#0"},
				"south": {"uv": [1.625, 5.75, 3.25, 6.625], "texture": "#0"},
				"west": {"uv": [1.625, 5.75, 1.625, 6.625], "texture": "#0"},
				"up": {"uv": [1.625, 5.75, 0, 5.75], "texture": "#0"},
				"down": {"uv": [3.25, 5.75, 1.625, 5.75], "texture": "#0"}
			}
		},
		{
			"from": [1, 8.5, 12],
			"to": [14, 15.5, 12],
			"rotation": {"angle": 0, "axis": "y", "origin": [0, 0, 16]},
			"faces": {
				"north": {"uv": [0, 5.75, 1.625, 6.625], "texture": "#0"},
				"east": {"uv": [0, 5.75, 0, 6.625], "texture": "#0"},
				"south": {"uv": [1.625, 5.75, 3.25, 6.625], "texture": "#0"},
				"west": {"uv": [1.625, 5.75, 1.625, 6.625], "texture": "#0"},
				"up": {"uv": [1.625, 5.75, 0, 5.75], "texture": "#0"},
				"down": {"uv": [3.25, 5.75, 1.625, 5.75], "texture": "#0"}
			}
		},
		{
			"from": [3.5, 6, 3],
			"to": [12.5, 8, 5],
			"faces": {
				"north": {"uv": [6.5, 0.25, 7.625, 0.5], "texture": "#0"},
				"east": {"uv": [6.25, 0.25, 6.5, 0.5], "texture": "#0"},
				"south": {"uv": [7.875, 0.25, 9, 0.5], "texture": "#0"},
				"west": {"uv": [7.625, 0.25, 7.875, 0.5], "texture": "#0"},
				"up": {"uv": [7.625, 0.25, 6.5, 0], "texture": "#0"},
				"down": {"uv": [8.75, 0, 7.625, 0.25], "texture": "#0"}
			}
		},
		{
			"from": [3.5, 6, 11],
			"to": [12.5, 8, 13],
			"rotation": {"angle": 0, "axis": "y", "origin": [0, 0, 16]},
			"faces": {
				"north": {"uv": [6.5, 0.25, 7.625, 0.5], "texture": "#0"},
				"east": {"uv": [6.25, 0.25, 6.5, 0.5], "texture": "#0"},
				"south": {"uv": [7.875, 0.25, 9, 0.5], "texture": "#0"},
				"west": {"uv": [7.625, 0.25, 7.875, 0.5], "texture": "#0"},
				"up": {"uv": [7.625, 0.25, 6.5, 0], "texture": "#0"},
				"down": {"uv": [8.75, 0, 7.625, 0.25], "texture": "#0"}
			}
		},
		{
			"from": [3.5, 7, 7],
			"to": [12.5, 9, 9],
			"rotation": {"angle": 0, "axis": "y", "origin": [0, 0, 16]},
			"faces": {
				"north": {"uv": [6.5, 0.25, 7.625, 0.5], "texture": "#0"},
				"east": {"uv": [6.25, 0.25, 6.5, 0.5], "texture": "#0"},
				"south": {"uv": [7.875, 0.25, 9, 0.5], "texture": "#0"},
				"west": {"uv": [7.625, 0.25, 7.875, 0.5], "texture": "#0"},
				"up": {"uv": [7.625, 0.25, 6.5, 0], "texture": "#0"},
				"down": {"uv": [8.75, 0, 7.625, 0.25], "texture": "#0"}
			}
		},
		{
			"from": [3, 6.5, 3.5],
			"to": [13, 7.5, 4.5],
			"faces": {
				"north": {"uv": [6.375, 0.75, 7.625, 0.875], "texture": "#0"},
				"east": {"uv": [6.25, 0.75, 6.375, 0.875], "texture": "#0"},
				"south": {"uv": [7.75, 0.75, 9, 0.875], "texture": "#0"},
				"west": {"uv": [7.625, 0.75, 7.75, 0.875], "texture": "#0"},
				"up": {"uv": [7.625, 0.75, 6.375, 0.625], "texture": "#0"},
				"down": {"uv": [8.875, 0.625, 7.625, 0.75], "texture": "#0"}
			}
		},
		{
			"from": [3, 6.5, 11.5],
			"to": [13, 7.5, 12.5],
			"rotation": {"angle": 0, "axis": "y", "origin": [0, 0, 16]},
			"faces": {
				"north": {"uv": [6.375, 0.75, 7.625, 0.875], "texture": "#0"},
				"east": {"uv": [6.25, 0.75, 6.375, 0.875], "texture": "#0"},
				"south": {"uv": [7.75, 0.75, 9, 0.875], "texture": "#0"},
				"west": {"uv": [7.625, 0.75, 7.75, 0.875], "texture": "#0"},
				"up": {"uv": [7.625, 0.75, 6.375, 0.625], "texture": "#0"},
				"down": {"uv": [8.875, 0.625, 7.625, 0.75], "texture": "#0"}
			}
		},
		{
			"from": [3, 7.5, 7.5],
			"to": [13, 8.5, 8.5],
			"rotation": {"angle": 0, "axis": "y", "origin": [0, 0, 16]},
			"faces": {
				"north": {"uv": [6.375, 0.75, 7.625, 0.875], "texture": "#0"},
				"east": {"uv": [6.25, 0.75, 6.375, 0.875], "texture": "#0"},
				"south": {"uv": [7.75, 0.75, 9, 0.875], "texture": "#0"},
				"west": {"uv": [7.625, 0.75, 7.75, 0.875], "texture": "#0"},
				"up": {"uv": [7.625, 0.75, 6.375, 0.625], "texture": "#0"},
				"down": {"uv": [8.875, 0.625, 7.625, 0.75], "texture": "#0"}
			}
		},
		{
			"from": [13, 0, 0],
			"to": [16, 14, 16],
			"rotation": {"angle": 0, "axis": "y", "origin": [16, 0, 0]},
			"faces": {
				"north": {"uv": [2, 2, 2.375, 3.75], "texture": "#0"},
				"east": {"uv": [0, 2, 2, 3.75], "texture": "#0"},
				"south": {"uv": [4.375, 2, 4.75, 3.75], "texture": "#0"},
				"west": {"uv": [2.375, 2, 4.375, 3.75], "texture": "#0"},
				"up": {"uv": [2.375, 2, 2, 0], "texture": "#0"},
				"down": {"uv": [2.75, 0, 2.375, 2], "texture": "#0"}
			}
		}
	]
}