{"custom_trains":{
//轨道先锋
"tiger":{
"name":"\u88c2\u864e","description":"§f机甲形态：面部和背部大炮拥有金色花纹的青眼白虎，奔跑速度极快，背部大炮可向两旁张开，宛若白虎添翼","wikipedia_article":"。","color":"ffffff",
"gangway_connection_id":"",
"train_barrier_id":"",
"door_animation_type":"PLUG_FAST",
"render_door_overlay":false,
"rider_offset":0.0,
"texture_id":"mtr:tiger/tiger",
"model":"mtr:tiger/tiger.bbmodel",
"speed_sound_base_id":"m_train",
"speed_sound_count": 66,
"door_sound_base_id":"tiger",
"model_properties":"mtr:tiger/tiger.json"
},
"lion":{
"name":"\u5578\u72ee","description":"§9机甲形态：浑身带电的黑色狮子，善于使用风和雷电攻击敌人，也可重组为“风雷战击王”，由新能源蒸汽机车变形而成","wikipedia_article":"","color":"70251",
"gangway_connection_id":"mtr:air",
"train_barrier_id":"",
"door_animation_type":"PLUG_FAST",
"render_door_overlay":false,
"rider_offset":0.8,
"texture_id":"mtr:lion/lion",
"model":"mtr:lion/lion.bbmodel",
"model_properties":"mtr:lion/lion.json",
"speed_sound_base_id":"lion",
"speed_sound_count": 66,
"door_sound_base_id":"lion"
},
"phoenix":{
"name":"\u7131\u51e4","description":"§c机甲形态：拥有巨大翅膀的红色的巨鸟，飞行速度极快，背上携带着三个巨大的加速器，由M-017专列（磁悬浮列车）变形而成。由于MTR模组没有磁浮轨道，因此该车与轨道并不兼容","wikipedia_article":"","color":"fb4910",
"gangway_connection_id":"",
"train_barrier_id":"",
"door_animation_type":"PLUG_FAST",
"render_door_overlay":false,
"rider_offset":0.0,
"texture_id":"mtr:phoenix/phoenix",
"model":"mtr:phoenix/phoenix.bbmodel",
"model_properties":"mtr:phoenix/phoenix.json",
"speed_sound_base_id":"c1141a",
"speed_sound_count": 66,
"door_sound_base_id":"phoenix"
},
"dragon":{
"name":"\u8f95\u9f99","description":"§3机甲形态：四足长身的青色巨龙，由G-698专列（维修列车）变形而成，身体两旁分别携带三门炮。","wikipedia_article":"","color":"02a8c1",
"gangway_connection_id":"",
"train_barrier_id":"",
"door_animation_type":"PLUG_FAST",
"render_door_overlay":false,
"rider_offset":0.0,
//模型与贴图与各部件属性
"texture_id":"mtr:dragon/dragon",
"model":"mtr:dragon/dragon.bbmodel",
"model_properties":"mtr:dragon/dragon.json",
//开关门音效
"door_sound_base_id":"dragon",
//行驶音量和音效
"speed_sound_count": 66,
"speed_sound_base_id":"sp1900"
},
"xuanwu":{"name":"\u78a7\u7532","description":"§b机甲形态：背着两门巨炮和坚硬盾牌的深蓝色巨龟，拥有超高的防御能力，炮、盾一体，通过变化位置使用相应技能，由T-554专列（观光列车）变形而成。","wikipedia_article":"","color":"044b8f",
"gangway_connection_id":"",
"train_barrier_id":"",
"door_animation_type":"STANDARD",
"render_door_overlay":false,
"rider_offset":0.0,
"speed_sound_base_id":"k_train",
"speed_sound_count": 66,
"door_sound_base_id":"xuanwu",
"texture_id":"mtr:xuanwu/xuanwu",
"model":"mtr:xuanwu/xuanwu.bbmodel",
"model_properties":"mtr:xuanwu/xuanwu.json"
},

"fujian":{"name":"003-\u798f\u5efa\u53f7\uff08\u8ff7\u4f60\uff09- \u6c99\u96d5\u7248","description":"“福建”号（渔-003） 中国第三艘航空渔船命名为“福建”，舷号为“18”。“福建”是中国完全自主设计建造的首艘弹射型航空渔船，采用平直通长飞行甲板，配置电磁弹射和拦阻装置，可搭载59改光速飞艇，满载排水量8万余吨。“福建”的出现预示着中国海军迈入远洋狩猎新时代，拥有全新的、更强大的空中联队和舰队战斗群，中国渔民的综合生产力将实现质的飞跃。","wikipedia_article":"","color":"979b9d","gangway_connection_id":"","train_barrier_id":"","door_animation_type":"STANDARD","render_door_overlay":false,"rider_offset":5,
"texture_id":"mtr:fujian/fujian",
"model":"mtr:fujian/fujian.bbmodel",
"model_properties":"mtr:fujian/fujian.json"},
"fujian1":{"name":"003-\u798f\u5efa\u53f7\uff08\u8ff7\u4f60\uff09","description":"“福建”舰（003型） 中国第三艘航空母舰命名为“中国人民解放军海军福建舰”，舷号为“18”。“福建”舰是中国完全自主设计建造的首艘弹射型航空母舰，采用平直通长飞行甲板，配置电磁弹射和拦阻装置，满载排水量8万余吨。“福建”舰的出现预示着中国海军迈入三航母新时代，拥有全新的、更强大的空中联队和航母战斗群，中国海军的综合战斗力将实现质的飞跃。","wikipedia_article":"","color":"979b9d","gangway_connection_id":"","train_barrier_id":"","door_animation_type":"STANDARD","render_door_overlay":false,"rider_offset":5,

"texture_id":"mtr:fujian1/fujian1",
"model":"mtr:fujian1/fujian1.bbmodel",
"model_properties":"mtr:fujian1/fujian1.json"},

//E231系列
"e231":{"name":"E231","description":"§7§lJR东日本运用数量最多的电车系列\n§rE231系电车是日本进入21世纪后的典型标准化列车，由JR东日本旅客铁道及东急车辆共同开发，东急车辆、川崎重工、JR东日本下新津车辆制作所参与制造。它主要负责日本关东地区通勤和近郊运营的标准化电车，属于电力通用电车。20.15年时开始大范围用以汰换首都圈和关东地方多条路线中老化的通勤型电力动车组（如103系、201系、205系和301系）并汰换近郊型电力动车组（如113系和115系）。其数量、覆盖率和运营程度很高，已经成为了日本电车的代表车型之一。","wikipedia_article":"","color":"b8bdbe","gangway_connection_id":"","train_barrier_id":"","door_animation_type":"STANDARD","render_door_overlay":false,"rider_offset":0.15,"texture_id":"mtr:e231/e231","model":"mtr:e231/e231.bbmodel","model_properties":"mtr:e231/e231.json",
"speed_sound_base_id":"sp1900",
"speed_sound_count": 66,
"door_sound_base_id":"sp1900"
},
"e231_head":{"name":"E231（单个车头）","description":"只有一节单向车头的E231","wikipedia_article":"","color":"b8bdbe","gangway_connection_id":"mtr:e231/air","train_barrier_id":"","door_animation_type":"STANDARD","render_door_overlay":false,"rider_offset":0.15,
//材质是相同的
"texture_id":"mtr:e231/e231",
//模型是相同的
"model":"mtr:e231/e231.bbmodel",
//属性文件不同
"model_properties":"mtr:e231/e231_head.json",
"speed_sound_base_id":"sp1900",
"speed_sound_count": 66,
"door_sound_base_id":"sp1900"
},
"e231_carriage":{"name":"E231（只有车厢）","description":"E231的车厢","wikipedia_article":"","color":"b8bdbe","gangway_connection_id":"","train_barrier_id":"","door_animation_type":"STANDARD","render_door_overlay":false,"rider_offset":0.15,
//材质是相同的
"texture_id":"mtr:e231/e231",
//模型是相同的
"model":"mtr:e231/e231.bbmodel",
//属性文件不同
"model_properties":"mtr:e231/e231_carriage.json",
"speed_sound_base_id":"sp1900",
"speed_sound_count": 66,
"door_sound_base_id":"sp1900"
},
"e231_skeleton":{"name":"E231（怪脸）","description":"长着一张怪脸，就像骷髅头","wikipedia_article":"","color":"ffffff","gangway_connection_id":"","train_barrier_id":"","door_animation_type":"STANDARD","render_door_overlay":false,"rider_offset":0.15,
"texture_id":"mtr:e231/e231_skeleton",
"model":"mtr:e231/e231_skeleton.bbmodel",
"model_properties":"mtr:e231/e231_skeleton.json",
"speed_sound_base_id":"mlr",
"speed_sound_count": 66,
"door_sound_base_id":"mlr"
},
"e231_skeleton_head":{"name":"E231（单个车头）（怪脸）","description":"单个车头不带车厢","wikipedia_article":"","color":"ffffff","gangway_connection_id":"mtr:e231/air","train_barrier_id":"","door_animation_type":"STANDARD","render_door_overlay":false,"rider_offset":0.15,
"texture_id":"mtr:e231/e231_skeleton",
"model":"mtr:e231/e231_skeleton.bbmodel",
"model_properties":"mtr:e231/e231_skeleton_head.json",
"speed_sound_base_id":"mlr",
"speed_sound_count": 66,
"door_sound_base_id":"mlr"
},
"e231_skeleton_carriage":{"name":"E231（只有车厢）（怪脸）","description":"车厢","wikipedia_article":"","color":"ffffff","gangway_connection_id":"mtr:e231/air","train_barrier_id":"","door_animation_type":"STANDARD","render_door_overlay":false,"rider_offset":0.15,
"texture_id":"mtr:e231/e231_skeleton",
"model":"mtr:e231/e231_skeleton.bbmodel",
"model_properties":"mtr:e231/e231_skeleton_carriage.json",
//这些是声音代码
"speed_sound_base_id":"mlr",
"speed_sound_count": 66,
"door_sound_base_id":"mlr"},



//中国海军系列
"j20":{"name":"§f§l歼20“威龙（迷你）”","description":"§b中国于2017年列装这一新型现代化战机。该机型的大部分战术应用及技术指标依然保密","wikipedia_article":"","color":"5d5f60","gangway_connection_id":"","train_barrier_id":"","door_animation_type":"STANDARD","render_door_overlay":false,
"rider_offset":-0.375,
"texture_id":"mtr:j20/j20","model":"mtr:j20/j20.bbmodel","model_properties":"mtr:j20/j20.json",
"speed_sound_base_id":"plane",
"speed_sound_count": 66
},

"j15":{"name":"§f§l歼15","description":"§b歼-15 “飞鲨”：中国舰载攻击型战斗机。机身据传以T10-K3为原型，搭载中国升级过的雷达与武器。","wikipedia_article":"","color":"979b9d","gangway_connection_id":"","train_barrier_id":"","door_animation_type":"STANDARD","render_door_overlay":false,"rider_offset":0.6875,"texture_id":"mtr:j15/j15","model":"mtr:j15/j15.bbmodel","model_properties":"mtr:j15/j15.json","speed_sound_base_id":"plane","speed_sound_count": 66},

"h20":{"name":"§f§l轰20（超迷你）","description":"§b西安 轰-20：中国下一代战略轰炸机。 中国轰炸机建成后将能像俄罗斯和美国一样实行三位一体核打击。","wikipedia_article":"","color":"353637","gangway_connection_id":"","train_barrier_id":"","door_animation_type":"STANDARD","render_door_overlay":false,"rider_offset":-0.25,"texture_id":"mtr:h20/h20","model":"mtr:h20/h20.bbmodel","model_properties":"mtr:h20/h20.json","speed_sound_base_id":"plane",
"speed_sound_count": 66},





"092":{"name":"§f§l092（小型）","description":"§b092型 092型战略核潜艇是中国自行研制的第一型战略核潜艇，092是在研制成功的091基础上放大艇体得到的，这就影响了舰艇的设计，突出的龟背增大了水下噪音，而艇身整体设计为了能够搭载弹道导弹牺牲了很多。尽管如此，092型战略核潜艇及广大科研设计人员使中国战略核潜艇实现了0到1的突破，标志着中国初步拥有了二次核反击能力。","wikipedia_article":"","color":"353637","gangway_connection_id":"","train_barrier_id":"","door_animation_type":"STANDARD","render_door_overlay":false,"rider_offset":2.125,"texture_id":"mtr:092/092","model":"mtr:092/092.bbmodel","model_properties":"mtr:092/092.json"},

"956e":{"name":"§f§l956E杭州号（小型）","description":"§b“杭州”舰（956E型） “杭州”舰原为于俄罗斯海军956型“现代”级导弹驱逐舰的18号舰，该舰后来由中国海军接收。4艘“现代”级驱逐舰曾是中国海军吨位最大、作战能力最强的水面舰艇。对陆火力支援是“现代”级驱逐舰的一项重要任务。“现代”级不但拥有强大的自卫和抗毁伤能力，而且还能够为整个登陆舰队提供掩护，符合东海舰队作战需求。“现代”级改装后事实上具备了成为中国海军实施大规模复杂两栖登陆战役核心节点的可行性。","wikipedia_article":"","color":"5e5e5c","gangway_connection_id":"","train_barrier_id":"","door_animation_type":"STANDARD","render_door_overlay":false,"rider_offset":4.5,"texture_id":"mtr:956e/956e","model":"mtr:956e/956e.bbmodel","model_properties":"mtr:956e/956e.json"},

"075":{"name":"§f§l075海南号","description":"§b075型 075型两栖攻击舰是中国设计的首型大型两栖作战舰船。作为当今体量最大的两栖作战舰艇之一，075型两栖攻击舰是实施登陆作战时的绝对核心，其垂直登陆作战能力绝非一般船坞登陆舰所能比拟，其巨大的机库空间与直通式飞行甲板让075拥有无与伦比的垂直包围作战能力。075型两栖攻击舰在搭载反潜直升机时，还可作为舰队的反潜直升机母舰来使用。","wikipedia_article":"","color":"979b9d","gangway_connection_id":"","train_barrier_id":"","door_animation_type":"STANDARD","render_door_overlay":false,"rider_offset":10.375,"texture_id":"mtr:075/075","model":"mtr:075/075.bbmodel","model_properties":"mtr:075/075.json"},


"001":{"name":"§f§l辽宁号（迷你）","description":"§b辽宁号航空母舰（代号：001型航空母舰，舷号：16，简称：辽宁舰），是中国人民解放军海军隶下的一艘可以搭载固定翼飞机的航空母舰，也是中国第一艘服役的航空母舰。辽宁号航空母舰前身是苏联海军的库兹涅佐夫元帅级航空母舰次舰瓦良格号，20世纪80年代中后期，瓦良格号于乌克兰建造时遭逢苏联解体，建造工程中断，完成度68%。1999年，中国购买了瓦良格号，于2002年3月4日抵达大连港。2005年4月26日，开始由中国海军继续建造改进。解放军的目标是对此艘未完成建造的航空母舰进行更改制造，及将其用于科研、实验及训练用途。2012年9月25日，正式更名辽宁号，交付予中国人民解放军海军。2013年11月，辽宁舰从青岛赴中国南海展开为期47天的海上综合演练，期间中国海军以辽宁号航空母舰为主编组了大型远洋航空母舰战斗群，战斗群编列近20艘各类舰艇，是自冷战结束以来除美国海军外西太平洋地区最大的单国海上兵力集结演练，亦标志着辽宁号航空母舰开始具备海上编队战斗群能力。2018年4月12日，辽宁舰编队亮相南海大阅兵。","wikipedia_article":"","color":"979b9d","gangway_connection_id":"","train_barrier_id":"","door_animation_type":"STANDARD","render_door_overlay":false,"rider_offset":3.6875,"texture_id":"mtr:001/001","model":"mtr:001/001.bbmodel","model_properties":"mtr:001/001.json"},
"002":{"name":"§f§l山东号（迷你）","description":"§b“山东”舰（001A型，也可以说是002） 中国人民解放军海军山东舰（舷号：17）是中国第一艘完全自主建造、自主配套的国产航空母舰，基于对前苏联”库兹涅佐夫“级航空母舰、中国”辽宁“号航空母舰的研究，由中国自行改进研发而成，是中国真正意义上的第一艘国产航空母舰。与此同时，“山东”舰还为中国后续的常规动力航母乃至核动力航母建造积累了宝贵的设计经验，提供了蓝本。","wikipedia_article":"","color":"979b9d","gangway_connection_id":"","train_barrier_id":"","door_animation_type":"STANDARD","render_door_overlay":false,"rider_offset":3.6875,"texture_id":"mtr:002/002","model":"mtr:002/002.bbmodel","model_properties":"mtr:002/002.json"},

//曲率飞船
"spaceship":{"name":"§l§5曲率飞船","description":"§b曲率驱动指的是一种理论上的推进系统（Theoretical Propulsion System），能让航天器以光速，甚至超出光速数倍的速度飞行。","wikipedia_article":"","color":"dadedf","gangway_connection_id":"","train_barrier_id":"","door_animation_type":"STANDARD","render_door_overlay":false,"rider_offset":3.5,"texture_id":"mtr:spaceship/spaceship","model":"mtr:spaceship/spaceship.bbmodel","model_properties":"mtr:spaceship/spaceship.json"},
//韶山3
"ss3":{
"name":"韶山3连接25K客车",
"description":"原模型来自MTRBBS，经改进后重新使用",
"wikipedia_article":"",
"color":"BC4567",
"gangway_connection_id":"mtr:ss3/air",
"train_barrier_id":"",
"door_animation_type":"STANDARD",
"render_door_overlay":false,
"rider_offset":0.33,
"texture_id":"mtr:ss3/ss3",
"model":"mtr:ss3/ss3.bbmodel",
"model_properties":"mtr:ss3/ss3.json",
"speed_sound_base_id":"ss3",
"speed_sound_count": 66,
"door_sound_base_id":"sp1900"
},
//GK1C
"gk1c":{"name":"GK1C","description":"GK1C型内燃机车是中国南车集团资阳机车有限公司在GK1型机车基础上发展的系列产品，适用于铁路、冶金、石化、港口、地方铁路的调车和小运转作业。\n机车上装有一台6240ZJ型中速柴油机（装车功率990kW）、一台液力换向和工况机构的ZJ4014GY型液力传动箱。6240ZJ型柴油机是16V240ZJB型柴油机（东风4B型机车用）的系列产品，其主要零部件可通用互换。\nZJ4014GY型传动箱具有液力制动、液力换向功能，并可满足调车和小运转工况的要求。机车为外走廊式，走行部由两台可互换的二轴转向架组成，中部吊装燃油箱。司机室有较好的瞭望条件和隔音隔热性能。为适应高温、寒冷、多粉尘等恶劣环境，机车装有柴油机进气高效滤清、风源净化和预热等装置。\n该型机车具有传动效率高、起动加速性能好、换向灵活、操作方便，使用可靠，适用性强等特点，已被石化系统选为定型的调车内燃机车。","wikipedia_article":"","color":"BBC2C1","gangway_connection_id":"mtr:air","train_barrier_id":"","door_animation_type":"STANDARD","render_door_overlay":false,"rider_offset":0.9,"texture_id":"mtr:gk1c/gk1c","model":"mtr:gk1c/gk1c.bbmodel","model_properties":"mtr:gk1c/gk1c.json",
"speed_sound_base_id":"GK1C",
"speed_sound_count": 66
}
}}