{
  "parent": "minecraft:item/generated",
  "textures": {
    "layer0": "minecraft:block/allium"
  },
	
	"overrides": [
		{"predicate": {"custom_model_data":756346}, "model": "block/elephantidle"},
		{"predicate": {"custom_model_data":758794}, "model": "block/elephant"},
		{"predicate": {"custom_model_data":7576912}, "model": "block/babye"},
		{"predicate": {"custom_model_data":75671283}, "model": "block/babyewalk"},
		{"predicate": {"custom_model_data":757818934}, "model": "block/standingelephant"}
	]
}