{
	"parent": "minecraft:block/redstone_lamp",
	"overrides": [
		{"predicate": {"custom_model_data": 1230000}, "model": "space:item/gui/energy_meter/bottom/0"},
		{"predicate": {"custom_model_data": 1230001}, "model": "space:item/gui/energy_meter/bottom/1"},
		{"predicate": {"custom_model_data": 1230002}, "model": "space:item/gui/energy_meter/bottom/2"},
		{"predicate": {"custom_model_data": 1230003}, "model": "space:item/gui/energy_meter/bottom/3"},
		{"predicate": {"custom_model_data": 1230004}, "model": "space:item/gui/energy_meter/bottom/4"},
		{"predicate": {"custom_model_data": 1230005}, "model": "space:item/gui/energy_meter/bottom/5"},
		{"predicate": {"custom_model_data": 1230006}, "model": "space:item/gui/energy_meter/bottom/6"},
		{"predicate": {"custom_model_data": 1230007}, "model": "space:item/gui/energy_meter/bottom/7"},
		{"predicate": {"custom_model_data": 1230008}, "model": "space:item/gui/energy_meter/middle/0"},
		{"predicate": {"custom_model_data": 1230009}, "model": "space:item/gui/energy_meter/middle/1"},
		{"predicate": {"custom_model_data": 1230010}, "model": "space:item/gui/energy_meter/middle/2"},
		{"predicate": {"custom_model_data": 1230011}, "model": "space:item/gui/energy_meter/middle/3"},
		{"predicate": {"custom_model_data": 1230012}, "model": "space:item/gui/energy_meter/middle/4"},
		{"predicate": {"custom_model_data": 1230013}, "model": "space:item/gui/energy_meter/middle/5"},
		{"predicate": {"custom_model_data": 1230014}, "model": "space:item/gui/energy_meter/middle/6"},
		{"predicate": {"custom_model_data": 1230015}, "model": "space:item/gui/energy_meter/middle/7"},
		{"predicate": {"custom_model_data": 1230016}, "model": "space:item/gui/energy_meter/middle/8"},
		{"predicate": {"custom_model_data": 1230017}, "model": "space:item/gui/energy_meter/top/0"},
		{"predicate": {"custom_model_data": 1230018}, "model": "space:item/gui/energy_meter/top/1"},
		{"predicate": {"custom_model_data": 1230019}, "model": "space:item/gui/energy_meter/top/2"},
		{"predicate": {"custom_model_data": 1230020}, "model": "space:item/gui/energy_meter/top/3"},
		{"predicate": {"custom_model_data": 1230021}, "model": "space:item/gui/energy_meter/top/4"},
		{"predicate": {"custom_model_data": 1230022}, "model": "space:item/gui/energy_meter/top/5"},
		{"predicate": {"custom_model_data": 1230023}, "model": "space:item/gui/energy_meter/top/6"},
		{"predicate": {"custom_model_data": 1230024}, "model": "space:item/gui/energy_meter/top/7"},
		{"predicate": {"custom_model_data": 1230025}, "model": "space:item/gui/toggle_holograms"},
		{"predicate": {"custom_model_data": 1230026}, "model": "space:item/gui/border"},
		{"predicate": {"custom_model_data": 1230027}, "model": "space:item/gui/tick"},
		{"predicate": {"custom_model_data": 1230028}, "model": "space:item/gui/cross"},
		{"predicate": {"custom_model_data": 1230029}, "model": "space:block/small_cluster"},
		{"predicate": {"custom_model_data": 1230030}, "model": "space:block/medium_cluster"},
		{"predicate": {"custom_model_data": 1230031}, "model": "space:block/large_cluster"},
		{"predicate": {"custom_model_data": 1230032}, "model": "space:block/wires/base"},
		{"predicate": {"custom_model_data": 1230033}, "model": "space:block/oxygen_collector"},
		{"predicate": {"custom_model_data": 1230034}, "model": "space:block/infinite_cluster"},
		{"predicate": {"custom_model_data": 1230035}, "model": "space:block/oxygen_bubble_distributor"},
		{"predicate": {"custom_model_data": 1230036}, "model": "space:block/wires/n_e_s_w_u_d"},
		{"predicate": {"custom_model_data": 1230037}, "model": "space:block/wires/1/n"},
		{"predicate": {"custom_model_data": 1230038}, "model": "space:block/wires/1/e"},
		{"predicate": {"custom_model_data": 1230039}, "model": "space:block/wires/1/s"},
		{"predicate": {"custom_model_data": 1230040}, "model": "space:block/wires/1/w"},
		{"predicate": {"custom_model_data": 1230041}, "model": "space:block/wires/1/u"},
		{"predicate": {"custom_model_data": 1230042}, "model": "space:block/wires/1/d"},
		{"predicate": {"custom_model_data": 1230043}, "model": "space:block/wires/2/e_d"},
		{"predicate": {"custom_model_data": 1230044}, "model": "space:block/wires/2/e_s"},
		{"predicate": {"custom_model_data": 1230045}, "model": "space:block/wires/2/e_u"},
		{"predicate": {"custom_model_data": 1230046}, "model": "space:block/wires/2/e_w"},
		{"predicate": {"custom_model_data": 1230047}, "model": "space:block/wires/2/n_d"},
		{"predicate": {"custom_model_data": 1230048}, "model": "space:block/wires/2/n_e"},
		{"predicate": {"custom_model_data": 1230049}, "model": "space:block/wires/2/n_s"},
		{"predicate": {"custom_model_data": 1230050}, "model": "space:block/wires/2/n_u"},
		{"predicate": {"custom_model_data": 1230051}, "model": "space:block/wires/2/n_w"},
		{"predicate": {"custom_model_data": 1230052}, "model": "space:block/wires/2/s_d"},
		{"predicate": {"custom_model_data": 1230053}, "model": "space:block/wires/2/s_u"},
		{"predicate": {"custom_model_data": 1230054}, "model": "space:block/wires/2/s_w"},
		{"predicate": {"custom_model_data": 1230055}, "model": "space:block/wires/2/u_d"},
		{"predicate": {"custom_model_data": 1230056}, "model": "space:block/wires/2/w_d"},
		{"predicate": {"custom_model_data": 1230057}, "model": "space:block/wires/2/w_u"},
		{"predicate": {"custom_model_data": 1230058}, "model": "space:block/wires/3/e_s_d"},
		{"predicate": {"custom_model_data": 1230059}, "model": "space:block/wires/3/e_s_u"},
		{"predicate": {"custom_model_data": 1230060}, "model": "space:block/wires/3/e_s_w"},
		{"predicate": {"custom_model_data": 1230061}, "model": "space:block/wires/3/e_u_d"},
		{"predicate": {"custom_model_data": 1230062}, "model": "space:block/wires/3/e_w_d"},
		{"predicate": {"custom_model_data": 1230063}, "model": "space:block/wires/3/e_w_u"},
		{"predicate": {"custom_model_data": 1230064}, "model": "space:block/wires/3/n_e_d"},
		{"predicate": {"custom_model_data": 1230065}, "model": "space:block/wires/3/n_e_s"},
		{"predicate": {"custom_model_data": 1230066}, "model": "space:block/wires/3/n_e_u"},
		{"predicate": {"custom_model_data": 1230067}, "model": "space:block/wires/3/n_e_w"},
		{"predicate": {"custom_model_data": 1230068}, "model": "space:block/wires/3/n_s_d"},
		{"predicate": {"custom_model_data": 1230069}, "model": "space:block/wires/3/n_s_u"},
		{"predicate": {"custom_model_data": 1230070}, "model": "space:block/wires/3/n_s_w"},
		{"predicate": {"custom_model_data": 1230071}, "model": "space:block/wires/3/n_u_d"},
		{"predicate": {"custom_model_data": 1230072}, "model": "space:block/wires/3/n_w_d"},
		{"predicate": {"custom_model_data": 1230073}, "model": "space:block/wires/3/n_w_u"},
		{"predicate": {"custom_model_data": 1230074}, "model": "space:block/wires/3/s_u_d"},
		{"predicate": {"custom_model_data": 1230075}, "model": "space:block/wires/3/s_w_d"},
		{"predicate": {"custom_model_data": 1230076}, "model": "space:block/wires/3/s_w_u"},
		{"predicate": {"custom_model_data": 1230077}, "model": "space:block/wires/3/w_u_d"},
		{"predicate": {"custom_model_data": 1230078}, "model": "space:block/wires/4/e_s_u_d"},
		{"predicate": {"custom_model_data": 1230079}, "model": "space:block/wires/4/e_s_w_d"},
		{"predicate": {"custom_model_data": 1230080}, "model": "space:block/wires/4/e_s_w_u"},
		{"predicate": {"custom_model_data": 1230081}, "model": "space:block/wires/4/e_w_u_d"},
		{"predicate": {"custom_model_data": 1230082}, "model": "space:block/wires/4/n_e_s_d"},
		{"predicate": {"custom_model_data": 1230083}, "model": "space:block/wires/4/n_e_s_u"},
		{"predicate": {"custom_model_data": 1230084}, "model": "space:block/wires/4/n_e_s_w"},
		{"predicate": {"custom_model_data": 1230085}, "model": "space:block/wires/4/n_e_u_d"},
		{"predicate": {"custom_model_data": 1230086}, "model": "space:block/wires/4/n_e_w_d"},
		{"predicate": {"custom_model_data": 1230087}, "model": "space:block/wires/4/n_e_w_u"},
		{"predicate": {"custom_model_data": 1230088}, "model": "space:block/wires/4/n_s_u_d"},
		{"predicate": {"custom_model_data": 1230089}, "model": "space:block/wires/4/n_s_w_d"},
		{"predicate": {"custom_model_data": 1230090}, "model": "space:block/wires/4/n_s_w_u"},
		{"predicate": {"custom_model_data": 1230091}, "model": "space:block/wires/4/n_w_u_d"},
		{"predicate": {"custom_model_data": 1230092}, "model": "space:block/wires/4/s_w_u_d"},
		{"predicate": {"custom_model_data": 1230093}, "model": "space:block/wires/5/e_s_w_u_d"},
		{"predicate": {"custom_model_data": 1230094}, "model": "space:block/wires/5/n_e_s_u_d"},
		{"predicate": {"custom_model_data": 1230095}, "model": "space:block/wires/5/n_e_s_w_d"},
		{"predicate": {"custom_model_data": 1230096}, "model": "space:block/wires/5/n_e_s_w_u"},
		{"predicate": {"custom_model_data": 1230097}, "model": "space:block/wires/5/n_e_w_u_d"},
		{"predicate": {"custom_model_data": 1230098}, "model": "space:block/wires/5/n_s_w_u_d"},
		{"predicate": {"custom_model_data": 1230099}, "model": "space:block/rocket"},
		{"predicate": {"custom_model_data": 1230100}, "model": "space:block/elevators/elevator_white"},
		{"predicate": {"custom_model_data": 1230101}, "model": "space:item/gui/energy_meter_sideways/bottom/0"},
		{"predicate": {"custom_model_data": 1230102}, "model": "space:item/gui/energy_meter_sideways/bottom/1"},
		{"predicate": {"custom_model_data": 1230103}, "model": "space:item/gui/energy_meter_sideways/bottom/2"},
		{"predicate": {"custom_model_data": 1230104}, "model": "space:item/gui/energy_meter_sideways/bottom/3"},
		{"predicate": {"custom_model_data": 1230105}, "model": "space:item/gui/energy_meter_sideways/bottom/4"},
		{"predicate": {"custom_model_data": 1230106}, "model": "space:item/gui/energy_meter_sideways/bottom/5"},
		{"predicate": {"custom_model_data": 1230107}, "model": "space:item/gui/energy_meter_sideways/bottom/6"},
		{"predicate": {"custom_model_data": 1230108}, "model": "space:item/gui/energy_meter_sideways/bottom/7"},
		{"predicate": {"custom_model_data": 1230109}, "model": "space:item/gui/energy_meter_sideways/middle/0"},
		{"predicate": {"custom_model_data": 1230110}, "model": "space:item/gui/energy_meter_sideways/middle/1"},
		{"predicate": {"custom_model_data": 1230111}, "model": "space:item/gui/energy_meter_sideways/middle/2"},
		{"predicate": {"custom_model_data": 1230112}, "model": "space:item/gui/energy_meter_sideways/middle/3"},
		{"predicate": {"custom_model_data": 1230113}, "model": "space:item/gui/energy_meter_sideways/middle/4"},
		{"predicate": {"custom_model_data": 1230114}, "model": "space:item/gui/energy_meter_sideways/middle/5"},
		{"predicate": {"custom_model_data": 1230115}, "model": "space:item/gui/energy_meter_sideways/middle/6"},
		{"predicate": {"custom_model_data": 1230116}, "model": "space:item/gui/energy_meter_sideways/middle/7"},
		{"predicate": {"custom_model_data": 1230117}, "model": "space:item/gui/energy_meter_sideways/middle/8"},
		{"predicate": {"custom_model_data": 1230118}, "model": "space:item/gui/energy_meter_sideways/top/0"},
		{"predicate": {"custom_model_data": 1230119}, "model": "space:item/gui/energy_meter_sideways/top/1"},
		{"predicate": {"custom_model_data": 1230120}, "model": "space:item/gui/energy_meter_sideways/top/2"},
		{"predicate": {"custom_model_data": 1230121}, "model": "space:item/gui/energy_meter_sideways/top/3"},
		{"predicate": {"custom_model_data": 1230122}, "model": "space:item/gui/energy_meter_sideways/top/4"},
		{"predicate": {"custom_model_data": 1230123}, "model": "space:item/gui/energy_meter_sideways/top/5"},
		{"predicate": {"custom_model_data": 1230124}, "model": "space:item/gui/energy_meter_sideways/top/6"},
		{"predicate": {"custom_model_data": 1230125}, "model": "space:item/gui/energy_meter_sideways/top/7"},
		{"predicate": {"custom_model_data": 1230127}, "model": "space:item/gui/forward_arrow"},
		{"predicate": {"custom_model_data": 1230128}, "model": "space:item/gui/back_arrow"},
		{"predicate": {"custom_model_data": 1230129}, "model": "space:item/gui/oxygen_meter/bottom/0"},
		{"predicate": {"custom_model_data": 1230130}, "model": "space:item/gui/oxygen_meter/bottom/1"},
		{"predicate": {"custom_model_data": 1230131}, "model": "space:item/gui/oxygen_meter/bottom/2"},
		{"predicate": {"custom_model_data": 1230132}, "model": "space:item/gui/oxygen_meter/bottom/3"},
		{"predicate": {"custom_model_data": 1230133}, "model": "space:item/gui/oxygen_meter/bottom/4"},
		{"predicate": {"custom_model_data": 1230134}, "model": "space:item/gui/oxygen_meter/bottom/5"},
		{"predicate": {"custom_model_data": 1230135}, "model": "space:item/gui/oxygen_meter/bottom/6"},
		{"predicate": {"custom_model_data": 1230136}, "model": "space:item/gui/oxygen_meter/bottom/7"},
		{"predicate": {"custom_model_data": 1230137}, "model": "space:item/gui/oxygen_meter/middle/0"},
		{"predicate": {"custom_model_data": 1230138}, "model": "space:item/gui/oxygen_meter/middle/1"},
		{"predicate": {"custom_model_data": 1230139}, "model": "space:item/gui/oxygen_meter/middle/2"},
		{"predicate": {"custom_model_data": 1230140}, "model": "space:item/gui/oxygen_meter/middle/3"},
		{"predicate": {"custom_model_data": 1230141}, "model": "space:item/gui/oxygen_meter/middle/4"},
		{"predicate": {"custom_model_data": 1230142}, "model": "space:item/gui/oxygen_meter/middle/5"},
		{"predicate": {"custom_model_data": 1230143}, "model": "space:item/gui/oxygen_meter/middle/6"},
		{"predicate": {"custom_model_data": 1230144}, "model": "space:item/gui/oxygen_meter/middle/7"},
		{"predicate": {"custom_model_data": 1230145}, "model": "space:item/gui/oxygen_meter/middle/8"},
		{"predicate": {"custom_model_data": 1230146}, "model": "space:item/gui/oxygen_meter/top/0"},
		{"predicate": {"custom_model_data": 1230147}, "model": "space:item/gui/oxygen_meter/top/1"},
		{"predicate": {"custom_model_data": 1230148}, "model": "space:item/gui/oxygen_meter/top/2"},
		{"predicate": {"custom_model_data": 1230149}, "model": "space:item/gui/oxygen_meter/top/3"},
		{"predicate": {"custom_model_data": 1230150}, "model": "space:item/gui/oxygen_meter/top/4"},
		{"predicate": {"custom_model_data": 1230151}, "model": "space:item/gui/oxygen_meter/top/5"},
		{"predicate": {"custom_model_data": 1230152}, "model": "space:item/gui/oxygen_meter/top/6"},
		{"predicate": {"custom_model_data": 1230153}, "model": "space:item/gui/oxygen_meter/top/7"},
		{"predicate": {"custom_model_data": 1230154}, "model": "space:block/electron_belt_generator"},
		{"predicate": {"custom_model_data": 1230155}, "model": "space:block/titanium_workbench"},
		{"predicate": {"custom_model_data": 1230156}, "model": "space:block/titanium_block"},
		{"predicate": {"custom_model_data": 1230157}, "model": "space:block/aluminium_alloy_block"},
		{"predicate": {"custom_model_data": 1230158}, "model": "space:block/reinforced_aluminium_alloy_block"},
		{"predicate": {"custom_model_data": 1230159}, "model": "space:block/palladium_block"},
		{"predicate": {"custom_model_data": 1230160}, "model": "space:block/reinforced_palladium_block"},
		{"predicate": {"custom_model_data": 1230161}, "model": "space:item/uranium_dust"},
		{"predicate": {"custom_model_data": 1230162}, "model": "space:item/aluminium_alloy_ingot"},
		{"predicate": {"custom_model_data": 1230163}, "model": "space:item/palladium_ingot"},
		{"predicate": {"custom_model_data": 1230164}, "model": "space:item/titanium_can"},
		{"predicate": {"custom_model_data": 1230165}, "model": "space:item/titanium_ingot"},
		{"predicate": {"custom_model_data": 1230166}, "model": "space:item/reinforced_palladium_ingot"},
		{"predicate": {"custom_model_data": 1230167}, "model": "space:item/reinforced_aluminium_alloy_ingot"},
		{"predicate": {"custom_model_data": 1230168}, "model": "space:item/raw_aluminium_alloy"},
		{"predicate": {"custom_model_data": 1230169}, "model": "space:item/raw_palladium"},
		{"predicate": {"custom_model_data": 1230170}, "model": "space:item/raw_titanium"},
		{"predicate": {"custom_model_data": 1230171}, "model": "space:block/palladium_barrel"},
		{"predicate": {"custom_model_data": 1230172}, "model": "space:block/aluminium_barrel"},
		{"predicate": {"custom_model_data": 1230173}, "model": "space:block/titanium_barrel"},
		{"predicate": {"custom_model_data": 1230175}, "model": "space:item/gui/modules/water_ventilation"},
		{"predicate": {"custom_model_data": 1230176}, "model": "space:item/gui/modules/breath_dampener"},
		{"predicate": {"custom_model_data": 1230177}, "model": "space:item/gui/modules/spectral_vision"},
		{"predicate": {"custom_model_data": 1230178}, "model": "space:item/gui/modules/fireproof"},
		{"predicate": {"custom_model_data": 1230179}, "model": "space:item/gui/modules/jetpack"},
		{"predicate": {"custom_model_data": 1230180}, "model": "space:item/gui/modules/fast_walking"},
		{"predicate": {"custom_model_data": 1230181}, "model": "space:item/gui/modules/advanced_projectile_resistance"},
		{"predicate": {"custom_model_data": 1230182}, "model": "space:item/gui/modules/jetboots"},
		{"predicate": {"custom_model_data": 1230183}, "model": "space:block/modular_workbench"},
		{"predicate": {"custom_model_data": 1230184}, "model": "space:item/gui/cross_nobg"},
		{"predicate": {"custom_model_data": 1230185}, "model": "space:item/modular_controller"},
		{"predicate": {"custom_model_data": 1230186}, "model": "space:block/elevators/elevator_orange"},
		{"predicate": {"custom_model_data": 1230187}, "model": "space:block/elevators/elevator_magenta"},
		{"predicate": {"custom_model_data": 1230188}, "model": "space:block/elevators/elevator_light_blue"},
		{"predicate": {"custom_model_data": 1230189}, "model": "space:block/elevators/elevator_yellow"},
		{"predicate": {"custom_model_data": 1230190}, "model": "space:block/elevators/elevator_lime"},
		{"predicate": {"custom_model_data": 1230191}, "model": "space:block/elevators/elevator_pink"},
		{"predicate": {"custom_model_data": 1230192}, "model": "space:block/elevators/elevator_gray"},
		{"predicate": {"custom_model_data": 1230193}, "model": "space:block/elevators/elevator_light_gray"},
		{"predicate": {"custom_model_data": 1230194}, "model": "space:block/elevators/elevator_cyan"},
		{"predicate": {"custom_model_data": 1230195}, "model": "space:block/elevators/elevator_purple"},
		{"predicate": {"custom_model_data": 1230196}, "model": "space:block/elevators/elevator_brown"},
		{"predicate": {"custom_model_data": 1230197}, "model": "space:block/elevators/elevator_green"},
		{"predicate": {"custom_model_data": 1230198}, "model": "space:block/elevators/elevator_red"},
		{"predicate": {"custom_model_data": 1230199}, "model": "space:block/elevators/elevator_black"},
		{"predicate": {"custom_model_data": 1230200}, "model": "space:block/elevators/elevator_blue"},
		{"predicate": {"custom_model_data": 1230201}, "model": "space:item/emergency_kit"},
		{"predicate": {"custom_model_data": 1230202}, "model": "space:item/hang_glider"},
		{"predicate": {"custom_model_data": 1230203}, "model": "space:item/photonic_barrier"},
		{"predicate": {"custom_model_data": 1230205}, "model": "space:block/wireless_charging_station"},
		{"predicate": {"custom_model_data": 1230206}, "model": "space:block/sealed_wire"},
		{"predicate": {"custom_model_data": 1230207}, "model": "space:block/pipe"},
		{"predicate": {"custom_model_data": 1230208}, "model": "space:block/trash_can"},
		{"predicate": {"custom_model_data": 1230209}, "model": "space:item/lunchbox"},
		{"predicate": {"custom_model_data": 1230210}, "model": "space:block/charging_station"},
		{"predicate": {"custom_model_data": 1230211}, "model": "space:block/tank_refiller"},
		{"predicate": {"custom_model_data": 1230212}, "model": "space:block/nuclear_warhead"},
		{"predicate": {"custom_model_data": 1230213}, "model": "space:block/coal_generator"},
		{"predicate": {"custom_model_data": 1230214}, "model": "space:block/small_oxygen_cluster"},
		{"predicate": {"custom_model_data": 1230215}, "model": "space:block/medium_oxygen_cluster"},
		{"predicate": {"custom_model_data": 1230216}, "model": "space:block/large_oxygen_cluster"},
		{"predicate": {"custom_model_data": 1230217}, "model": "space:item/iodine_pill"},
		{"predicate": {"custom_model_data": 1230218}, "model": "space:block/flags/space"},
		{"predicate": {"custom_model_data": 1230219}, "model": "space:block/flags/uk"},
		{"predicate": {"custom_model_data": 1230220}, "model": "space:block/flags/us"},
		{"predicate": {"custom_model_data": 1230221}, "model": "space:block/flags/spain"},
		{"predicate": {"custom_model_data": 1230222}, "model": "space:block/flags/scotland"},
		{"predicate": {"custom_model_data": 1230223}, "model": "space:block/flags/russia"},
		{"predicate": {"custom_model_data": 1230224}, "model": "space:block/flags/mexico"},
		{"predicate": {"custom_model_data": 1230225}, "model": "space:block/flags/ireland"},
		{"predicate": {"custom_model_data": 1230226}, "model": "space:block/flags/germany"},
		{"predicate": {"custom_model_data": 1230227}, "model": "space:block/flags/france"},
		{"predicate": {"custom_model_data": 1230228}, "model": "space:block/flags/czech"},
		{"predicate": {"custom_model_data": 1230229}, "model": "space:block/flags/canada"},
		{"predicate": {"custom_model_data": 1230230}, "model": "space:block/flags/argentina"},
		{"predicate": {"custom_model_data": 1230231}, "model": "space:block/printer"},
		{"predicate": {"custom_model_data": 1230232}, "model": "space:item/gui/border_empty"},
		{"predicate": {"custom_model_data": 1230233}, "model": "space:item/rubber"},
		{"predicate": {"custom_model_data": 1230234}, "model": "space:item/canvas"},
		{"predicate": {"custom_model_data": 1230235}, "model": "space:item/aluminium_rod"},
		{"predicate": {"custom_model_data": 1230236}, "model": "space:item/capacitor"},
		{"predicate": {"custom_model_data": 1230237}, "model": "space:item/circuit_board"},
		{"predicate": {"custom_model_data": 1230238}, "model": "space:item/advanced_circuit_board"},
		{"predicate": {"custom_model_data": 1230239}, "model": "space:item/energized_wire"},
		{"predicate": {"custom_model_data": 1230240}, "model": "space:item/surge_proof_wire"},
		{"predicate": {"custom_model_data": 1230241}, "model": "space:item/compressed_tank"},
		{"predicate": {"custom_model_data": 1230242}, "model": "space:item/co2_scrubber"},
		{"predicate": {"custom_model_data": 1230243}, "model": "space:item/plastic"},
		{"predicate": {"custom_model_data": 1230244}, "model": "space:item/coolant_cell"}, 
		{"predicate": {"custom_model_data": 1230245}, "model": "space:item/aluminium_alloy_nugget"},
		{"predicate": {"custom_model_data": 1230246}, "model": "space:item/palladium_nugget"},
		{"predicate": {"custom_model_data": 1230247}, "model": "space:item/titanium_nugget"},
		{"predicate": {"custom_model_data": 1230248}, "model": "space:item/reinforced_aluminium_alloy_nugget"},
		{"predicate": {"custom_model_data": 1230249}, "model": "space:item/reinforced_palladium_nugget"},
		{"predicate": {"custom_model_data": 1230250}, "model": "space:block/artificial_gravity_generator"},
		{"predicate": {"custom_model_data": 1230251}, "model": "space:block/atomiser"},
		{"predicate": {"custom_model_data": 1230252}, "model": "space:block/solar_panel"},
		{"predicate": {"custom_model_data": 1230253}, "model": "space:block/solar_panel_on"},
		{"predicate": {"custom_model_data": 1230254}, "model": "space:block/solar_panel_off"},
		{"predicate": {"custom_model_data": 1230255}, "model": "space:block/solar_panel_advanced_on"},
		{"predicate": {"custom_model_data": 1230256}, "model": "space:block/geothermal_generator"},
		{"predicate": {"custom_model_data": 1230257}, "model": "space:item/lead_ingot"},
		{"predicate": {"custom_model_data": 1230258}, "model": "space:block/lead_block"},
		{"predicate": {"custom_model_data": 1230259}, "model": "space:item/lead_nugget"},
		{"predicate": {"custom_model_data": 1230260}, "model": "space:item/raw_lead"},
		{"predicate": {"custom_model_data": 1230261}, "model": "space:item/gui/resource_pack"},
		{"predicate": {"custom_model_data": 1230262}, "model": "space:item/oxygen_mask"},
		{"predicate": {"custom_model_data": 1230263}, "model": "space:block/suit_fabricator"},
		{"predicate": {"custom_model_data": 1230264}, "model": "space:item/infinite_oxygen_tank"},
		{"predicate": {"custom_model_data": 1230265}, "model": "space:item/gui/crafting_arrow"},
		{"predicate": {"custom_model_data": 1230266}, "model": "space:item/debug_wand"},
		{"predicate": {"custom_model_data": 1230267}, "model": "space:item/space_guide"},
		{"predicate": {"custom_model_data": 1230268}, "model": "space:item/space_cheat_guide"},
		{"predicate": {"custom_model_data": 1230269}, "model": "space:block/nuclear_reactor"},
		{"predicate": {"custom_model_data": 1230270}, "model": "space:item/gui/cluster_mode_in"},
		{"predicate": {"custom_model_data": 1230271}, "model": "space:item/gui/cluster_mode_out"},
		{"predicate": {"custom_model_data": 1230272}, "model": "space:item/gui/coolant_meter/bottom/0"},
		{"predicate": {"custom_model_data": 1230273}, "model": "space:item/gui/coolant_meter/bottom/1"},
		{"predicate": {"custom_model_data": 1230274}, "model": "space:item/gui/coolant_meter/bottom/2"},
		{"predicate": {"custom_model_data": 1230275}, "model": "space:item/gui/coolant_meter/bottom/3"},
		{"predicate": {"custom_model_data": 1230276}, "model": "space:item/gui/coolant_meter/bottom/4"},
		{"predicate": {"custom_model_data": 1230277}, "model": "space:item/gui/coolant_meter/bottom/5"},
		{"predicate": {"custom_model_data": 1230278}, "model": "space:item/gui/coolant_meter/bottom/6"},
		{"predicate": {"custom_model_data": 1230279}, "model": "space:item/gui/coolant_meter/bottom/7"},
		{"predicate": {"custom_model_data": 1230280}, "model": "space:item/gui/coolant_meter/middle/0"},
		{"predicate": {"custom_model_data": 1230281}, "model": "space:item/gui/coolant_meter/middle/1"},
		{"predicate": {"custom_model_data": 1230282}, "model": "space:item/gui/coolant_meter/middle/2"},
		{"predicate": {"custom_model_data": 1230283}, "model": "space:item/gui/coolant_meter/middle/3"},
		{"predicate": {"custom_model_data": 1230284}, "model": "space:item/gui/coolant_meter/middle/4"},
		{"predicate": {"custom_model_data": 1230285}, "model": "space:item/gui/coolant_meter/middle/5"},
		{"predicate": {"custom_model_data": 1230286}, "model": "space:item/gui/coolant_meter/middle/6"},
		{"predicate": {"custom_model_data": 1230287}, "model": "space:item/gui/coolant_meter/middle/7"},
		{"predicate": {"custom_model_data": 1230288}, "model": "space:item/gui/coolant_meter/middle/8"},
		{"predicate": {"custom_model_data": 1230289}, "model": "space:item/gui/coolant_meter/top/0"},
		{"predicate": {"custom_model_data": 1230290}, "model": "space:item/gui/coolant_meter/top/1"},
		{"predicate": {"custom_model_data": 1230291}, "model": "space:item/gui/coolant_meter/top/2"},
		{"predicate": {"custom_model_data": 1230292}, "model": "space:item/gui/coolant_meter/top/3"},
		{"predicate": {"custom_model_data": 1230293}, "model": "space:item/gui/coolant_meter/top/4"},
		{"predicate": {"custom_model_data": 1230294}, "model": "space:item/gui/coolant_meter/top/5"},
		{"predicate": {"custom_model_data": 1230295}, "model": "space:item/gui/coolant_meter/top/6"},
		{"predicate": {"custom_model_data": 1230296}, "model": "space:item/gui/coolant_meter/top/7"},
		{"predicate": {"custom_model_data": 1230297}, "model": "space:block/coolant_unit"},
		{"predicate": {"custom_model_data": 1230298}, "model": "space:block/quantum_workbench"},
		{"predicate": {"custom_model_data": 1230299}, "model": "space:block/small_coolant_cluster"},
		{"predicate": {"custom_model_data": 1230300}, "model": "space:block/medium_coolant_cluster"},
		{"predicate": {"custom_model_data": 1230301}, "model": "space:block/large_coolant_cluster"},
		{"predicate": {"custom_model_data": 1230302}, "model": "space:block/electrolytic_condenser"},
		{"predicate": {"custom_model_data": 1230304}, "model": "space:item/infinite_battery"},
		{"predicate": {"custom_model_data": 1230305}, "model": "space:block/airlock_door"},
		{"predicate": {"custom_model_data": 1230306}, "model": "space:item/gui/money"},
		{"predicate": {"custom_model_data": 1230307}, "model": "space:item/medkit"},
		{"predicate": {"custom_model_data": 1230308}, "model": "space:item/portable_workbench"},
		{"predicate": {"custom_model_data": 1230309}, "model": "space:item/portable_ender_chest"},
		{"predicate": {"custom_model_data": 1230310}, "model": "space:block/flags/ukraine"},
		{"predicate": {"custom_model_data": 1230311}, "model": "space:block/flags/australia"},
		{"predicate": {"custom_model_data": 1230312}, "model": "space:block/block_breaker"},
		{"predicate": {"custom_model_data": 1230313}, "model": "space:block/electric_furnace"},
		{"predicate": {"custom_model_data": 1230314}, "model": "space:item/aluminium_alloy_dust"},
		{"predicate": {"custom_model_data": 1230315}, "model": "space:item/palladium_dust"},
		{"predicate": {"custom_model_data": 1230316}, "model": "space:item/titanium_dust"},
		{"predicate": {"custom_model_data": 1230317}, "model": "space:item/lead_dust"},
		{"predicate": {"custom_model_data": 1230318}, "model": "space:item/iron_dust"},
		{"predicate": {"custom_model_data": 1230319}, "model": "space:item/copper_dust"},
		{"predicate": {"custom_model_data": 1230320}, "model": "space:item/gold_dust"},
		{"predicate": {"custom_model_data": 1230321}, "model": "space:block/pulverizer"},
		{"predicate": {"custom_model_data": 1230322}, "model": "space:item/parachute"},
		{"predicate": {"custom_model_data": 1230323}, "model": "space:block/electric_arc_furnace"},
		{"predicate": {"custom_model_data": 1230324}, "model": "space:block/flags/technoblade"},
		{"predicate": {"custom_model_data": 1230325}, "model": "space:block/forcefield_generator"},
		{"predicate": {"custom_model_data": 1230326}, "model": "space:item/gui/previous_page_off"},
		{"predicate": {"custom_model_data": 1230327}, "model": "space:item/gui/previous_page_on"},
		{"predicate": {"custom_model_data": 1230328}, "model": "space:item/gui/next_page_off"},
		{"predicate": {"custom_model_data": 1230329}, "model": "space:item/gui/next_page_on"},
		{"predicate": {"custom_model_data": 1230330}, "model": "space:item/gui/add_user"},
		{"predicate": {"custom_model_data": 1230331}, "model": "space:item/gui/remove_user"},
		{"predicate": {"custom_model_data": 1230332}, "model": "space:block/enchanter"},
		{"predicate": {"custom_model_data": 1230333}, "model": "space:block/disenchanter"},
		{"predicate": {"custom_model_data": 1230334}, "model": "space:block/block_placer"},
		{"predicate": {"custom_model_data": 1230335}, "model": "space:block/solar_panel_quantum_on"},
		{"predicate": {"custom_model_data": 1230336}, "model": "space:block/air_conditioner"},
		{"predicate": {"custom_model_data": 1230337}, "model": "space:block/flags/greece"},
		{"predicate": {"custom_model_data": 1230338}, "model": "space:block/flags/eu"},
		{"predicate": {"custom_model_data": 1230339}, "model": "space:block/flags/nasa"},
		{"predicate": {"custom_model_data": 1230340}, "model": "space:block/flags/jaxa"},
		{"predicate": {"custom_model_data": 1230341}, "model": "space:block/flags/esa"},
		{"predicate": {"custom_model_data": 1230342}, "model": "space:block/flags/ussr"},
		{"predicate": {"custom_model_data": 1230343}, "model": "space:block/flags/apollo"},
		{"predicate": {"custom_model_data": 1230344}, "model": "space:block/flags/artemis"},
		{"predicate": {"custom_model_data": 1230345}, "model": "space:block/charge_pad"},
		{"predicate": {"custom_model_data": 1230346}, "model": "space:block/bio_reactor"},
		{"predicate": {"custom_model_data": 1230347}, "model": "space:item/gui/modules/acid_proof"},
		{"predicate": {"custom_model_data": 1230348}, "model": "space:block/charge_pad"},
		{"predicate": {"custom_model_data": 1230349}, "model": "space:block/rover"},
		{"predicate": {"custom_model_data": 1230350}, "model": "space:item/wheel"},
		{"predicate": {"custom_model_data": 1230351}, "model": "space:block/chair"},
		{"predicate": {"custom_model_data": 1230352}, "model": "space:item/antenna"},
		{"predicate": {"custom_model_data": 1230353}, "model": "space:block/lander"},
		{"predicate": {"custom_model_data": 1230354}, "model": "space:item/gui/forward_arrow_nobg"},
		{"predicate": {"custom_model_data": 1230355}, "model": "space:item/gui/back_arrow_nobg"},
		{"predicate": {"custom_model_data": 1230356}, "model": "space:item/gui/launch"},
		{"predicate": {"custom_model_data": 1230357}, "model": "space:item/gui/next_page_on_alt"},
		{"predicate": {"custom_model_data": 1230358}, "model": "space:item/gui/next_page_off_alt"},
		{"predicate": {"custom_model_data": 1230359}, "model": "space:item/gui/previous_page_on_alt"},
		{"predicate": {"custom_model_data": 1230360}, "model": "space:item/gui/previous_page_off_alt"},
		{"predicate": {"custom_model_data": 1230361}, "model": "space:item/gui/radius"},
		{"predicate": {"custom_model_data": 1230362}, "model": "space:item/gui/particles"},
		{"predicate": {"custom_model_data": 1230363}, "model": "space:block/teleporter"},
		{"predicate": {"custom_model_data": 1230364}, "model": "space:block/refinery"},
		{"predicate": {"custom_model_data": 1230365}, "model": "space:item/gui/fuel_meter/0"},
		{"predicate": {"custom_model_data": 1230366}, "model": "space:item/gui/fuel_meter/1"},
		{"predicate": {"custom_model_data": 1230367}, "model": "space:item/gui/fuel_meter/2"},
		{"predicate": {"custom_model_data": 1230368}, "model": "space:item/gui/fuel_meter/3"},
		{"predicate": {"custom_model_data": 1230369}, "model": "space:item/gui/fuel_meter/4"},
		{"predicate": {"custom_model_data": 1230370}, "model": "space:item/gui/fuel_meter/5"},
		{"predicate": {"custom_model_data": 1230371}, "model": "space:item/gui/fuel_meter/6"},
		{"predicate": {"custom_model_data": 1230372}, "model": "space:item/gui/fuel_meter/7"},
		{"predicate": {"custom_model_data": 1230373}, "model": "space:item/gui/fuel_meter/8"},
		{"predicate": {"custom_model_data": 1230374}, "model": "space:item/gui/fuel_meter/9"},
		{"predicate": {"custom_model_data": 1230375}, "model": "space:item/gui/fuel_meter/10"},
		{"predicate": {"custom_model_data": 1230376}, "model": "space:item/gui/fuel_meter/11"},
		{"predicate": {"custom_model_data": 1230377}, "model": "space:item/gui/fuel_meter/12"},
		{"predicate": {"custom_model_data": 1230378}, "model": "space:item/gui/fuel_meter/13"},
		{"predicate": {"custom_model_data": 1230379}, "model": "space:item/gui/fuel_meter/14"},
		{"predicate": {"custom_model_data": 1230380}, "model": "space:item/gui/fuel_meter/15"},
		{"predicate": {"custom_model_data": 1230381}, "model": "space:item/gui/fuel_meter/16"},
		{"predicate": {"custom_model_data": 1230382}, "model": "space:block/refinery"},
		{"predicate": {"custom_model_data": 1230383}, "model": "space:item/portable_generator"},
		{"predicate": {"custom_model_data": 1230384}, "model": "space:item/carbon"},
		{"predicate": {"custom_model_data": 1230385}, "model": "space:item/steel_ingot"},
		{"predicate": {"custom_model_data": 1230386}, "model": "space:item/steel_dust"},
		{"predicate": {"custom_model_data": 1230387}, "model": "space:item/steel_nugget"},
		{"predicate": {"custom_model_data": 1230388}, "model": "space:block/steel_block"}
	]
}