{
	"credit": "Made with Blockbench",
	"textures": {
		"0": "block/anvil",
		"1": "block/cauldron_inner",
		"2": "block/iron_block",
		"3": "block/glass",
		"6": "block/gray_concrete",
		"7": "block/light_gray_wool",
		"8": "block/quartz_block_top",
		"9": "block/smooth_stone",
		"10": "block/sea_lantern",
		"particle": "block/light_gray_wool"
	},
	"elements": [
		{
			"name": "Cube",
			"from": [-5.07051, 9.94784, 0.7],
			"to": [-3.60747, 16.67744, 8.9],
			"rotation": {"angle": 0, "axis": "y", "origin": [8.20053, 4.9712, 19.9]},
			"faces": {
				"north": {"uv": [0, 0, 16, 16], "texture": "#3"},
				"east": {"uv": [0, 0, 16, 16], "texture": "#3"},
				"south": {"uv": [0, 0, 16, 16], "texture": "#3"},
				"west": {"uv": [0, 0, 16, 16], "texture": "#3"},
				"up": {"uv": [0, 0, 16, 16], "texture": "#3"},
				"down": {"uv": [0, 0, 16, 16], "texture": "#3"}
			}
		},
		{
			"name": "Cube",
			"from": [19.60747, 9.94784, 0.7],
			"to": [21.07051, 16.67744, 8.9],
			"rotation": {"angle": 0, "axis": "y", "origin": [7.79947, 4.9712, 19.9]},
			"faces": {
				"north": {"uv": [0, 0, 16, 16], "texture": "#3"},
				"east": {"uv": [0, 0, 16, 16], "texture": "#3"},
				"south": {"uv": [0, 0, 16, 16], "texture": "#3"},
				"west": {"uv": [0, 0, 16, 16], "texture": "#3"},
				"up": {"uv": [0, 0, 16, 16], "texture": "#3"},
				"down": {"uv": [0, 0, 16, 16], "texture": "#3"}
			}
		},
		{
			"name": "Cube",
			"from": [-5.07051, 9.94784, 9.9],
			"to": [-3.60747, 16.67744, 18.1],
			"rotation": {"angle": 0, "axis": "y", "origin": [8.20053, 4.9712, 29.1]},
			"faces": {
				"north": {"uv": [0, 0, 16, 16], "texture": "#3"},
				"east": {"uv": [0, 0, 16, 16], "texture": "#3"},
				"south": {"uv": [0, 0, 16, 16], "texture": "#3"},
				"west": {"uv": [0, 0, 16, 16], "texture": "#3"},
				"up": {"uv": [0, 0, 16, 16], "texture": "#3"},
				"down": {"uv": [0, 0, 16, 16], "texture": "#3"}
			}
		},
		{
			"name": "Cube",
			"from": [19.60747, 9.94784, 9.9],
			"to": [21.07051, 16.67744, 18.1],
			"rotation": {"angle": 0, "axis": "y", "origin": [7.79947, 4.9712, 29.1]},
			"faces": {
				"north": {"uv": [0, 0, 16, 16], "texture": "#3"},
				"east": {"uv": [0, 0, 16, 16], "texture": "#3"},
				"south": {"uv": [0, 0, 16, 16], "texture": "#3"},
				"west": {"uv": [0, 0, 16, 16], "texture": "#3"},
				"up": {"uv": [0, 0, 16, 16], "texture": "#3"},
				"down": {"uv": [0, 0, 16, 16], "texture": "#3"}
			}
		},
		{
			"name": "Cube",
			"from": [-5.07051, 9.94784, 19.1],
			"to": [-3.60747, 16.67744, 27.3],
			"rotation": {"angle": 0, "axis": "y", "origin": [8.20053, 4.9712, 38.3]},
			"faces": {
				"north": {"uv": [0, 0, 16, 16], "texture": "#3"},
				"east": {"uv": [0, 0, 16, 16], "texture": "#3"},
				"south": {"uv": [0, 0, 16, 16], "texture": "#3"},
				"west": {"uv": [0, 0, 16, 16], "texture": "#3"},
				"up": {"uv": [0, 0, 16, 16], "texture": "#3"},
				"down": {"uv": [0, 0, 16, 16], "texture": "#3"}
			}
		},
		{
			"name": "Cube",
			"from": [19.60747, 9.94784, 19.1],
			"to": [21.07051, 16.67744, 27.3],
			"rotation": {"angle": 0, "axis": "y", "origin": [7.79947, 4.9712, 38.3]},
			"faces": {
				"north": {"uv": [0, 0, 16, 16], "texture": "#3"},
				"east": {"uv": [0, 0, 16, 16], "texture": "#3"},
				"south": {"uv": [0, 0, 16, 16], "texture": "#3"},
				"west": {"uv": [0, 0, 16, 16], "texture": "#3"},
				"up": {"uv": [0, 0, 16, 16], "texture": "#3"},
				"down": {"uv": [0, 0, 16, 16], "texture": "#3"}
			}
		},
		{
			"name": "Cube",
			"from": [5.24949, 9.94784, -12],
			"to": [10.79253, 15.47744, -11.1],
			"rotation": {"angle": 0, "axis": "y", "origin": [17.56053, 6.1712, 6.9]},
			"faces": {
				"north": {"uv": [0, 0, 16, 16], "texture": "#3"},
				"east": {"uv": [0, 0, 16, 16], "texture": "#3"},
				"south": {"uv": [0, 0, 16, 16], "texture": "#3"},
				"west": {"uv": [0, 0, 16, 16], "texture": "#3"},
				"up": {"uv": [0, 0, 16, 16], "texture": "#3"},
				"down": {"uv": [0, 0, 16, 16], "texture": "#3"}
			}
		},
		{
			"name": "Cube",
			"from": [-5.30812, 9.94784, -6.07277],
			"to": [-4.22812, 15.47744, -1.45357],
			"rotation": {"angle": 0, "axis": "y", "origin": [-4.98146, 12.45558, -3.42778]},
			"faces": {
				"north": {"uv": [0, 0, 16, 16], "texture": "#3"},
				"east": {"uv": [0, 0, 16, 16], "texture": "#3"},
				"south": {"uv": [0, 0, 16, 16], "texture": "#3"},
				"west": {"uv": [0, 0, 16, 16], "texture": "#3"},
				"up": {"uv": [0, 0, 16, 16], "rotation": 270, "texture": "#3"},
				"down": {"uv": [0, 0, 16, 16], "rotation": 90, "texture": "#3"}
			}
		},
		{
			"name": "Cube",
			"from": [20.22812, 9.94784, -6.07277],
			"to": [21.30812, 15.47744, -1.45357],
			"rotation": {"angle": 0, "axis": "y", "origin": [20.98146, 12.45558, -3.42778]},
			"faces": {
				"north": {"uv": [0, 0, 16, 16], "texture": "#3"},
				"east": {"uv": [0, 0, 16, 16], "texture": "#3"},
				"south": {"uv": [0, 0, 16, 16], "texture": "#3"},
				"west": {"uv": [0, 0, 16, 16], "texture": "#3"},
				"up": {"uv": [0, 0, 16, 16], "rotation": 270, "texture": "#3"},
				"down": {"uv": [0, 0, 16, 16], "rotation": 90, "texture": "#3"}
			}
		},
		{
			"name": "Cube",
			"from": [19.60747, 17.13344, 0.5],
			"to": [21.04747, 19.05344, 28],
			"rotation": {"angle": 0, "axis": "y", "origin": [9.23947, 23.4512, 19.2]},
			"faces": {
				"north": {"uv": [0, 0, 16, 16], "texture": "#2", "tintindex": 0},
				"east": {"uv": [0, 0, 16, 16], "texture": "#2", "tintindex": 0},
				"south": {"uv": [0, 0, 16, 16], "texture": "#2", "tintindex": 0},
				"west": {"uv": [0, 0, 16, 16], "texture": "#8"},
				"up": {"uv": [0, 0, 16, 16], "texture": "#2", "tintindex": 0},
				"down": {"uv": [0, 0, 16, 16], "texture": "#2", "tintindex": 0}
			}
		},
		{
			"name": "Cube",
			"from": [-5.04747, 17.13344, 0.5],
			"to": [-3.60747, 19.05344, 28],
			"rotation": {"angle": 0, "axis": "y", "origin": [6.76053, 23.4512, 19.2]},
			"faces": {
				"north": {"uv": [16, 0, 0, 16], "texture": "#2", "tintindex": 0},
				"east": {"uv": [16, 0, 0, 16], "texture": "#8"},
				"south": {"uv": [16, 0, 0, 16], "texture": "#2", "tintindex": 0},
				"west": {"uv": [16, 0, 0, 16], "texture": "#2", "tintindex": 0},
				"up": {"uv": [16, 0, 0, 16], "texture": "#2", "tintindex": 0},
				"down": {"uv": [16, 0, 0, 16], "texture": "#2", "tintindex": 0}
			}
		},
		{
			"name": "Cube",
			"from": [19.72747, 4.53344, 0.5],
			"to": [21.04747, 9.23344, 28],
			"rotation": {"angle": 0, "axis": "y", "origin": [9.23947, 5.4512, 17.7]},
			"faces": {
				"north": {"uv": [0, 0, 16, 16], "texture": "#2", "tintindex": 0},
				"east": {"uv": [0, 0, 16, 16], "texture": "#2", "tintindex": 0},
				"south": {"uv": [0, 0, 16, 16], "texture": "#2", "tintindex": 0},
				"west": {"uv": [0, 0, 16, 16], "texture": "#8"},
				"up": {"uv": [0, 0, 16, 16], "texture": "#2", "tintindex": 0},
				"down": {"uv": [0, 0, 16, 16], "texture": "#2", "tintindex": 0}
			}
		},
		{
			"name": "Cube",
			"from": [-5.04747, 4.53344, 0.5],
			"to": [-3.72747, 9.23344, 28],
			"rotation": {"angle": 0, "axis": "y", "origin": [6.76053, 5.4512, 17.7]},
			"faces": {
				"north": {"uv": [16, 0, 0, 16], "texture": "#2", "tintindex": 0},
				"east": {"uv": [16, 0, 0, 16], "texture": "#8"},
				"south": {"uv": [16, 0, 0, 16], "texture": "#2", "tintindex": 0},
				"west": {"uv": [16, 0, 0, 16], "texture": "#2", "tintindex": 0},
				"up": {"uv": [16, 0, 0, 16], "texture": "#2", "tintindex": 0},
				"down": {"uv": [16, 0, 0, 16], "texture": "#2", "tintindex": 0}
			}
		},
		{
			"name": "Cube",
			"from": [19.60747, -3.38656, 12.9],
			"to": [20.92747, 0.81344, 28],
			"rotation": {"angle": 0, "axis": "y", "origin": [9.11947, -3.6688, 17.7]},
			"faces": {
				"north": {"uv": [0, 0, 16, 16], "texture": "#2", "tintindex": 0},
				"east": {"uv": [0, 0, 16, 16], "texture": "#2", "tintindex": 0},
				"south": {"uv": [0, 0, 16, 16], "texture": "#2", "tintindex": 0},
				"west": {"uv": [0, 0, 16, 16], "texture": "#8"},
				"up": {"uv": [0, 0, 16, 16], "texture": "#2", "tintindex": 0},
				"down": {"uv": [0, 0, 16, 16], "texture": "#2", "tintindex": 0}
			}
		},
		{
			"name": "Cube",
			"from": [-4.92747, -3.38656, 12.9],
			"to": [-3.60747, 0.81344, 28],
			"rotation": {"angle": 0, "axis": "y", "origin": [6.88053, -3.6688, 17.7]},
			"faces": {
				"north": {"uv": [16, 0, 0, 16], "texture": "#2", "tintindex": 0},
				"east": {"uv": [16, 0, 0, 16], "texture": "#8"},
				"south": {"uv": [16, 0, 0, 16], "texture": "#2", "tintindex": 0},
				"west": {"uv": [16, 0, 0, 16], "texture": "#2", "tintindex": 0},
				"up": {"uv": [16, 0, 0, 16], "texture": "#2", "tintindex": 0},
				"down": {"uv": [16, 0, 0, 16], "texture": "#2", "tintindex": 0}
			}
		},
		{
			"name": "Cube",
			"from": [19.70747, 1.31344, 10.5],
			"to": [20.82747, 5.51344, 16.6],
			"rotation": {"angle": 45, "axis": "x", "origin": [20.26747, 3.41344, 9.05]},
			"faces": {
				"north": {"uv": [16, 0, 0, 16], "texture": "#2", "tintindex": 0},
				"east": {"uv": [0, 0, 16, 16], "texture": "#2", "tintindex": 0},
				"south": {"uv": [16, 0, 0, 16], "texture": "#2", "tintindex": 0},
				"west": {"uv": [16, 0, 0, 16], "texture": "#8"},
				"up": {"uv": [16, 0, 0, 16], "texture": "#2", "tintindex": 0},
				"down": {"uv": [16, 0, 0, 16], "texture": "#2", "tintindex": 0}
			}
		},
		{
			"name": "Cube",
			"from": [-4.82747, 1.31344, 10.5],
			"to": [-3.70747, 5.51344, 16.6],
			"rotation": {"angle": 45, "axis": "x", "origin": [-4.26747, 3.41344, 9.05]},
			"faces": {
				"north": {"uv": [0, 0, 16, 16], "texture": "#2", "tintindex": 0},
				"east": {"uv": [0, 0, 16, 16], "texture": "#8"},
				"south": {"uv": [0, 0, 16, 16], "texture": "#2", "tintindex": 0},
				"west": {"uv": [16, 0, 0, 16], "texture": "#2", "tintindex": 0},
				"up": {"uv": [0, 0, 16, 16], "texture": "#2", "tintindex": 0},
				"down": {"uv": [0, 0, 16, 16], "texture": "#2", "tintindex": 0}
			}
		},
		{
			"name": "Cube",
			"from": [0.8, 20.61344, -11.5],
			"to": [15.2, 22.17344, -10.5],
			"rotation": {"angle": 0, "axis": "y", "origin": [9.152, 23.9312, 7.7]},
			"faces": {
				"north": {"uv": [0, 0, 16, 16], "rotation": 90, "texture": "#2", "tintindex": 0},
				"east": {"uv": [0, 0, 16, 16], "texture": "#8"},
				"south": {"uv": [0, 0, 16, 16], "texture": "#8"},
				"west": {"uv": [0, 0, 16, 16], "texture": "#8"},
				"up": {"uv": [0, 0, 16, 16], "texture": "#8"},
				"down": {"uv": [0, 0, 16, 16], "texture": "#8"}
			}
		},
		{
			"name": "Cube",
			"from": [-3.736, 18.35344, -11.5],
			"to": [19.736, 20.61344, -10.5],
			"rotation": {"angle": 0, "axis": "y", "origin": [9.368, 21.1712, 7.7]},
			"faces": {
				"north": {"uv": [0, 0, 16, 16], "rotation": 90, "texture": "#2", "tintindex": 0},
				"east": {"uv": [0, 0, 16, 16], "texture": "#8"},
				"south": {"uv": [0, 0, 16, 16], "texture": "#8"},
				"west": {"uv": [0, 0, 16, 16], "texture": "#8"},
				"up": {"uv": [0, 0, 16, 16], "texture": "#8"},
				"down": {"uv": [0, 0, 16, 16], "texture": "#8"}
			}
		},
		{
			"name": "Cube",
			"from": [3.464, 15.45344, -12],
			"to": [12.536, 18.21344, -11],
			"rotation": {"angle": 0, "axis": "y", "origin": [9.368, 18.7712, 7.2]},
			"faces": {
				"north": {"uv": [0, 0, 16, 16], "rotation": 90, "texture": "#9"},
				"east": {"uv": [0, 0, 16, 16], "rotation": 90, "texture": "#9"},
				"south": {"uv": [0, 0, 16, 16], "rotation": 90, "texture": "#9"},
				"west": {"uv": [0, 0, 16, 16], "rotation": 90, "texture": "#9"},
				"up": {"uv": [0, 0, 16, 16], "rotation": 90, "texture": "#9"},
				"down": {"uv": [0, 0, 16, 16], "rotation": 90, "texture": "#9"}
			}
		},
		{
			"name": "Cube",
			"from": [20.10812, 17.15344, -7.52566],
			"to": [21.30812, 18.21344, 0.03434],
			"rotation": {"angle": 0, "axis": "y", "origin": [20.98146, 11.25558, -3.42778]},
			"faces": {
				"north": {"uv": [0, 0, 16, 16], "rotation": 90, "texture": "#9"},
				"east": {"uv": [0, 0, 16, 16], "texture": "#2", "tintindex": 0},
				"south": {"uv": [0, 0, 16, 16], "rotation": 90, "texture": "#9"},
				"west": {"uv": [0, 0, 16, 16], "rotation": 90, "texture": "#9"},
				"up": {"uv": [0, 0, 16, 16], "texture": "#9"},
				"down": {"uv": [0, 0, 16, 16], "rotation": 180, "texture": "#9"}
			}
		},
		{
			"name": "Cube",
			"from": [-5.30812, 17.15344, -7.52566],
			"to": [-4.10812, 18.21344, 0.03434],
			"rotation": {"angle": 0, "axis": "y", "origin": [-4.98146, 11.25558, -3.42778]},
			"faces": {
				"north": {"uv": [0, 16, 16, 0], "rotation": 90, "texture": "#9"},
				"east": {"uv": [0, 16, 16, 0], "rotation": 90, "texture": "#9"},
				"south": {"uv": [0, 16, 16, 0], "rotation": 90, "texture": "#9"},
				"west": {"uv": [16, 0, 0, 16], "texture": "#2", "tintindex": 0},
				"up": {"uv": [16, 0, 0, 16], "texture": "#9"},
				"down": {"uv": [16, 0, 0, 16], "rotation": 180, "texture": "#9"}
			}
		},
		{
			"name": "Cube",
			"from": [10.664, 9.45344, -12],
			"to": [12.536, 15.81344, -11],
			"rotation": {"angle": 0, "axis": "y", "origin": [9.368, 16.3712, 7.2]},
			"faces": {
				"north": {"uv": [0, 0, 16, 16], "rotation": 90, "texture": "#9"},
				"east": {"uv": [0, 0, 16, 16], "rotation": 90, "texture": "#9"},
				"south": {"uv": [0, 0, 16, 16], "rotation": 90, "texture": "#9"},
				"west": {"uv": [0, 0, 16, 16], "rotation": 90, "texture": "#9"},
				"up": {"uv": [0, 0, 16, 16], "rotation": 90, "texture": "#9"},
				"down": {"uv": [0, 0, 16, 16], "rotation": 90, "texture": "#9"}
			}
		},
		{
			"name": "Cube",
			"from": [3.464, 9.45344, -12],
			"to": [5.336, 15.81344, -11],
			"rotation": {"angle": 0, "axis": "y", "origin": [2.168, 16.3712, 7.2]},
			"faces": {
				"north": {"uv": [0, 0, 16, 16], "rotation": 90, "texture": "#9"},
				"east": {"uv": [0, 0, 16, 16], "rotation": 90, "texture": "#9"},
				"south": {"uv": [0, 0, 16, 16], "rotation": 90, "texture": "#9"},
				"west": {"uv": [0, 0, 16, 16], "rotation": 90, "texture": "#9"},
				"up": {"uv": [0, 0, 16, 16], "rotation": 90, "texture": "#9"},
				"down": {"uv": [0, 0, 16, 16], "rotation": 90, "texture": "#9"}
			}
		},
		{
			"name": "Cube",
			"from": [20.10812, 9.15344, -1.52566],
			"to": [21.30812, 17.21344, 0.03434],
			"rotation": {"angle": 0, "axis": "y", "origin": [20.98146, 12.45558, -3.42778]},
			"faces": {
				"north": {"uv": [0, 0, 16, 16], "texture": "#8"},
				"east": {"uv": [16, 0, 0, 16], "texture": "#8"},
				"south": {"uv": [0, 0, 16, 16], "texture": "#8"},
				"west": {"uv": [0, 0, 16, 16], "texture": "#8"},
				"up": {"uv": [16, 16, 0, 0], "texture": "#8"},
				"down": {"uv": [16, 16, 0, 0], "texture": "#8"}
			}
		},
		{
			"name": "Cube",
			"from": [-5.30812, 9.15344, -1.52566],
			"to": [-4.10812, 17.21344, 0.03434],
			"rotation": {"angle": 0, "axis": "y", "origin": [-4.98146, 12.45558, -3.42778]},
			"faces": {
				"north": {"uv": [16, 0, 0, 16], "texture": "#8"},
				"east": {"uv": [16, 0, 0, 16], "texture": "#8"},
				"south": {"uv": [16, 0, 0, 16], "texture": "#8"},
				"west": {"uv": [0, 0, 16, 16], "texture": "#8"},
				"up": {"uv": [0, 16, 16, 0], "texture": "#8"},
				"down": {"uv": [0, 16, 16, 0], "texture": "#8"}
			}
		},
		{
			"name": "Cube",
			"from": [20.10812, 9.15344, -7.52566],
			"to": [21.30812, 17.21344, -6.06566],
			"rotation": {"angle": 0, "axis": "y", "origin": [20.98146, 12.45558, -9.42778]},
			"faces": {
				"north": {"uv": [0, 0, 16, 16], "texture": "#8"},
				"east": {"uv": [16, 0, 0, 16], "texture": "#8"},
				"south": {"uv": [0, 0, 16, 16], "texture": "#8"},
				"west": {"uv": [0, 0, 16, 16], "texture": "#8"},
				"up": {"uv": [16, 16, 0, 0], "texture": "#8"},
				"down": {"uv": [16, 16, 0, 0], "texture": "#8"}
			}
		},
		{
			"name": "Cube",
			"from": [-5.30812, 9.15344, -7.52566],
			"to": [-4.10812, 17.21344, -6.06566],
			"rotation": {"angle": 0, "axis": "y", "origin": [-4.98146, 12.45558, -9.42778]},
			"faces": {
				"north": {"uv": [16, 0, 0, 16], "texture": "#8"},
				"east": {"uv": [16, 0, 0, 16], "texture": "#8"},
				"south": {"uv": [16, 0, 0, 16], "texture": "#8"},
				"west": {"uv": [0, 0, 16, 16], "texture": "#8"},
				"up": {"uv": [0, 16, 16, 0], "texture": "#8"},
				"down": {"uv": [0, 16, 16, 0], "texture": "#8"}
			}
		},
		{
			"name": "Cube",
			"from": [19.60812, 9.15344, -11.52566],
			"to": [21.00812, 17.21344, -8.26566],
			"rotation": {"angle": 0, "axis": "y", "origin": [20.48146, 12.45558, -11.62778]},
			"faces": {
				"north": {"uv": [0, 0, 16, 16], "texture": "#8"},
				"east": {"uv": [16, 0, 0, 16], "texture": "#8"},
				"south": {"uv": [0, 0, 16, 16], "texture": "#8"},
				"west": {"uv": [0, 0, 16, 16], "texture": "#8"},
				"up": {"uv": [16, 16, 0, 0], "texture": "#8"},
				"down": {"uv": [16, 16, 0, 0], "texture": "#8"}
			}
		},
		{
			"name": "Cube",
			"from": [-5.00812, 9.15344, -11.52566],
			"to": [-3.60812, 17.21344, -8.26566],
			"rotation": {"angle": 0, "axis": "y", "origin": [-4.48146, 12.45558, -11.62778]},
			"faces": {
				"north": {"uv": [16, 0, 0, 16], "texture": "#8"},
				"east": {"uv": [16, 0, 0, 16], "texture": "#8"},
				"south": {"uv": [16, 0, 0, 16], "texture": "#8"},
				"west": {"uv": [0, 0, 16, 16], "texture": "#8"},
				"up": {"uv": [0, 16, 16, 0], "texture": "#8"},
				"down": {"uv": [0, 16, 16, 0], "texture": "#8"}
			}
		},
		{
			"name": "Cube",
			"from": [-3.60812, 9.15344, -11.5],
			"to": [2.39188, 17.21344, -10],
			"rotation": {"angle": 0, "axis": "y", "origin": [-3.48146, 12.45558, -11.62778]},
			"faces": {
				"north": {"uv": [16, 0, 0, 16], "texture": "#8"},
				"east": {"uv": [16, 0, 0, 16], "texture": "#8"},
				"south": {"uv": [16, 0, 0, 16], "texture": "#8"},
				"west": {"uv": [0, 0, 16, 16], "texture": "#8"},
				"up": {"uv": [0, 16, 16, 0], "texture": "#8"},
				"down": {"uv": [0, 16, 16, 0], "texture": "#8"}
			}
		},
		{
			"name": "Cube",
			"from": [13.60812, 9.15344, -11.5],
			"to": [19.60812, 17.21344, -10],
			"rotation": {"angle": 0, "axis": "y", "origin": [19.48146, 12.45558, -11.62778]},
			"faces": {
				"north": {"uv": [0, 0, 16, 16], "texture": "#8"},
				"east": {"uv": [16, 0, 0, 16], "texture": "#8"},
				"south": {"uv": [0, 0, 16, 16], "texture": "#8"},
				"west": {"uv": [0, 0, 16, 16], "texture": "#8"},
				"up": {"uv": [16, 16, 0, 0], "texture": "#8"},
				"down": {"uv": [16, 16, 0, 0], "texture": "#8"}
			}
		},
		{
			"name": "Cube",
			"from": [19.60812, 16.65344, 0.87434],
			"to": [21.00812, 17.21344, 28.03434],
			"rotation": {"angle": 0, "axis": "y", "origin": [20.48146, 12.45558, 0.87222]},
			"faces": {
				"north": {"uv": [0, 0, 16, 16], "texture": "#8"},
				"east": {"uv": [16, 0, 0, 16], "texture": "#8"},
				"south": {"uv": [0, 0, 16, 16], "texture": "#8"},
				"west": {"uv": [0, 0, 16, 16], "texture": "#8"},
				"up": {"uv": [16, 16, 0, 0], "texture": "#8"},
				"down": {"uv": [16, 16, 0, 0], "texture": "#8"}
			}
		},
		{
			"name": "Cube",
			"from": [-5.00812, 16.65344, 0.87434],
			"to": [-3.60812, 17.21344, 28.03434],
			"rotation": {"angle": 0, "axis": "y", "origin": [-4.48146, 12.45558, 0.87222]},
			"faces": {
				"north": {"uv": [16, 0, 0, 16], "texture": "#8"},
				"east": {"uv": [16, 0, 0, 16], "texture": "#8"},
				"south": {"uv": [16, 0, 0, 16], "texture": "#8"},
				"west": {"uv": [0, 0, 16, 16], "texture": "#8"},
				"up": {"uv": [0, 16, 16, 0], "texture": "#8"},
				"down": {"uv": [0, 16, 16, 0], "texture": "#8"}
			}
		},
		{
			"name": "Cube",
			"from": [19.60812, 9.25344, 0.87434],
			"to": [21.00812, 9.91344, 28.03434],
			"rotation": {"angle": 0, "axis": "y", "origin": [20.48146, 5.15558, 0.87222]},
			"faces": {
				"north": {"uv": [0, 0, 16, 16], "texture": "#8"},
				"east": {"uv": [16, 0, 0, 16], "texture": "#8"},
				"south": {"uv": [0, 0, 16, 16], "texture": "#8"},
				"west": {"uv": [0, 0, 16, 16], "texture": "#8"},
				"up": {"uv": [16, 16, 0, 0], "texture": "#8"},
				"down": {"uv": [16, 16, 0, 0], "texture": "#8"}
			}
		},
		{
			"name": "Cube",
			"from": [-5.00812, 9.25344, 0.87434],
			"to": [-3.60812, 9.91344, 28.03434],
			"rotation": {"angle": 0, "axis": "y", "origin": [-4.48146, 5.15558, 0.87222]},
			"faces": {
				"north": {"uv": [16, 0, 0, 16], "texture": "#8"},
				"east": {"uv": [16, 0, 0, 16], "texture": "#8"},
				"south": {"uv": [16, 0, 0, 16], "texture": "#8"},
				"west": {"uv": [0, 0, 16, 16], "texture": "#8"},
				"up": {"uv": [0, 16, 16, 0], "texture": "#8"},
				"down": {"uv": [0, 16, 16, 0], "texture": "#8"}
			}
		},
		{
			"name": "Cube",
			"from": [20.10812, 15.45344, -6.12566],
			"to": [21.30812, 17.21344, -1.46566],
			"rotation": {"angle": 0, "axis": "y", "origin": [20.98146, 12.45558, -7.82778]},
			"faces": {
				"north": {"uv": [0, 0, 16, 16], "texture": "#8"},
				"east": {"uv": [16, 0, 0, 16], "texture": "#8"},
				"south": {"uv": [0, 0, 16, 16], "texture": "#8"},
				"west": {"uv": [0, 0, 16, 16], "texture": "#8"},
				"up": {"uv": [16, 16, 0, 0], "texture": "#8"},
				"down": {"uv": [16, 16, 0, 0], "texture": "#8"}
			}
		},
		{
			"name": "Cube",
			"from": [-5.30812, 15.45344, -6.12566],
			"to": [-4.10812, 17.21344, -1.46566],
			"rotation": {"angle": 0, "axis": "y", "origin": [-4.98146, 12.45558, -7.82778]},
			"faces": {
				"north": {"uv": [16, 0, 0, 16], "texture": "#8"},
				"east": {"uv": [16, 0, 0, 16], "texture": "#8"},
				"south": {"uv": [16, 0, 0, 16], "texture": "#8"},
				"west": {"uv": [0, 0, 16, 16], "texture": "#8"},
				"up": {"uv": [0, 16, 16, 0], "texture": "#8"},
				"down": {"uv": [0, 16, 16, 0], "texture": "#8"}
			}
		},
		{
			"name": "Cube",
			"from": [20.10812, 9.15344, -6.12566],
			"to": [21.30812, 10.01344, -1.46566],
			"rotation": {"angle": 0, "axis": "y", "origin": [20.98146, 5.25558, -7.82778]},
			"faces": {
				"north": {"uv": [0, 0, 16, 16], "texture": "#8"},
				"east": {"uv": [16, 0, 0, 16], "texture": "#8"},
				"south": {"uv": [0, 0, 16, 16], "texture": "#8"},
				"west": {"uv": [0, 0, 16, 16], "texture": "#8"},
				"up": {"uv": [16, 16, 0, 0], "texture": "#8"},
				"down": {"uv": [16, 16, 0, 0], "texture": "#8"}
			}
		},
		{
			"name": "Cube",
			"from": [-5.30812, 9.15344, -6.12566],
			"to": [-4.10812, 10.01344, -1.46566],
			"rotation": {"angle": 0, "axis": "y", "origin": [-4.98146, 5.25558, -7.82778]},
			"faces": {
				"north": {"uv": [16, 0, 0, 16], "texture": "#8"},
				"east": {"uv": [16, 0, 0, 16], "texture": "#8"},
				"south": {"uv": [16, 0, 0, 16], "texture": "#8"},
				"west": {"uv": [0, 0, 16, 16], "texture": "#8"},
				"up": {"uv": [0, 16, 16, 0], "texture": "#8"},
				"down": {"uv": [0, 16, 16, 0], "texture": "#8"}
			}
		},
		{
			"name": "Cube",
			"from": [3.464, 2.13344, -12],
			"to": [12.536, 9.93344, -11],
			"rotation": {"angle": 0, "axis": "y", "origin": [9.368, 10.3712, 7.2]},
			"faces": {
				"north": {"uv": [0, 0, 16, 16], "rotation": 90, "texture": "#9"},
				"east": {"uv": [0, 0, 16, 16], "rotation": 90, "texture": "#9"},
				"south": {"uv": [0, 0, 16, 16], "rotation": 90, "texture": "#9"},
				"west": {"uv": [0, 0, 16, 16], "rotation": 90, "texture": "#9"},
				"up": {"uv": [0, 0, 16, 16], "rotation": 90, "texture": "#9"},
				"down": {"uv": [0, 0, 16, 16], "rotation": 90, "texture": "#9"}
			}
		},
		{
			"name": "Cube",
			"from": [-5.30812, 2.13344, -7.52566],
			"to": [-4.10812, 9.13344, 0.03434],
			"rotation": {"angle": 0, "axis": "y", "origin": [-4.98146, 13.65558, -3.42778]},
			"faces": {
				"north": {"uv": [0, 16, 16, 0], "rotation": 90, "texture": "#8"},
				"east": {"uv": [0, 16, 16, 0], "rotation": 90, "texture": "#8"},
				"south": {"uv": [0, 16, 16, 0], "rotation": 90, "texture": "#8"},
				"west": {"uv": [16, 0, 0, 16], "texture": "#2", "tintindex": 0},
				"up": {"uv": [16, 0, 0, 16], "rotation": 90, "texture": "#8"},
				"down": {"uv": [16, 0, 0, 16], "rotation": 90, "texture": "#8"}
			}
		},
		{
			"name": "Cube",
			"from": [20.10812, 2.13344, -7.52566],
			"to": [21.30812, 9.13344, 0.03434],
			"rotation": {"angle": 0, "axis": "y", "origin": [20.98146, 13.65558, -3.42778]},
			"faces": {
				"north": {"uv": [0, 0, 16, 16], "rotation": 90, "texture": "#8"},
				"east": {"uv": [16, 16, 0, 0], "texture": "#2", "tintindex": 0},
				"south": {"uv": [0, 0, 16, 16], "rotation": 90, "texture": "#8"},
				"west": {"uv": [0, 0, 16, 16], "rotation": 90, "texture": "#8"},
				"up": {"uv": [16, 16, 0, 0], "rotation": 90, "texture": "#8"},
				"down": {"uv": [16, 16, 0, 0], "rotation": 90, "texture": "#8"}
			}
		},
		{
			"name": "Cube",
			"from": [19.57653, 17.13344, -11.5],
			"to": [21.01653, 18.75344, -8],
			"rotation": {"angle": 0, "axis": "y", "origin": [12.52053, 14.4512, 7.7]},
			"faces": {
				"north": {"uv": [0, 0, 16, 16], "texture": "#2", "tintindex": 0},
				"east": {"uv": [0, 0, 16, 16], "texture": "#2", "tintindex": 0},
				"south": {"uv": [0, 0, 16, 16], "texture": "#8"},
				"west": {"uv": [0, 0, 16, 16], "texture": "#8"},
				"up": {"uv": [0, 0, 16, 16], "texture": "#8"},
				"down": {"uv": [0, 0, 16, 16], "texture": "#8"}
			}
		},
		{
			"name": "Cube",
			"from": [-5.01653, 17.13344, -11.5],
			"to": [-3.57653, 18.75344, -8],
			"rotation": {"angle": 0, "axis": "y", "origin": [3.47947, 14.4512, 7.7]},
			"faces": {
				"north": {"uv": [16, 0, 0, 16], "texture": "#2", "tintindex": 0},
				"east": {"uv": [16, 0, 0, 16], "texture": "#8"},
				"south": {"uv": [16, 0, 0, 16], "texture": "#8"},
				"west": {"uv": [16, 0, 0, 16], "texture": "#2", "tintindex": 0},
				"up": {"uv": [16, 0, 0, 16], "texture": "#8"},
				"down": {"uv": [16, 0, 0, 16], "texture": "#8"}
			}
		},
		{
			"name": "Cube",
			"from": [19.57653, 4.53344, -11.5],
			"to": [21.01653, 9.15344, -8],
			"rotation": {"angle": 0, "axis": "y", "origin": [12.52053, 10.0512, 7.7]},
			"faces": {
				"north": {"uv": [0, 0, 16, 16], "texture": "#2", "tintindex": 0},
				"east": {"uv": [0, 0, 16, 16], "texture": "#2", "tintindex": 0},
				"south": {"uv": [0, 0, 16, 16], "texture": "#8"},
				"west": {"uv": [0, 0, 16, 16], "texture": "#8"},
				"up": {"uv": [0, 0, 16, 16], "texture": "#8"},
				"down": {"uv": [0, 0, 16, 16], "texture": "#8"}
			}
		},
		{
			"name": "Cube",
			"from": [-5.01653, 4.53344, -11.5],
			"to": [-3.57653, 9.15344, -8],
			"rotation": {"angle": 0, "axis": "y", "origin": [3.47947, 10.0512, 7.7]},
			"faces": {
				"north": {"uv": [16, 0, 0, 16], "texture": "#2", "tintindex": 0},
				"east": {"uv": [16, 0, 0, 16], "texture": "#8"},
				"south": {"uv": [16, 0, 0, 16], "texture": "#8"},
				"west": {"uv": [16, 0, 0, 16], "texture": "#2", "tintindex": 0},
				"up": {"uv": [16, 0, 0, 16], "texture": "#8"},
				"down": {"uv": [16, 0, 0, 16], "texture": "#8"}
			}
		},
		{
			"name": "Cube",
			"from": [-5.01653, 9.93344, 8.9],
			"to": [-3.57653, 16.65344, 9.9],
			"rotation": {"angle": 0, "axis": "y", "origin": [3.47947, 14.4512, 27.6]},
			"faces": {
				"north": {"uv": [0, 0, 16, 16], "texture": "#8"},
				"east": {"uv": [16, 0, 0, 16], "texture": "#8"},
				"south": {"uv": [0, 0, 16, 16], "texture": "#8"},
				"west": {"uv": [0, 0, 16, 16], "texture": "#8"},
				"up": {"uv": [16, 16, 0, 0], "texture": "#8"},
				"down": {"uv": [16, 16, 0, 0], "texture": "#8"}
			}
		},
		{
			"name": "Cube",
			"from": [19.57653, 9.93344, 8.9],
			"to": [21.01653, 16.65344, 9.9],
			"rotation": {"angle": 0, "axis": "y", "origin": [12.52053, 14.4512, 27.6]},
			"faces": {
				"north": {"uv": [0, 0, 16, 16], "texture": "#8"},
				"east": {"uv": [16, 0, 0, 16], "texture": "#8"},
				"south": {"uv": [0, 0, 16, 16], "texture": "#8"},
				"west": {"uv": [0, 0, 16, 16], "texture": "#8"},
				"up": {"uv": [16, 16, 0, 0], "texture": "#8"},
				"down": {"uv": [16, 16, 0, 0], "texture": "#8"}
			}
		},
		{
			"name": "Cube",
			"from": [-5.01653, 9.93344, 18.1],
			"to": [-3.57653, 16.65344, 19.1],
			"rotation": {"angle": 0, "axis": "y", "origin": [3.47947, 14.4512, 36.8]},
			"faces": {
				"north": {"uv": [0, 0, 16, 16], "texture": "#8"},
				"east": {"uv": [16, 0, 0, 16], "texture": "#8"},
				"south": {"uv": [0, 0, 16, 16], "texture": "#8"},
				"west": {"uv": [0, 0, 16, 16], "texture": "#8"},
				"up": {"uv": [16, 16, 0, 0], "texture": "#8"},
				"down": {"uv": [16, 16, 0, 0], "texture": "#8"}
			}
		},
		{
			"name": "Cube",
			"from": [19.57653, 9.93344, 18.1],
			"to": [21.01653, 16.65344, 19.1],
			"rotation": {"angle": 0, "axis": "y", "origin": [12.52053, 14.4512, 36.8]},
			"faces": {
				"north": {"uv": [0, 0, 16, 16], "texture": "#8"},
				"east": {"uv": [16, 0, 0, 16], "texture": "#8"},
				"south": {"uv": [0, 0, 16, 16], "texture": "#8"},
				"west": {"uv": [0, 0, 16, 16], "texture": "#8"},
				"up": {"uv": [16, 16, 0, 0], "texture": "#8"},
				"down": {"uv": [16, 16, 0, 0], "texture": "#8"}
			}
		},
		{
			"name": "Cube",
			"from": [-5.01653, 9.93344, 27.3],
			"to": [-3.57653, 16.65344, 28],
			"rotation": {"angle": 0, "axis": "y", "origin": [3.47947, 14.4512, 46]},
			"faces": {
				"north": {"uv": [0, 0, 16, 16], "texture": "#8"},
				"east": {"uv": [16, 0, 0, 16], "texture": "#8"},
				"south": {"uv": [0, 0, 16, 16], "texture": "#8"},
				"west": {"uv": [0, 0, 16, 16], "texture": "#8"},
				"up": {"uv": [16, 16, 0, 0], "texture": "#8"},
				"down": {"uv": [16, 16, 0, 0], "texture": "#8"}
			}
		},
		{
			"name": "Cube",
			"from": [19.57653, 9.93344, 27.3],
			"to": [21.01653, 16.65344, 28],
			"rotation": {"angle": 0, "axis": "y", "origin": [12.52053, 14.4512, 46]},
			"faces": {
				"north": {"uv": [0, 0, 16, 16], "texture": "#8"},
				"east": {"uv": [16, 0, 0, 16], "texture": "#8"},
				"south": {"uv": [0, 0, 16, 16], "texture": "#8"},
				"west": {"uv": [0, 0, 16, 16], "texture": "#8"},
				"up": {"uv": [16, 16, 0, 0], "texture": "#8"},
				"down": {"uv": [16, 16, 0, 0], "texture": "#8"}
			}
		},
		{
			"name": "Cube",
			"from": [2.39947, 1.53344, -12.5],
			"to": [3.98347, 19.05344, -11.5],
			"rotation": {"angle": 0, "axis": "y", "origin": [11.03947, 16.8512, 7.7]},
			"faces": {
				"north": {"uv": [0, 0, 16, 16], "texture": "#1"},
				"east": {"uv": [0, 0, 16, 16], "texture": "#1"},
				"south": {"uv": [0, 0, 16, 16], "texture": "#1"},
				"west": {"uv": [0, 0, 16, 16], "texture": "#1"},
				"up": {"uv": [0, 0, 16, 16], "texture": "#1"},
				"down": {"uv": [0, 0, 16, 16], "texture": "#1"}
			}
		},
		{
			"name": "Cube",
			"from": [19.70812, 2.13344, -0.39855],
			"to": [21.90812, 9.15344, 0.92145],
			"rotation": {"angle": 0, "axis": "y", "origin": [20.98146, 13.65558, -3.42778]},
			"faces": {
				"north": {"uv": [16, 0, 0, 16], "texture": "#6"},
				"east": {"uv": [16, 0, 0, 16], "texture": "#6"},
				"south": {"uv": [16, 0, 0, 16], "texture": "#6"},
				"west": {"uv": [16, 0, 0, 16], "texture": "#6"},
				"up": {"uv": [0, 16, 16, 0], "texture": "#6"},
				"down": {"uv": [0, 16, 16, 0], "texture": "#6"}
			}
		},
		{
			"name": "Cube",
			"from": [-5.90812, 2.13344, -0.39855],
			"to": [-3.70812, 9.15344, 0.92145],
			"rotation": {"angle": 0, "axis": "y", "origin": [-4.98146, 13.65558, -3.42778]},
			"faces": {
				"north": {"uv": [16, 0, 0, 16], "texture": "#6", "tintindex": 0},
				"east": {"uv": [16, 0, 0, 16], "texture": "#6", "tintindex": 0},
				"south": {"uv": [16, 0, 0, 16], "texture": "#6", "tintindex": 0},
				"west": {"uv": [16, 0, 0, 16], "texture": "#6", "tintindex": 0},
				"up": {"uv": [0, 16, 16, 0], "texture": "#6", "tintindex": 0},
				"down": {"uv": [0, 16, 16, 0], "texture": "#6", "tintindex": 0}
			}
		},
		{
			"name": "Cube",
			"from": [19.70812, 2.13344, -8.39855],
			"to": [21.90812, 9.15344, -7.07855],
			"rotation": {"angle": 0, "axis": "y", "origin": [20.98146, 13.65558, -11.42778]},
			"faces": {
				"north": {"uv": [16, 0, 0, 16], "texture": "#6"},
				"east": {"uv": [16, 0, 0, 16], "texture": "#6"},
				"south": {"uv": [16, 0, 0, 16], "texture": "#6"},
				"west": {"uv": [16, 0, 0, 16], "texture": "#6"},
				"up": {"uv": [0, 16, 16, 0], "texture": "#6"},
				"down": {"uv": [0, 16, 16, 0], "texture": "#6"}
			}
		},
		{
			"name": "Cube",
			"from": [-5.90812, 2.13344, -8.39855],
			"to": [-3.70812, 9.15344, -7.07855],
			"rotation": {"angle": 0, "axis": "y", "origin": [-4.98146, 13.65558, -11.42778]},
			"faces": {
				"north": {"uv": [16, 0, 0, 16], "texture": "#6", "tintindex": 0},
				"east": {"uv": [16, 0, 0, 16], "texture": "#6", "tintindex": 0},
				"south": {"uv": [16, 0, 0, 16], "texture": "#6", "tintindex": 0},
				"west": {"uv": [16, 0, 0, 16], "texture": "#6", "tintindex": 0},
				"up": {"uv": [0, 16, 16, 0], "texture": "#6", "tintindex": 0},
				"down": {"uv": [0, 16, 16, 0], "texture": "#6", "tintindex": 0}
			}
		},
		{
			"name": "Cube",
			"from": [19.70812, 9.13344, -8.39855],
			"to": [21.90812, 17.25344, -7.07855],
			"rotation": {"angle": 0, "axis": "y", "origin": [20.98146, 21.75558, -11.42778]},
			"faces": {
				"north": {"uv": [16, 0, 0, 16], "texture": "#6", "tintindex": 0},
				"east": {"uv": [16, 0, 0, 16], "texture": "#6", "tintindex": 0},
				"south": {"uv": [16, 0, 0, 16], "texture": "#6", "tintindex": 0},
				"west": {"uv": [16, 0, 0, 16], "texture": "#6", "tintindex": 0},
				"up": {"uv": [0, 16, 16, 0], "texture": "#6", "tintindex": 0},
				"down": {"uv": [0, 16, 16, 0], "texture": "#6", "tintindex": 0}
			}
		},
		{
			"name": "Cube",
			"from": [-5.90812, 9.13344, -8.39855],
			"to": [-3.70812, 17.25344, -7.07855],
			"rotation": {"angle": 0, "axis": "y", "origin": [-4.98146, 21.75558, -11.42778]},
			"faces": {
				"north": {"uv": [16, 0, 0, 16], "texture": "#6", "tintindex": 0},
				"east": {"uv": [16, 0, 0, 16], "texture": "#6", "tintindex": 0},
				"south": {"uv": [16, 0, 0, 16], "texture": "#6", "tintindex": 0},
				"west": {"uv": [16, 0, 0, 16], "texture": "#6", "tintindex": 0},
				"up": {"uv": [0, 16, 16, 0], "texture": "#6", "tintindex": 0},
				"down": {"uv": [0, 16, 16, 0], "texture": "#6", "tintindex": 0}
			}
		},
		{
			"name": "Cube",
			"from": [19.70812, 9.13344, -0.39855],
			"to": [21.90812, 17.25344, 0.92145],
			"rotation": {"angle": 0, "axis": "y", "origin": [20.98146, 21.75558, -3.42778]},
			"faces": {
				"north": {"uv": [16, 0, 0, 16], "texture": "#6", "tintindex": 0},
				"east": {"uv": [16, 0, 0, 16], "texture": "#6", "tintindex": 0},
				"south": {"uv": [16, 0, 0, 16], "texture": "#6", "tintindex": 0},
				"west": {"uv": [16, 0, 0, 16], "texture": "#6", "tintindex": 0},
				"up": {"uv": [0, 16, 16, 0], "texture": "#6", "tintindex": 0},
				"down": {"uv": [0, 16, 16, 0], "texture": "#6", "tintindex": 0}
			}
		},
		{
			"name": "Cube",
			"from": [-5.90812, 9.13344, -0.39855],
			"to": [-3.70812, 17.25344, 0.92145],
			"rotation": {"angle": 0, "axis": "y", "origin": [-4.98146, 21.75558, -3.42778]},
			"faces": {
				"north": {"uv": [16, 0, 0, 16], "texture": "#6", "tintindex": 0},
				"east": {"uv": [16, 0, 0, 16], "texture": "#6", "tintindex": 0},
				"south": {"uv": [16, 0, 0, 16], "texture": "#6", "tintindex": 0},
				"west": {"uv": [16, 0, 0, 16], "texture": "#6", "tintindex": 0},
				"up": {"uv": [0, 16, 16, 0], "texture": "#6", "tintindex": 0},
				"down": {"uv": [0, 16, 16, 0], "texture": "#6", "tintindex": 0}
			}
		},
		{
			"name": "Cube",
			"from": [19.70812, 17.23344, -8.39855],
			"to": [21.90812, 19.05344, -7.07855],
			"rotation": {"angle": 0, "axis": "y", "origin": [20.98146, 23.55558, -11.42778]},
			"faces": {
				"north": {"uv": [16, 0, 0, 16], "texture": "#6"},
				"east": {"uv": [16, 0, 0, 16], "texture": "#6"},
				"south": {"uv": [16, 0, 0, 16], "texture": "#6"},
				"west": {"uv": [16, 0, 0, 16], "texture": "#6"},
				"up": {"uv": [0, 16, 16, 0], "texture": "#6"},
				"down": {"uv": [0, 16, 16, 0], "texture": "#6"}
			}
		},
		{
			"name": "Cube",
			"from": [-5.90812, 17.23344, -8.39855],
			"to": [-3.70812, 19.05344, -7.07855],
			"rotation": {"angle": 0, "axis": "y", "origin": [-4.98146, 23.55558, -11.42778]},
			"faces": {
				"north": {"uv": [16, 0, 0, 16], "texture": "#6", "tintindex": 0},
				"east": {"uv": [16, 0, 0, 16], "texture": "#6", "tintindex": 0},
				"south": {"uv": [16, 0, 0, 16], "texture": "#6", "tintindex": 0},
				"west": {"uv": [16, 0, 0, 16], "texture": "#6", "tintindex": 0},
				"up": {"uv": [0, 16, 16, 0], "texture": "#6", "tintindex": 0},
				"down": {"uv": [0, 16, 16, 0], "texture": "#6", "tintindex": 0}
			}
		},
		{
			"name": "Cube",
			"from": [19.70812, 17.23344, -0.39855],
			"to": [21.90812, 19.05344, 0.92145],
			"rotation": {"angle": 0, "axis": "y", "origin": [20.98146, 23.55558, -3.42778]},
			"faces": {
				"north": {"uv": [16, 0, 0, 16], "texture": "#6"},
				"east": {"uv": [16, 0, 0, 16], "texture": "#6"},
				"south": {"uv": [16, 0, 0, 16], "texture": "#6"},
				"west": {"uv": [16, 0, 0, 16], "texture": "#6"},
				"up": {"uv": [0, 16, 16, 0], "texture": "#6"},
				"down": {"uv": [0, 16, 16, 0], "texture": "#6"}
			}
		},
		{
			"name": "Cube",
			"from": [-5.90812, 17.23344, -0.39855],
			"to": [-3.70812, 19.05344, 0.92145],
			"rotation": {"angle": 0, "axis": "y", "origin": [-4.98146, 23.55558, -3.42778]},
			"faces": {
				"north": {"uv": [16, 0, 0, 16], "texture": "#6", "tintindex": 0},
				"east": {"uv": [16, 0, 0, 16], "texture": "#6", "tintindex": 0},
				"south": {"uv": [16, 0, 0, 16], "texture": "#6", "tintindex": 0},
				"west": {"uv": [16, 0, 0, 16], "texture": "#6", "tintindex": 0},
				"up": {"uv": [0, 16, 16, 0], "texture": "#6", "tintindex": 0},
				"down": {"uv": [0, 16, 16, 0], "texture": "#6", "tintindex": 0}
			}
		},
		{
			"name": "Cube",
			"from": [11.99947, 1.53344, -12.5],
			"to": [13.58347, 19.05344, -11.5],
			"rotation": {"angle": 0, "axis": "y", "origin": [20.63947, 16.8512, 7.7]},
			"faces": {
				"north": {"uv": [0, 0, 16, 16], "texture": "#1"},
				"east": {"uv": [0, 0, 16, 16], "texture": "#1"},
				"south": {"uv": [0, 0, 16, 16], "texture": "#1"},
				"west": {"uv": [0, 0, 16, 16], "texture": "#1"},
				"up": {"uv": [0, 0, 16, 16], "texture": "#1"},
				"down": {"uv": [0, 0, 16, 16], "texture": "#1"}
			}
		},
		{
			"name": "Cube",
			"from": [3.59947, 17.61344, -12.5],
			"to": [12.26347, 19.05344, -11.5],
			"rotation": {"angle": 0, "axis": "y", "origin": [17.03947, 14.4512, 7.7]},
			"faces": {
				"north": {"uv": [0, 0, 16, 16], "texture": "#1"},
				"east": {"uv": [0, 0, 16, 16], "texture": "#1"},
				"south": {"uv": [0, 0, 16, 16], "texture": "#1"},
				"west": {"uv": [0, 0, 16, 16], "texture": "#1"},
				"up": {"uv": [0, 0, 16, 16], "texture": "#1"},
				"down": {"uv": [0, 0, 16, 16], "texture": "#1"}
			}
		},
		{
			"name": "Cube",
			"from": [20.70812, 17.61344, -7.19855],
			"to": [21.90812, 19.05344, -0.27855],
			"rotation": {"angle": 0, "axis": "y", "origin": [20.98146, 11.25558, -3.42778]},
			"faces": {
				"north": {"uv": [16, 0, 0, 16], "texture": "#6"},
				"east": {"uv": [16, 0, 0, 16], "texture": "#6"},
				"south": {"uv": [16, 0, 0, 16], "texture": "#6"},
				"west": {"uv": [16, 0, 0, 16], "texture": "#6"},
				"up": {"uv": [0, 16, 16, 0], "texture": "#6"},
				"down": {"uv": [0, 16, 16, 0], "texture": "#6"}
			}
		},
		{
			"name": "Cube",
			"from": [-5.90812, 17.61344, -7.19855],
			"to": [-4.70812, 19.05344, -0.27855],
			"rotation": {"angle": 0, "axis": "y", "origin": [-4.98146, 11.25558, -3.42778]},
			"faces": {
				"north": {"uv": [16, 0, 0, 16], "texture": "#6", "tintindex": 0},
				"east": {"uv": [16, 0, 0, 16], "texture": "#6", "tintindex": 0},
				"south": {"uv": [16, 0, 0, 16], "texture": "#6", "tintindex": 0},
				"west": {"uv": [16, 0, 0, 16], "texture": "#6", "tintindex": 0},
				"up": {"uv": [0, 16, 16, 0], "texture": "#6", "tintindex": 0},
				"down": {"uv": [0, 16, 16, 0], "texture": "#6", "tintindex": 0}
			}
		},
		{
			"name": "Cube",
			"from": [-5.30812, 17.61344, 1.00145],
			"to": [-4.70812, 19.17344, 28.02145],
			"rotation": {"angle": 0, "axis": "y", "origin": [-4.98146, 11.25558, 24.57222]},
			"faces": {
				"north": {"uv": [0, 0, 16, 16], "texture": "#6", "tintindex": 0},
				"east": {"uv": [0, 0, 16, 16], "texture": "#6", "tintindex": 0},
				"south": {"uv": [0, 0, 16, 16], "texture": "#6", "tintindex": 0},
				"west": {"uv": [0, 0, 16, 16], "texture": "#6", "tintindex": 0},
				"up": {"uv": [0, 0, 16, 16], "texture": "#6", "tintindex": 0},
				"down": {"uv": [0, 0, 16, 16], "texture": "#6", "tintindex": 0}
			}
		},
		{
			"name": "Cube",
			"from": [20.70812, 17.61344, 1.00145],
			"to": [21.30812, 19.17344, 28.02145],
			"rotation": {"angle": 0, "axis": "y", "origin": [20.98146, 11.25558, 24.57222]},
			"faces": {
				"north": {"uv": [0, 0, 16, 16], "texture": "#6", "tintindex": 0},
				"east": {"uv": [0, 0, 16, 16], "texture": "#6", "tintindex": 0},
				"south": {"uv": [0, 0, 16, 16], "texture": "#6", "tintindex": 0},
				"west": {"uv": [0, 0, 16, 16], "texture": "#6", "tintindex": 0},
				"up": {"uv": [0, 0, 16, 16], "texture": "#6", "tintindex": 0},
				"down": {"uv": [0, 0, 16, 16], "texture": "#6", "tintindex": 0}
			}
		},
		{
			"name": "Cube",
			"from": [-5.30812, 17.61344, -11.59855],
			"to": [-4.70812, 19.17344, -8.37855],
			"rotation": {"angle": 0, "axis": "y", "origin": [-4.98146, 11.25558, 11.97222]},
			"faces": {
				"north": {"uv": [0, 0, 16, 16], "texture": "#6", "tintindex": 0},
				"east": {"uv": [0, 0, 16, 16], "texture": "#6", "tintindex": 0},
				"south": {"uv": [0, 0, 16, 16], "texture": "#6", "tintindex": 0},
				"west": {"uv": [0, 0, 16, 16], "texture": "#6", "tintindex": 0},
				"up": {"uv": [0, 0, 16, 16], "texture": "#6", "tintindex": 0},
				"down": {"uv": [0, 0, 16, 16], "texture": "#6", "tintindex": 0}
			}
		},
		{
			"name": "Cube",
			"from": [20.70812, 17.61344, -11.59855],
			"to": [21.30812, 19.17344, -8.37855],
			"rotation": {"angle": 0, "axis": "y", "origin": [20.98146, 11.25558, 11.97222]},
			"faces": {
				"north": {"uv": [0, 0, 16, 16], "texture": "#6", "tintindex": 0},
				"east": {"uv": [0, 0, 16, 16], "texture": "#6", "tintindex": 0},
				"south": {"uv": [0, 0, 16, 16], "texture": "#6", "tintindex": 0},
				"west": {"uv": [0, 0, 16, 16], "texture": "#6", "tintindex": 0},
				"up": {"uv": [0, 0, 16, 16], "texture": "#6", "tintindex": 0},
				"down": {"uv": [0, 0, 16, 16], "texture": "#6", "tintindex": 0}
			}
		},
		{
			"name": "Cube",
			"from": [4.31947, 7.29344, -12.5],
			"to": [4.94347, 12.57344, -10.6],
			"rotation": {"angle": 0, "axis": "y", "origin": [10.91947, 4.1312, 7.7]},
			"faces": {
				"north": {"uv": [0, 0, 16, 16], "texture": "#1"},
				"east": {"uv": [0, 0, 16, 16], "texture": "#1"},
				"south": {"uv": [0, 0, 16, 16], "texture": "#1"},
				"west": {"uv": [0, 0, 16, 16], "texture": "#1"},
				"up": {"uv": [0, 0, 16, 16], "texture": "#1"},
				"down": {"uv": [0, 0, 16, 16], "texture": "#1"}
			}
		},
		{
			"name": "Cube",
			"from": [-5.90812, 7.29344, -1.19855],
			"to": [-3.74812, 12.57344, -0.67855],
			"rotation": {"angle": 0, "axis": "y", "origin": [-4.98146, 13.65558, -3.42778]},
			"faces": {
				"north": {"uv": [0, 0, 16, 16], "texture": "#1"},
				"east": {"uv": [0, 0, 16, 16], "texture": "#1"},
				"south": {"uv": [0, 0, 16, 16], "texture": "#1"},
				"west": {"uv": [0, 0, 16, 16], "texture": "#1"},
				"up": {"uv": [0, 0, 16, 16], "rotation": 270, "texture": "#1"},
				"down": {"uv": [0, 0, 16, 16], "rotation": 90, "texture": "#1"}
			}
		},
		{
			"name": "Cube",
			"from": [19.74812, 7.29344, -1.19855],
			"to": [21.90812, 12.57344, -0.67855],
			"rotation": {"angle": 0, "axis": "y", "origin": [20.98146, 13.65558, -3.42778]},
			"faces": {
				"north": {"uv": [0, 0, 16, 16], "texture": "#1"},
				"east": {"uv": [0, 0, 16, 16], "texture": "#1"},
				"south": {"uv": [0, 0, 16, 16], "texture": "#1"},
				"west": {"uv": [0, 0, 16, 16], "texture": "#1"},
				"up": {"uv": [0, 0, 16, 16], "rotation": 270, "texture": "#1"},
				"down": {"uv": [0, 0, 16, 16], "rotation": 90, "texture": "#1"}
			}
		},
		{
			"name": "Cube",
			"from": [-2.32, 1.69971, 6.41763],
			"to": [3.44, 8.89971, 7.61763],
			"rotation": {"angle": 22.5, "axis": "x", "origin": [8, 6.83072, 14.33731]},
			"faces": {
				"north": {"uv": [0, 0, 16, 16], "texture": "#7", "tintindex": 0},
				"east": {"uv": [0, 0, 16, 16], "texture": "#7", "tintindex": 0},
				"south": {"uv": [0, 0, 16, 16], "texture": "#9"},
				"west": {"uv": [0, 0, 16, 16], "texture": "#7", "tintindex": 0},
				"up": {"uv": [0, 0, 16, 16], "texture": "#7", "tintindex": 0},
				"down": {"uv": [0, 0, 16, 16], "texture": "#7", "tintindex": 0}
			}
		},
		{
			"name": "Cube",
			"from": [-2.32, 1.69971, 15.41763],
			"to": [3.44, 8.89971, 16.61763],
			"rotation": {"angle": 22.5, "axis": "x", "origin": [8, 6.83072, 23.33731]},
			"faces": {
				"north": {"uv": [0, 0, 16, 16], "texture": "#7", "tintindex": 0},
				"east": {"uv": [0, 0, 16, 16], "texture": "#7", "tintindex": 0},
				"south": {"uv": [0, 0, 16, 16], "texture": "#9"},
				"west": {"uv": [0, 0, 16, 16], "texture": "#7", "tintindex": 0},
				"up": {"uv": [0, 0, 16, 16], "texture": "#7", "tintindex": 0},
				"down": {"uv": [0, 0, 16, 16], "texture": "#7", "tintindex": 0}
			}
		},
		{
			"name": "Cube",
			"from": [-2.32, 1.69971, 24.41763],
			"to": [3.44, 8.89971, 25.61763],
			"rotation": {"angle": 22.5, "axis": "x", "origin": [8, 6.83072, 32.33731]},
			"faces": {
				"north": {"uv": [0, 0, 16, 16], "texture": "#7", "tintindex": 0},
				"east": {"uv": [0, 0, 16, 16], "texture": "#7", "tintindex": 0},
				"south": {"uv": [0, 0, 16, 16], "texture": "#9"},
				"west": {"uv": [0, 0, 16, 16], "texture": "#7", "tintindex": 0},
				"up": {"uv": [0, 0, 16, 16], "texture": "#7", "tintindex": 0},
				"down": {"uv": [0, 0, 16, 16], "texture": "#7", "tintindex": 0}
			}
		},
		{
			"name": "Cube",
			"from": [12.56, 1.69971, 6.41763],
			"to": [18.32, 8.89971, 7.61763],
			"rotation": {"angle": 22.5, "axis": "x", "origin": [8, 6.83072, 14.33731]},
			"faces": {
				"north": {"uv": [0, 0, 16, 16], "texture": "#7", "tintindex": 0},
				"east": {"uv": [0, 0, 16, 16], "texture": "#7", "tintindex": 0},
				"south": {"uv": [0, 0, 16, 16], "texture": "#9"},
				"west": {"uv": [0, 0, 16, 16], "texture": "#7", "tintindex": 0},
				"up": {"uv": [0, 0, 16, 16], "texture": "#7", "tintindex": 0},
				"down": {"uv": [0, 0, 16, 16], "texture": "#7", "tintindex": 0}
			}
		},
		{
			"name": "Cube",
			"from": [12.56, 1.69971, 15.41763],
			"to": [18.32, 8.89971, 16.61763],
			"rotation": {"angle": 22.5, "axis": "x", "origin": [8, 6.83072, 23.33731]},
			"faces": {
				"north": {"uv": [0, 0, 16, 16], "texture": "#7", "tintindex": 0},
				"east": {"uv": [0, 0, 16, 16], "texture": "#7", "tintindex": 0},
				"south": {"uv": [0, 0, 16, 16], "texture": "#9"},
				"west": {"uv": [0, 0, 16, 16], "texture": "#7", "tintindex": 0},
				"up": {"uv": [0, 0, 16, 16], "texture": "#7", "tintindex": 0},
				"down": {"uv": [0, 0, 16, 16], "texture": "#7", "tintindex": 0}
			}
		},
		{
			"name": "Cube",
			"from": [12.56, 1.69971, 24.41763],
			"to": [18.32, 8.89971, 25.61763],
			"rotation": {"angle": 22.5, "axis": "x", "origin": [8, 6.83072, 32.33731]},
			"faces": {
				"north": {"uv": [0, 0, 16, 16], "texture": "#7", "tintindex": 0},
				"east": {"uv": [0, 0, 16, 16], "texture": "#7", "tintindex": 0},
				"south": {"uv": [0, 0, 16, 16], "texture": "#9"},
				"west": {"uv": [0, 0, 16, 16], "texture": "#7", "tintindex": 0},
				"up": {"uv": [0, 0, 16, 16], "texture": "#7", "tintindex": 0},
				"down": {"uv": [0, 0, 16, 16], "texture": "#7", "tintindex": 0}
			}
		},
		{
			"name": "Cube",
			"from": [-2.32, 4.904, 1.6],
			"to": [3.44, 6.344, 6.4],
			"rotation": {"angle": 0, "axis": "y", "origin": [8, 6.83072, 14.33731]},
			"faces": {
				"north": {"uv": [0, 0, 16, 16], "texture": "#7", "tintindex": 0},
				"east": {"uv": [0, 0, 16, 16], "texture": "#7", "tintindex": 0},
				"south": {"uv": [0, 0, 16, 16], "texture": "#7", "tintindex": 0},
				"west": {"uv": [0, 0, 16, 16], "texture": "#7", "tintindex": 0},
				"up": {"uv": [0, 0, 16, 16], "texture": "#7", "tintindex": 0},
				"down": {"uv": [0, 0, 16, 16], "texture": "#7", "tintindex": 0}
			}
		},
		{
			"name": "Cube",
			"from": [12.56, 4.904, 1.6],
			"to": [18.32, 6.344, 6.4],
			"rotation": {"angle": 0, "axis": "y", "origin": [8, 6.83072, 14.33731]},
			"faces": {
				"north": {"uv": [0, 0, 16, 16], "texture": "#7", "tintindex": 0},
				"east": {"uv": [0, 0, 16, 16], "texture": "#7", "tintindex": 0},
				"south": {"uv": [0, 0, 16, 16], "texture": "#7", "tintindex": 0},
				"west": {"uv": [0, 0, 16, 16], "texture": "#7", "tintindex": 0},
				"up": {"uv": [0, 0, 16, 16], "texture": "#7", "tintindex": 0},
				"down": {"uv": [0, 0, 16, 16], "texture": "#7", "tintindex": 0}
			}
		},
		{
			"name": "Cube",
			"from": [-3.04, 7.784, 4],
			"to": [-2.32, 8.504, 7.6],
			"rotation": {"angle": 0, "axis": "y", "origin": [8, 6.83072, 14.33731]},
			"faces": {
				"north": {"uv": [0, 0, 16, 16], "texture": "#9"},
				"east": {"uv": [0, 0, 16, 16], "texture": "#9"},
				"south": {"uv": [0, 0, 16, 16], "texture": "#9"},
				"west": {"uv": [0, 0, 16, 16], "texture": "#9"},
				"up": {"uv": [0, 0, 16, 16], "texture": "#9"},
				"down": {"uv": [0, 0, 16, 16], "texture": "#9"}
			}
		},
		{
			"name": "Cube",
			"from": [18.32, 7.784, 4],
			"to": [19.04, 8.504, 7.6],
			"rotation": {"angle": 0, "axis": "y", "origin": [8, 6.83072, 14.33731]},
			"faces": {
				"north": {"uv": [0, 0, 16, 16], "texture": "#9"},
				"east": {"uv": [0, 0, 16, 16], "texture": "#9"},
				"south": {"uv": [0, 0, 16, 16], "texture": "#9"},
				"west": {"uv": [0, 0, 16, 16], "texture": "#9"},
				"up": {"uv": [0, 0, 16, 16], "texture": "#9"},
				"down": {"uv": [0, 0, 16, 16], "texture": "#9"}
			}
		},
		{
			"name": "Cube",
			"from": [-2.32, 2.024, 1.6],
			"to": [3.44, 4.904, 6.4],
			"rotation": {"angle": 0, "axis": "y", "origin": [8, 6.83072, 14.33731]},
			"faces": {
				"north": {"uv": [0, 0, 16, 16], "texture": "#9"},
				"east": {"uv": [0, 0, 16, 16], "texture": "#9"},
				"south": {"uv": [0, 0, 16, 16], "texture": "#9"},
				"west": {"uv": [0, 0, 16, 16], "texture": "#9"},
				"up": {"uv": [0, 0, 16, 16], "texture": "#9"},
				"down": {"uv": [0, 0, 16, 16], "texture": "#9"}
			}
		},
		{
			"name": "Cube",
			"from": [12.56, 2.024, 1.6],
			"to": [18.32, 4.904, 6.4],
			"rotation": {"angle": 0, "axis": "y", "origin": [8, 6.83072, 14.33731]},
			"faces": {
				"north": {"uv": [0, 0, 16, 16], "texture": "#9"},
				"east": {"uv": [0, 0, 16, 16], "texture": "#9"},
				"south": {"uv": [0, 0, 16, 16], "texture": "#9"},
				"west": {"uv": [0, 0, 16, 16], "texture": "#9"},
				"up": {"uv": [0, 0, 16, 16], "texture": "#9"},
				"down": {"uv": [0, 0, 16, 16], "texture": "#9"}
			}
		},
		{
			"name": "Cube",
			"from": [3.44, 7.784, 4],
			"to": [4.16, 8.504, 7.6],
			"rotation": {"angle": 0, "axis": "y", "origin": [8, 6.83072, 14.33731]},
			"faces": {
				"north": {"uv": [0, 0, 16, 16], "texture": "#9"},
				"east": {"uv": [0, 0, 16, 16], "texture": "#9"},
				"south": {"uv": [0, 0, 16, 16], "texture": "#9"},
				"west": {"uv": [0, 0, 16, 16], "texture": "#9"},
				"up": {"uv": [0, 0, 16, 16], "texture": "#9"},
				"down": {"uv": [0, 0, 16, 16], "texture": "#9"}
			}
		},
		{
			"name": "Cube",
			"from": [11.84, 7.784, 4],
			"to": [12.56, 8.504, 7.6],
			"rotation": {"angle": 0, "axis": "y", "origin": [8, 6.83072, 14.33731]},
			"faces": {
				"north": {"uv": [0, 0, 16, 16], "texture": "#9"},
				"east": {"uv": [0, 0, 16, 16], "texture": "#9"},
				"south": {"uv": [0, 0, 16, 16], "texture": "#9"},
				"west": {"uv": [0, 0, 16, 16], "texture": "#9"},
				"up": {"uv": [0, 0, 16, 16], "texture": "#9"},
				"down": {"uv": [0, 0, 16, 16], "texture": "#9"}
			}
		},
		{
			"name": "Cube",
			"from": [2.8136, 20.96576, -11.6],
			"to": [13.1864, 23.4464, 28],
			"rotation": {"angle": 0, "axis": "y", "origin": [10.436, 7.9712, 8.8]},
			"faces": {
				"north": {"uv": [0, 0, 16, 16], "texture": "#6", "tintindex": 0},
				"east": {"uv": [0, 0, 16, 16], "texture": "#6", "tintindex": 0},
				"south": {"uv": [0, 0, 16, 16], "texture": "#6", "tintindex": 0},
				"west": {"uv": [0, 0, 16, 16], "texture": "#6", "tintindex": 0},
				"up": {"uv": [0, 0, 16, 16], "texture": "#6", "tintindex": 0},
				"down": {"uv": [0, 0, 16, 16], "texture": "#6", "tintindex": 0}
			}
		},
		{
			"name": "Cube",
			"from": [4.0136, 2.00576, -11.7],
			"to": [11.9864, 2.60576, 28],
			"rotation": {"angle": 0, "axis": "y", "origin": [10.436, -10.5088, 8.7]},
			"faces": {
				"north": {"uv": [0, 0, 16, 16], "texture": "#7", "tintindex": 0},
				"east": {"uv": [0, 0, 16, 16], "texture": "#7", "tintindex": 0},
				"south": {"uv": [0, 0, 16, 16], "texture": "#7", "tintindex": 0},
				"west": {"uv": [0, 0, 16, 16], "texture": "#7", "tintindex": 0},
				"up": {"uv": [0, 0, 16, 16], "texture": "#7", "tintindex": 0},
				"down": {"uv": [0, 0, 16, 16], "texture": "#7", "tintindex": 0}
			}
		},
		{
			"name": "Cube",
			"from": [6.82603, 21.69344, -11.6],
			"to": [15.98443, 23.91584, 28],
			"rotation": {"angle": -22.5, "axis": "z", "origin": [8.62891, 7.71296, 9.8]},
			"faces": {
				"north": {"uv": [0, 0, 16, 16], "texture": "#6", "tintindex": 0},
				"east": {"uv": [0, 0, 16, 16], "texture": "#6", "tintindex": 0},
				"south": {"uv": [0, 0, 16, 16], "texture": "#6", "tintindex": 0},
				"west": {"uv": [0, 0, 16, 16], "texture": "#6", "tintindex": 0},
				"up": {"uv": [0, 0, 16, 16], "texture": "#6", "tintindex": 0},
				"down": {"uv": [0, 0, 16, 16], "texture": "#6", "tintindex": 0}
			}
		},
		{
			"name": "Cube",
			"from": [0.01557, 21.69344, -11.6],
			"to": [9.17397, 23.91584, 28],
			"rotation": {"angle": 22.5, "axis": "z", "origin": [7.37109, 7.71296, 9.8]},
			"faces": {
				"north": {"uv": [0, 0, 16, 16], "texture": "#6", "tintindex": 0},
				"east": {"uv": [0, 0, 16, 16], "texture": "#6", "tintindex": 0},
				"south": {"uv": [0, 0, 16, 16], "texture": "#6", "tintindex": 0},
				"west": {"uv": [0, 0, 16, 16], "texture": "#6", "tintindex": 0},
				"up": {"uv": [0, 0, 16, 16], "texture": "#6", "tintindex": 0},
				"down": {"uv": [0, 0, 16, 16], "texture": "#6", "tintindex": 0}
			}
		},
		{
			"name": "Cube",
			"from": [-5.04747, 2.13344, 0.5],
			"to": [-3.60747, 4.53344, 28],
			"rotation": {"angle": 0, "axis": "y", "origin": [6.76053, 3.0512, 19.7]},
			"faces": {
				"north": {"uv": [0, 0, 16, 16], "texture": "#6", "tintindex": 0},
				"east": {"uv": [0, 0, 16, 16], "texture": "#6", "tintindex": 0},
				"south": {"uv": [0, 0, 16, 16], "texture": "#6", "tintindex": 0},
				"west": {"uv": [0, 0, 16, 16], "texture": "#6", "tintindex": 0},
				"up": {"uv": [0, 0, 16, 16], "texture": "#6", "tintindex": 0},
				"down": {"uv": [0, 0, 16, 16], "texture": "#6", "tintindex": 0}
			}
		},
		{
			"name": "Cube",
			"from": [19.60747, 2.13344, 0.5],
			"to": [21.04747, 4.53344, 28],
			"rotation": {"angle": 0, "axis": "y", "origin": [9.23947, 3.0512, 19.7]},
			"faces": {
				"north": {"uv": [0, 0, 16, 16], "texture": "#6", "tintindex": 0},
				"east": {"uv": [0, 0, 16, 16], "texture": "#6", "tintindex": 0},
				"south": {"uv": [0, 0, 16, 16], "texture": "#6", "tintindex": 0},
				"west": {"uv": [0, 0, 16, 16], "texture": "#6", "tintindex": 0},
				"up": {"uv": [0, 0, 16, 16], "texture": "#6", "tintindex": 0},
				"down": {"uv": [0, 0, 16, 16], "texture": "#6", "tintindex": 0}
			}
		},
		{
			"name": "Cube",
			"from": [-5.04747, 2.13344, -11.5],
			"to": [-3.60747, 4.53344, -8],
			"rotation": {"angle": 0, "axis": "y", "origin": [6.76053, 3.0512, 8.7]},
			"faces": {
				"north": {"uv": [0, 0, 16, 16], "texture": "#6", "tintindex": 0},
				"east": {"uv": [0, 0, 16, 16], "texture": "#6", "tintindex": 0},
				"south": {"uv": [0, 0, 16, 16], "texture": "#6", "tintindex": 0},
				"west": {"uv": [0, 0, 16, 16], "texture": "#6", "tintindex": 0},
				"up": {"uv": [0, 0, 16, 16], "texture": "#6", "tintindex": 0},
				"down": {"uv": [0, 0, 16, 16], "texture": "#6", "tintindex": 0}
			}
		},
		{
			"name": "Cube",
			"from": [19.60747, 2.13344, -11.5],
			"to": [21.04747, 4.53344, -8],
			"rotation": {"angle": 0, "axis": "y", "origin": [9.23947, 3.0512, 8.7]},
			"faces": {
				"north": {"uv": [0, 0, 16, 16], "texture": "#6", "tintindex": 0},
				"east": {"uv": [0, 0, 16, 16], "texture": "#6", "tintindex": 0},
				"south": {"uv": [0, 0, 16, 16], "texture": "#6", "tintindex": 0},
				"west": {"uv": [0, 0, 16, 16], "texture": "#6", "tintindex": 0},
				"up": {"uv": [0, 0, 16, 16], "texture": "#6", "tintindex": 0},
				"down": {"uv": [0, 0, 16, 16], "texture": "#6", "tintindex": 0}
			}
		},
		{
			"name": "Cube",
			"from": [12.04747, 2.13344, -11.5],
			"to": [19.84747, 4.53344, -10],
			"rotation": {"angle": 0, "axis": "y", "origin": [0.83947, 3.0512, 19.7]},
			"faces": {
				"north": {"uv": [0, 0, 16, 16], "texture": "#6", "tintindex": 0},
				"east": {"uv": [0, 0, 16, 16], "texture": "#6", "tintindex": 0},
				"south": {"uv": [0, 0, 16, 16], "texture": "#6", "tintindex": 0},
				"west": {"uv": [0, 0, 16, 16], "texture": "#6", "tintindex": 0},
				"up": {"uv": [0, 0, 16, 16], "texture": "#6", "tintindex": 0},
				"down": {"uv": [0, 0, 16, 16], "texture": "#6", "tintindex": 0}
			}
		},
		{
			"name": "Cube",
			"from": [-3.84747, 2.13344, -11.5],
			"to": [3.95253, 4.53344, -10],
			"rotation": {"angle": 0, "axis": "y", "origin": [15.16053, 3.0512, 19.7]},
			"faces": {
				"north": {"uv": [0, 0, 16, 16], "texture": "#6", "tintindex": 0},
				"east": {"uv": [0, 0, 16, 16], "texture": "#6", "tintindex": 0},
				"south": {"uv": [0, 0, 16, 16], "texture": "#6", "tintindex": 0},
				"west": {"uv": [0, 0, 16, 16], "texture": "#6", "tintindex": 0},
				"up": {"uv": [0, 0, 16, 16], "texture": "#6", "tintindex": 0},
				"down": {"uv": [0, 0, 16, 16], "texture": "#6", "tintindex": 0}
			}
		},
		{
			"name": "Cube",
			"from": [-3.72747, 4.53344, -11.5],
			"to": [3.95253, 9.13344, -10],
			"rotation": {"angle": 0, "axis": "y", "origin": [15.16053, 5.4512, 19.7]},
			"faces": {
				"north": {"uv": [0, 0, 16, 16], "rotation": 90, "texture": "#2", "tintindex": 0},
				"east": {"uv": [0, 0, 16, 16], "texture": "#8"},
				"south": {"uv": [0, 0, 16, 16], "texture": "#8"},
				"west": {"uv": [0, 0, 16, 16], "texture": "#8"},
				"up": {"uv": [0, 0, 16, 16], "texture": "#8"},
				"down": {"uv": [0, 0, 16, 16], "texture": "#8"}
			}
		},
		{
			"name": "Cube",
			"from": [12.04747, 4.53344, -11.5],
			"to": [19.72747, 9.13344, -10],
			"rotation": {"angle": 0, "axis": "y", "origin": [0.83947, 5.4512, 19.7]},
			"faces": {
				"north": {"uv": [0, 16, 16, 0], "rotation": 90, "texture": "#2", "tintindex": 0},
				"east": {"uv": [16, 0, 0, 16], "texture": "#8"},
				"south": {"uv": [16, 0, 0, 16], "texture": "#8"},
				"west": {"uv": [16, 0, 0, 16], "texture": "#8"},
				"up": {"uv": [16, 0, 0, 16], "texture": "#8"},
				"down": {"uv": [16, 0, 0, 16], "texture": "#8"}
			}
		},
		{
			"name": "Cube",
			"from": [-3.72747, 17.23344, -11.5],
			"to": [3.95253, 18.33344, -10],
			"rotation": {"angle": 0, "axis": "y", "origin": [15.16053, 16.2512, 19.7]},
			"faces": {
				"north": {"uv": [0, 0, 16, 16], "rotation": 90, "texture": "#2", "tintindex": 0},
				"east": {"uv": [0, 0, 16, 16], "texture": "#8"},
				"south": {"uv": [0, 0, 16, 16], "texture": "#8"},
				"west": {"uv": [0, 0, 16, 16], "texture": "#8"},
				"up": {"uv": [0, 0, 16, 16], "texture": "#8"},
				"down": {"uv": [0, 0, 16, 16], "texture": "#8"}
			}
		},
		{
			"name": "Cube",
			"from": [12.04747, 17.23344, -11.5],
			"to": [19.72747, 18.33344, -10],
			"rotation": {"angle": 0, "axis": "y", "origin": [0.83947, 16.2512, 19.7]},
			"faces": {
				"north": {"uv": [0, 16, 16, 0], "rotation": 90, "texture": "#2", "tintindex": 0},
				"east": {"uv": [16, 0, 0, 16], "texture": "#8"},
				"south": {"uv": [16, 0, 0, 16], "texture": "#8"},
				"west": {"uv": [16, 0, 0, 16], "texture": "#8"},
				"up": {"uv": [16, 0, 0, 16], "texture": "#8"},
				"down": {"uv": [16, 0, 0, 16], "texture": "#8"}
			}
		},
		{
			"name": "Cube",
			"from": [14.48, -6.08896, 13.7],
			"to": [19.424, 0.33344, 26],
			"rotation": {"angle": 0, "axis": "y", "origin": [9.5552, 3.6512, 3.6]},
			"faces": {
				"north": {"uv": [0, 0, 16, 16], "texture": "#0"},
				"east": {"uv": [0, 0, 16, 16], "texture": "#0"},
				"south": {"uv": [0, 0, 16, 16], "texture": "#0"},
				"west": {"uv": [0, 0, 16, 16], "texture": "#0"},
				"up": {"uv": [0, 0, 16, 16], "texture": "#0"},
				"down": {"uv": [0, 0, 16, 16], "texture": "#0"}
			}
		},
		{
			"name": "Cube",
			"from": [-3.424, -6.08896, 13.7],
			"to": [1.52, 0.33344, 26],
			"rotation": {"angle": 0, "axis": "y", "origin": [6.4448, 3.6512, 3.6]},
			"faces": {
				"north": {"uv": [0, 0, 16, 16], "texture": "#0"},
				"east": {"uv": [0, 0, 16, 16], "texture": "#0"},
				"south": {"uv": [0, 0, 16, 16], "texture": "#0"},
				"west": {"uv": [0, 0, 16, 16], "texture": "#0"},
				"up": {"uv": [0, 0, 16, 16], "texture": "#0"},
				"down": {"uv": [0, 0, 16, 16], "texture": "#0"}
			}
		},
		{
			"name": "Base",
			"from": [9.3248, -2.3488, -16],
			"to": [10.9952, 0.8048, -14.6],
			"rotation": {"angle": 0, "axis": "y", "origin": [-2.47168, 6.2912, 12.8]},
			"faces": {
				"north": {"uv": [0, 0, 16, 16], "texture": "#0"},
				"east": {"uv": [0, 0, 16, 16], "texture": "#0"},
				"south": {"uv": [0, 0, 16, 16], "texture": "#0"},
				"west": {"uv": [0, 0, 16, 16], "texture": "#0"},
				"up": {"uv": [0, 0, 16, 16], "texture": "#0"},
				"down": {"uv": [0, 0, 16, 16], "texture": "#0"}
			}
		},
		{
			"name": "Base",
			"from": [5.0048, -2.3488, -16],
			"to": [6.6752, 0.8048, -14.6],
			"rotation": {"angle": 0, "axis": "y", "origin": [-6.79168, 6.2912, 12.8]},
			"faces": {
				"north": {"uv": [0, 0, 16, 16], "texture": "#0"},
				"east": {"uv": [0, 0, 16, 16], "texture": "#0"},
				"south": {"uv": [0, 0, 16, 16], "texture": "#0"},
				"west": {"uv": [0, 0, 16, 16], "texture": "#0"},
				"up": {"uv": [0, 0, 16, 16], "texture": "#0"},
				"down": {"uv": [0, 0, 16, 16], "texture": "#0"}
			}
		},
		{
			"name": "Base",
			"from": [6.4448, -2.3488, -15.6],
			"to": [9.5552, 0.8048, -13.6],
			"rotation": {"angle": 0, "axis": "y", "origin": [-3.91168, 6.2912, 12.8]},
			"faces": {
				"north": {"uv": [0, 0, 16, 16], "texture": "#0"},
				"east": {"uv": [0, 0, 16, 16], "texture": "#0"},
				"south": {"uv": [0, 0, 16, 16], "texture": "#0"},
				"west": {"uv": [0, 0, 16, 16], "texture": "#0"},
				"up": {"uv": [0, 0, 16, 16], "texture": "#0"},
				"down": {"uv": [0, 0, 16, 16], "texture": "#0"}
			}
		},
		{
			"name": "Cube",
			"from": [-6.544, -0.99616, -13.6],
			"to": [22.544, 2.19104, -10],
			"rotation": {"angle": 0, "axis": "y", "origin": [11.6288, 7.8512, 12.8]},
			"faces": {
				"north": {"uv": [0, 0, 16, 16], "texture": "#1"},
				"east": {"uv": [0, 0, 16, 16], "texture": "#1"},
				"south": {"uv": [0, 0, 16, 16], "texture": "#1"},
				"west": {"uv": [0, 0, 16, 16], "texture": "#1"},
				"up": {"uv": [0, 0, 16, 16], "texture": "#1"},
				"down": {"uv": [0, 0, 16, 16], "texture": "#1"}
			}
		},
		{
			"name": "Cube",
			"from": [-5.96, 0.75104, -12.4],
			"to": [21.96, 2.13344, 28],
			"rotation": {"angle": 0, "axis": "y", "origin": [9.5552, 5.4512, 12.8]},
			"faces": {
				"north": {"uv": [0, 0, 16, 16], "texture": "#1"},
				"east": {"uv": [0, 0, 16, 16], "texture": "#1"},
				"south": {"uv": [0, 0, 16, 16], "texture": "#1"},
				"west": {"uv": [0, 0, 16, 16], "texture": "#1"},
				"up": {"uv": [0, 0, 16, 16], "texture": "#1"},
				"down": {"uv": [0, 0, 16, 16], "texture": "#1"}
			}
		},
		{
			"name": "Cube",
			"from": [11.84, 2.19104, -11.4],
			"to": [20.48, 2.43104, 28],
			"rotation": {"angle": 0, "axis": "y", "origin": [25.1552, 7.0112, 12.8]},
			"faces": {
				"north": {"uv": [0, 0, 16, 16], "texture": "#8"},
				"east": {"uv": [0, 0, 16, 16], "texture": "#8"},
				"south": {"uv": [0, 0, 16, 16], "texture": "#8"},
				"west": {"uv": [0, 0, 16, 16], "texture": "#8"},
				"up": {"uv": [0, 0, 16, 16], "texture": "#8"},
				"down": {"uv": [0, 0, 16, 16], "texture": "#8"}
			}
		},
		{
			"name": "Cube",
			"from": [-4.24, 2.19104, -11.4],
			"to": [4.16, 2.43104, 28],
			"rotation": {"angle": 0, "axis": "y", "origin": [10.7552, 7.0112, 12.8]},
			"faces": {
				"north": {"uv": [0, 0, 16, 16], "texture": "#8"},
				"east": {"uv": [0, 0, 16, 16], "texture": "#8"},
				"south": {"uv": [0, 0, 16, 16], "texture": "#8"},
				"west": {"uv": [0, 0, 16, 16], "texture": "#8"},
				"up": {"uv": [0, 0, 16, 16], "texture": "#8"},
				"down": {"uv": [0, 0, 16, 16], "texture": "#8"}
			}
		},
		{
			"name": "Cube",
			"from": [-3.76, 18.27104, -11.4],
			"to": [1.16, 19.47104, 28],
			"rotation": {"angle": 0, "axis": "y", "origin": [10.7552, 23.0912, 12.8]},
			"faces": {
				"north": {"uv": [0, 0, 16, 16], "texture": "#8"},
				"east": {"uv": [0, 0, 16, 16], "texture": "#8"},
				"south": {"uv": [0, 0, 16, 16], "texture": "#8"},
				"west": {"uv": [0, 0, 16, 16], "texture": "#8"},
				"up": {"uv": [0, 0, 16, 16], "texture": "#8"},
				"down": {"uv": [0, 0, 16, 16], "texture": "#8"}
			}
		},
		{
			"name": "Cube",
			"from": [-3.76, 15.75104, 20.6],
			"to": [1.64, 18.27104, 28],
			"rotation": {"angle": 0, "axis": "y", "origin": [10.7552, 20.6912, 12.8]},
			"faces": {
				"north": {"uv": [0, 0, 16, 16], "texture": "#9"},
				"east": {"uv": [0, 0, 16, 16], "texture": "#9"},
				"south": {"uv": [0, 0, 16, 16], "texture": "#9"},
				"west": {"uv": [0, 0, 16, 16], "texture": "#9"},
				"up": {"uv": [0, 0, 16, 16], "texture": "#9"},
				"down": {"uv": [0, 0, 16, 16], "texture": "#9"}
			}
		},
		{
			"name": "Cube",
			"from": [14.36, 15.75104, 20.6],
			"to": [19.76, 18.27104, 28],
			"rotation": {"angle": 0, "axis": "y", "origin": [5.2448, 20.6912, 12.8]},
			"faces": {
				"north": {"uv": [0, 0, 16, 16], "texture": "#9"},
				"east": {"uv": [0, 0, 16, 16], "texture": "#9"},
				"south": {"uv": [0, 0, 16, 16], "texture": "#9"},
				"west": {"uv": [0, 0, 16, 16], "texture": "#9"},
				"up": {"uv": [0, 0, 16, 16], "texture": "#9"},
				"down": {"uv": [0, 0, 16, 16], "texture": "#9"}
			}
		},
		{
			"name": "Cube",
			"from": [-3.76, 15.75104, 13.6],
			"to": [1.64, 18.27104, 21],
			"rotation": {"angle": 0, "axis": "y", "origin": [10.7552, 20.6912, 5.8]},
			"faces": {
				"north": {"uv": [0, 0, 16, 16], "texture": "#9"},
				"east": {"uv": [0, 0, 16, 16], "texture": "#9"},
				"south": {"uv": [0, 0, 16, 16], "texture": "#9"},
				"west": {"uv": [0, 0, 16, 16], "texture": "#9"},
				"up": {"uv": [0, 0, 16, 16], "texture": "#9"},
				"down": {"uv": [0, 0, 16, 16], "texture": "#9"}
			}
		},
		{
			"name": "Cube",
			"from": [14.36, 15.75104, 13.6],
			"to": [19.76, 18.27104, 21],
			"rotation": {"angle": 0, "axis": "y", "origin": [5.2448, 20.6912, 5.8]},
			"faces": {
				"north": {"uv": [0, 0, 16, 16], "texture": "#9"},
				"east": {"uv": [0, 0, 16, 16], "texture": "#9"},
				"south": {"uv": [0, 0, 16, 16], "texture": "#9"},
				"west": {"uv": [0, 0, 16, 16], "texture": "#9"},
				"up": {"uv": [0, 0, 16, 16], "texture": "#9"},
				"down": {"uv": [0, 0, 16, 16], "texture": "#9"}
			}
		},
		{
			"name": "Cube",
			"from": [-3.76, 15.75104, 6.6],
			"to": [1.64, 18.27104, 14],
			"rotation": {"angle": 0, "axis": "y", "origin": [10.7552, 20.6912, -1.2]},
			"faces": {
				"north": {"uv": [0, 0, 16, 16], "texture": "#9"},
				"east": {"uv": [0, 0, 16, 16], "texture": "#9"},
				"south": {"uv": [0, 0, 16, 16], "texture": "#9"},
				"west": {"uv": [0, 0, 16, 16], "texture": "#9"},
				"up": {"uv": [0, 0, 16, 16], "texture": "#9"},
				"down": {"uv": [0, 0, 16, 16], "texture": "#9"}
			}
		},
		{
			"name": "Cube",
			"from": [14.36, 15.75104, 6.6],
			"to": [19.76, 18.27104, 14],
			"rotation": {"angle": 0, "axis": "y", "origin": [5.2448, 20.6912, -1.2]},
			"faces": {
				"north": {"uv": [0, 0, 16, 16], "texture": "#9"},
				"east": {"uv": [0, 0, 16, 16], "texture": "#9"},
				"south": {"uv": [0, 0, 16, 16], "texture": "#9"},
				"west": {"uv": [0, 0, 16, 16], "texture": "#9"},
				"up": {"uv": [0, 0, 16, 16], "texture": "#9"},
				"down": {"uv": [0, 0, 16, 16], "texture": "#9"}
			}
		},
		{
			"name": "Cube",
			"from": [-3.76, 15.75104, -0.4],
			"to": [1.64, 18.27104, 7],
			"rotation": {"angle": 0, "axis": "y", "origin": [10.7552, 20.6912, -8.2]},
			"faces": {
				"north": {"uv": [0, 0, 16, 16], "texture": "#9"},
				"east": {"uv": [0, 0, 16, 16], "texture": "#9"},
				"south": {"uv": [0, 0, 16, 16], "texture": "#9"},
				"west": {"uv": [0, 0, 16, 16], "texture": "#9"},
				"up": {"uv": [0, 0, 16, 16], "texture": "#9"},
				"down": {"uv": [0, 0, 16, 16], "texture": "#9"}
			}
		},
		{
			"name": "Cube",
			"from": [14.36, 15.75104, -0.4],
			"to": [19.76, 18.27104, 7],
			"rotation": {"angle": 0, "axis": "y", "origin": [5.2448, 20.6912, -8.2]},
			"faces": {
				"north": {"uv": [0, 0, 16, 16], "texture": "#9"},
				"east": {"uv": [0, 0, 16, 16], "texture": "#9"},
				"south": {"uv": [0, 0, 16, 16], "texture": "#9"},
				"west": {"uv": [0, 0, 16, 16], "texture": "#9"},
				"up": {"uv": [0, 0, 16, 16], "texture": "#9"},
				"down": {"uv": [0, 0, 16, 16], "texture": "#9"}
			}
		},
		{
			"name": "Cube",
			"from": [14.84, 18.27104, -11.4],
			"to": [19.76, 19.47104, 28],
			"rotation": {"angle": 0, "axis": "y", "origin": [5.2448, 23.0912, 12.8]},
			"faces": {
				"north": {"uv": [0, 0, 16, 16], "texture": "#8"},
				"east": {"uv": [0, 0, 16, 16], "texture": "#8"},
				"south": {"uv": [0, 0, 16, 16], "texture": "#8"},
				"west": {"uv": [0, 0, 16, 16], "texture": "#8"},
				"up": {"uv": [0, 0, 16, 16], "texture": "#8"},
				"down": {"uv": [0, 0, 16, 16], "texture": "#8"}
			}
		},
		{
			"name": "Cube",
			"from": [-1.36, 19.47104, -11.4],
			"to": [2.96, 21.15104, 28],
			"rotation": {"angle": 0, "axis": "y", "origin": [13.1552, 24.2912, 12.8]},
			"faces": {
				"north": {"uv": [0, 0, 16, 16], "texture": "#8"},
				"east": {"uv": [0, 0, 16, 16], "texture": "#8"},
				"south": {"uv": [0, 0, 16, 16], "texture": "#8"},
				"west": {"uv": [0, 0, 16, 16], "texture": "#8"},
				"up": {"uv": [0, 0, 16, 16], "texture": "#8"},
				"down": {"uv": [0, 0, 16, 16], "texture": "#8"}
			}
		},
		{
			"name": "Cube",
			"from": [13.04, 19.47104, -11.4],
			"to": [17.36, 21.15104, 28],
			"rotation": {"angle": 0, "axis": "y", "origin": [2.8448, 24.2912, 12.8]},
			"faces": {
				"north": {"uv": [0, 0, 16, 16], "texture": "#8"},
				"east": {"uv": [0, 0, 16, 16], "texture": "#8"},
				"south": {"uv": [0, 0, 16, 16], "texture": "#8"},
				"west": {"uv": [0, 0, 16, 16], "texture": "#8"},
				"up": {"uv": [0, 0, 16, 16], "texture": "#8"},
				"down": {"uv": [0, 0, 16, 16], "texture": "#8"}
			}
		},
		{
			"name": "Cube",
			"from": [2.84, 20.67104, -11.4],
			"to": [13.04, 21.03104, 28],
			"rotation": {"angle": 0, "axis": "y", "origin": [-7.1152, 24.1712, 12.8]},
			"faces": {
				"north": {"uv": [0, 0, 16, 16], "texture": "#8"},
				"east": {"uv": [0, 0, 16, 16], "texture": "#8"},
				"south": {"uv": [0, 0, 16, 16], "texture": "#8"},
				"west": {"uv": [0, 0, 16, 16], "texture": "#8"},
				"up": {"uv": [0, 0, 16, 16], "texture": "#8"},
				"down": {"uv": [0, 0, 16, 16], "texture": "#8"}
			}
		},
		{
			"name": "Cube",
			"from": [6.85, 20.37104, -7.4],
			"to": [9.15, 20.73104, 5.1],
			"rotation": {"angle": 0, "axis": "y", "origin": [-5.1052, 23.8712, -2.2]},
			"faces": {
				"north": {"uv": [0, 0, 16, 16], "texture": "#10"},
				"east": {"uv": [0, 0, 16, 16], "texture": "#10"},
				"south": {"uv": [0, 0, 16, 16], "texture": "#10"},
				"west": {"uv": [0, 0, 16, 16], "texture": "#10"},
				"up": {"uv": [0, 0, 16, 16], "texture": "#10"},
				"down": {"uv": [0, 0, 16, 16], "texture": "#10"}
			}
		},
		{
			"name": "Cube",
			"from": [6.85, 20.37104, 11.6],
			"to": [9.15, 20.73104, 24.1],
			"rotation": {"angle": 0, "axis": "y", "origin": [-5.1052, 23.8712, 16.8]},
			"faces": {
				"north": {"uv": [0, 0, 16, 16], "texture": "#10"},
				"east": {"uv": [0, 0, 16, 16], "texture": "#10"},
				"south": {"uv": [0, 0, 16, 16], "texture": "#10"},
				"west": {"uv": [0, 0, 16, 16], "texture": "#10"},
				"up": {"uv": [0, 0, 16, 16], "texture": "#10"},
				"down": {"uv": [0, 0, 16, 16], "texture": "#10"}
			}
		},
		{
			"name": "Cube",
			"from": [1.46816, -4.56256, -13.7],
			"to": [14.53184, 0.75104, 28],
			"rotation": {"angle": 0, "axis": "y", "origin": [5.408, 5.4512, 10.8]},
			"faces": {
				"north": {"uv": [0, 0, 16, 16], "texture": "#1"},
				"east": {"uv": [0, 0, 16, 16], "texture": "#1"},
				"south": {"uv": [0, 0, 16, 16], "texture": "#1"},
				"west": {"uv": [0, 0, 16, 16], "texture": "#1"},
				"up": {"uv": [0, 0, 16, 16], "texture": "#1"},
				"down": {"uv": [0, 0, 16, 16], "texture": "#1"}
			}
		},
		{
			"name": "Cube",
			"from": [-2.32, 4.904, 10.6],
			"to": [3.44, 6.344, 15.4],
			"rotation": {"angle": 0, "axis": "y", "origin": [8, 6.83072, 14.33731]},
			"faces": {
				"north": {"uv": [0, 0, 16, 16], "texture": "#7", "tintindex": 0},
				"east": {"uv": [0, 0, 16, 16], "texture": "#7", "tintindex": 0},
				"south": {"uv": [0, 0, 16, 16], "texture": "#7", "tintindex": 0},
				"west": {"uv": [0, 0, 16, 16], "texture": "#7", "tintindex": 0},
				"up": {"uv": [0, 0, 16, 16], "texture": "#7", "tintindex": 0},
				"down": {"uv": [0, 0, 16, 16], "texture": "#7", "tintindex": 0}
			}
		},
		{
			"name": "Cube",
			"from": [12.56, 4.904, 10.6],
			"to": [18.32, 6.344, 15.4],
			"rotation": {"angle": 0, "axis": "y", "origin": [8, 6.83072, 14.33731]},
			"faces": {
				"north": {"uv": [0, 0, 16, 16], "texture": "#7", "tintindex": 0},
				"east": {"uv": [0, 0, 16, 16], "texture": "#7", "tintindex": 0},
				"south": {"uv": [0, 0, 16, 16], "texture": "#7", "tintindex": 0},
				"west": {"uv": [0, 0, 16, 16], "texture": "#7", "tintindex": 0},
				"up": {"uv": [0, 0, 16, 16], "texture": "#7", "tintindex": 0},
				"down": {"uv": [0, 0, 16, 16], "texture": "#7", "tintindex": 0}
			}
		},
		{
			"name": "Cube",
			"from": [-3.04, 7.784, 13],
			"to": [-2.32, 8.504, 16.6],
			"rotation": {"angle": 0, "axis": "y", "origin": [8, 6.83072, 14.33731]},
			"faces": {
				"north": {"uv": [0, 0, 16, 16], "texture": "#9"},
				"east": {"uv": [0, 0, 16, 16], "texture": "#9"},
				"south": {"uv": [0, 0, 16, 16], "texture": "#9"},
				"west": {"uv": [0, 0, 16, 16], "texture": "#9"},
				"up": {"uv": [0, 0, 16, 16], "texture": "#9"},
				"down": {"uv": [0, 0, 16, 16], "texture": "#9"}
			}
		},
		{
			"name": "Cube",
			"from": [18.32, 7.784, 13],
			"to": [19.04, 8.504, 16.6],
			"rotation": {"angle": 0, "axis": "y", "origin": [8, 6.83072, 14.33731]},
			"faces": {
				"north": {"uv": [0, 0, 16, 16], "texture": "#9"},
				"east": {"uv": [0, 0, 16, 16], "texture": "#9"},
				"south": {"uv": [0, 0, 16, 16], "texture": "#9"},
				"west": {"uv": [0, 0, 16, 16], "texture": "#9"},
				"up": {"uv": [0, 0, 16, 16], "texture": "#9"},
				"down": {"uv": [0, 0, 16, 16], "texture": "#9"}
			}
		},
		{
			"name": "Cube",
			"from": [-2.32, 2.024, 10.6],
			"to": [3.44, 4.904, 15.4],
			"rotation": {"angle": 0, "axis": "y", "origin": [8, 6.83072, 14.33731]},
			"faces": {
				"north": {"uv": [0, 0, 16, 16], "texture": "#9"},
				"east": {"uv": [0, 0, 16, 16], "texture": "#9"},
				"south": {"uv": [0, 0, 16, 16], "texture": "#9"},
				"west": {"uv": [0, 0, 16, 16], "texture": "#9"},
				"up": {"uv": [0, 0, 16, 16], "texture": "#9"},
				"down": {"uv": [0, 0, 16, 16], "texture": "#9"}
			}
		},
		{
			"name": "Cube",
			"from": [12.56, 2.024, 10.6],
			"to": [18.32, 4.904, 15.4],
			"rotation": {"angle": 0, "axis": "y", "origin": [8, 6.83072, 14.33731]},
			"faces": {
				"north": {"uv": [0, 0, 16, 16], "texture": "#9"},
				"east": {"uv": [0, 0, 16, 16], "texture": "#9"},
				"south": {"uv": [0, 0, 16, 16], "texture": "#9"},
				"west": {"uv": [0, 0, 16, 16], "texture": "#9"},
				"up": {"uv": [0, 0, 16, 16], "texture": "#9"},
				"down": {"uv": [0, 0, 16, 16], "texture": "#9"}
			}
		},
		{
			"name": "Cube",
			"from": [3.44, 7.784, 13],
			"to": [4.16, 8.504, 16.6],
			"rotation": {"angle": 0, "axis": "y", "origin": [8, 6.83072, 14.33731]},
			"faces": {
				"north": {"uv": [0, 0, 16, 16], "texture": "#9"},
				"east": {"uv": [0, 0, 16, 16], "texture": "#9"},
				"south": {"uv": [0, 0, 16, 16], "texture": "#9"},
				"west": {"uv": [0, 0, 16, 16], "texture": "#9"},
				"up": {"uv": [0, 0, 16, 16], "texture": "#9"},
				"down": {"uv": [0, 0, 16, 16], "texture": "#9"}
			}
		},
		{
			"name": "Cube",
			"from": [11.84, 7.784, 13],
			"to": [12.56, 8.504, 16.6],
			"rotation": {"angle": 0, "axis": "y", "origin": [8, 6.83072, 14.33731]},
			"faces": {
				"north": {"uv": [0, 0, 16, 16], "texture": "#9"},
				"east": {"uv": [0, 0, 16, 16], "texture": "#9"},
				"south": {"uv": [0, 0, 16, 16], "texture": "#9"},
				"west": {"uv": [0, 0, 16, 16], "texture": "#9"},
				"up": {"uv": [0, 0, 16, 16], "texture": "#9"},
				"down": {"uv": [0, 0, 16, 16], "texture": "#9"}
			}
		},
		{
			"name": "Cube",
			"from": [-2.32, 4.904, 19.6],
			"to": [3.44, 6.344, 24.4],
			"rotation": {"angle": 0, "axis": "y", "origin": [8, 6.83072, 14.33731]},
			"faces": {
				"north": {"uv": [0, 0, 16, 16], "texture": "#7", "tintindex": 0},
				"east": {"uv": [0, 0, 16, 16], "texture": "#7", "tintindex": 0},
				"south": {"uv": [0, 0, 16, 16], "texture": "#7", "tintindex": 0},
				"west": {"uv": [0, 0, 16, 16], "texture": "#7", "tintindex": 0},
				"up": {"uv": [0, 0, 16, 16], "texture": "#7", "tintindex": 0},
				"down": {"uv": [0, 0, 16, 16], "texture": "#7", "tintindex": 0}
			}
		},
		{
			"name": "Cube",
			"from": [12.56, 4.904, 19.6],
			"to": [18.32, 6.344, 24.4],
			"rotation": {"angle": 0, "axis": "y", "origin": [8, 6.83072, 14.33731]},
			"faces": {
				"north": {"uv": [0, 0, 16, 16], "texture": "#7", "tintindex": 0},
				"east": {"uv": [0, 0, 16, 16], "texture": "#7", "tintindex": 0},
				"south": {"uv": [0, 0, 16, 16], "texture": "#7", "tintindex": 0},
				"west": {"uv": [0, 0, 16, 16], "texture": "#7", "tintindex": 0},
				"up": {"uv": [0, 0, 16, 16], "texture": "#7", "tintindex": 0},
				"down": {"uv": [0, 0, 16, 16], "texture": "#7", "tintindex": 0}
			}
		},
		{
			"name": "Cube",
			"from": [-3.04, 7.784, 22],
			"to": [-2.32, 8.504, 25.6],
			"rotation": {"angle": 0, "axis": "y", "origin": [8, 6.83072, 14.33731]},
			"faces": {
				"north": {"uv": [0, 0, 16, 16], "texture": "#9"},
				"east": {"uv": [0, 0, 16, 16], "texture": "#9"},
				"south": {"uv": [0, 0, 16, 16], "texture": "#9"},
				"west": {"uv": [0, 0, 16, 16], "texture": "#9"},
				"up": {"uv": [0, 0, 16, 16], "texture": "#9"},
				"down": {"uv": [0, 0, 16, 16], "texture": "#9"}
			}
		},
		{
			"name": "Cube",
			"from": [18.32, 7.784, 22],
			"to": [19.04, 8.504, 25.6],
			"rotation": {"angle": 0, "axis": "y", "origin": [8, 6.83072, 14.33731]},
			"faces": {
				"north": {"uv": [0, 0, 16, 16], "texture": "#9"},
				"east": {"uv": [0, 0, 16, 16], "texture": "#9"},
				"south": {"uv": [0, 0, 16, 16], "texture": "#9"},
				"west": {"uv": [0, 0, 16, 16], "texture": "#9"},
				"up": {"uv": [0, 0, 16, 16], "texture": "#9"},
				"down": {"uv": [0, 0, 16, 16], "texture": "#9"}
			}
		},
		{
			"name": "Cube",
			"from": [-2.32, 2.024, 19.6],
			"to": [3.44, 4.904, 24.4],
			"rotation": {"angle": 0, "axis": "y", "origin": [8, 6.83072, 14.33731]},
			"faces": {
				"north": {"uv": [0, 0, 16, 16], "texture": "#9"},
				"east": {"uv": [0, 0, 16, 16], "texture": "#9"},
				"south": {"uv": [0, 0, 16, 16], "texture": "#9"},
				"west": {"uv": [0, 0, 16, 16], "texture": "#9"},
				"up": {"uv": [0, 0, 16, 16], "texture": "#9"},
				"down": {"uv": [0, 0, 16, 16], "texture": "#9"}
			}
		},
		{
			"name": "Cube",
			"from": [12.56, 2.024, 19.6],
			"to": [18.32, 4.904, 24.4],
			"rotation": {"angle": 0, "axis": "y", "origin": [8, 6.83072, 14.33731]},
			"faces": {
				"north": {"uv": [0, 0, 16, 16], "texture": "#9"},
				"east": {"uv": [0, 0, 16, 16], "texture": "#9"},
				"south": {"uv": [0, 0, 16, 16], "texture": "#9"},
				"west": {"uv": [0, 0, 16, 16], "texture": "#9"},
				"up": {"uv": [0, 0, 16, 16], "texture": "#9"},
				"down": {"uv": [0, 0, 16, 16], "texture": "#9"}
			}
		},
		{
			"name": "Cube",
			"from": [3.44, 7.784, 22],
			"to": [4.16, 8.504, 25.6],
			"rotation": {"angle": 0, "axis": "y", "origin": [8, 6.83072, 14.33731]},
			"faces": {
				"north": {"uv": [0, 0, 16, 16], "texture": "#9"},
				"east": {"uv": [0, 0, 16, 16], "texture": "#9"},
				"south": {"uv": [0, 0, 16, 16], "texture": "#9"},
				"west": {"uv": [0, 0, 16, 16], "texture": "#9"},
				"up": {"uv": [0, 0, 16, 16], "texture": "#9"},
				"down": {"uv": [0, 0, 16, 16], "texture": "#9"}
			}
		},
		{
			"name": "Cube",
			"from": [11.84, 7.784, 22],
			"to": [12.56, 8.504, 25.6],
			"rotation": {"angle": 0, "axis": "y", "origin": [8, 6.83072, 14.33731]},
			"faces": {
				"north": {"uv": [0, 0, 16, 16], "texture": "#9"},
				"east": {"uv": [0, 0, 16, 16], "texture": "#9"},
				"south": {"uv": [0, 0, 16, 16], "texture": "#9"},
				"west": {"uv": [0, 0, 16, 16], "texture": "#9"},
				"up": {"uv": [0, 0, 16, 16], "texture": "#9"},
				"down": {"uv": [0, 0, 16, 16], "texture": "#9"}
			}
		},
		{
			"name": "Base",
			"from": [15, 0.0512, -15.88],
			"to": [17, 2.0512, -13.6],
			"rotation": {"angle": 0, "axis": "y", "origin": [6.08352, 7.6912, 12.8]},
			"faces": {
				"north": {"uv": [0, 0, 16, 16], "texture": "#0"},
				"east": {"uv": [0, 0, 16, 16], "texture": "#0"},
				"south": {"uv": [0, 0, 16, 16], "texture": "#0"},
				"west": {"uv": [0, 0, 16, 16], "texture": "#0"},
				"up": {"uv": [0, 0, 16, 16], "texture": "#0"},
				"down": {"uv": [0, 0, 16, 16], "texture": "#0"}
			}
		},
		{
			"name": "Base",
			"from": [14, -0.9856, -16],
			"to": [18, 3.0144, -15.76],
			"rotation": {"angle": 0, "axis": "y", "origin": [6.7424, 7.6912, 12.8]},
			"faces": {
				"north": {"uv": [0, 0, 16, 16], "texture": "#0"},
				"east": {"uv": [0, 0, 16, 16], "texture": "#0"},
				"south": {"uv": [0, 0, 16, 16], "texture": "#0"},
				"west": {"uv": [0, 0, 16, 16], "texture": "#0"},
				"up": {"uv": [0, 0, 16, 16], "texture": "#0"},
				"down": {"uv": [0, 0, 16, 16], "texture": "#0"}
			}
		},
		{
			"name": "Base",
			"from": [-1, 0.0512, -15.88],
			"to": [1, 2.0512, -13.6],
			"rotation": {"angle": 0, "axis": "y", "origin": [9.91648, 7.6912, 12.8]},
			"faces": {
				"north": {"uv": [0, 0, 16, 16], "texture": "#0"},
				"east": {"uv": [0, 0, 16, 16], "texture": "#0"},
				"south": {"uv": [0, 0, 16, 16], "texture": "#0"},
				"west": {"uv": [0, 0, 16, 16], "texture": "#0"},
				"up": {"uv": [0, 0, 16, 16], "texture": "#0"},
				"down": {"uv": [0, 0, 16, 16], "texture": "#0"}
			}
		},
		{
			"name": "Base",
			"from": [-2, -0.9856, -16],
			"to": [2, 3.0144, -15.76],
			"rotation": {"angle": 0, "axis": "y", "origin": [9.2576, 7.6912, 12.8]},
			"faces": {
				"north": {"uv": [0, 0, 16, 16], "texture": "#0"},
				"east": {"uv": [0, 0, 16, 16], "texture": "#0"},
				"south": {"uv": [0, 0, 16, 16], "texture": "#0"},
				"west": {"uv": [0, 0, 16, 16], "texture": "#0"},
				"up": {"uv": [0, 0, 16, 16], "texture": "#0"},
				"down": {"uv": [0, 0, 16, 16], "texture": "#0"}
			}
		}
	],
	"display": {
		"thirdperson_righthand": {
			"rotation": [50, 0, 0],
			"translation": [0, 0.5, 0],
			"scale": [0.1, 0.1, 0.1]
		},
		"thirdperson_lefthand": {
			"rotation": [50, 0, 0],
			"translation": [0, 0.5, 0],
			"scale": [0.1, 0.1, 0.1]
		},
		"firstperson_righthand": {
			"rotation": [0, 37, 0],
			"translation": [0, 1.25, 0],
			"scale": [0.2, 0.2, 0.2]
		},
		"firstperson_lefthand": {
			"rotation": [0, 37, 0],
			"translation": [0, 1.25, 0],
			"scale": [0.2, 0.2, 0.2]
		},
		"ground": {
			"scale": [0.3, 0.3, 0.3]
		},
		"gui": {
			"rotation": [0, 90, 0],
			"translation": [0.95, -0.5, 0],
			"scale": [0.36, 0.36, 0.36]
		},
		"head": {
			"translation": [0, -10, -80],
			"scale": [4, 4, 4]
		},
		"fixed": {
			"rotation": [0, 90, 0],
			"scale": [0.5, 0.5, 0.5]
		}
	},
	"groups": [0, 1, 2, 3, 4, 5, 6, 7, 8,
		{
			"name": "BaseColor",
			"origin": [13.45, 14.876, 18.7],
			"children": [9, 10, 11, 12, 13, 14, 15, 16, 17, 18, 19, 20, 21, 22, 23, 24, 25, 26, 27, 28, 29, 30, 31, 32, 33, 34, 35, 36, 37, 38, 39, 40, 41, 42, 43, 44, 45, 46, 47, 48, 49, 50, 51, 52, 53, 54, 55, 56, 57, 58, 59, 60, 61, 62, 63, 64, 65, 66, 67, 68, 69, 70, 71, 72, 73, 74, 75, 76]
		},
		{
			"name": "Chair",
			"origin": [4, 5, 8],
			"children": [77, 78, 79, 80, 81, 82, 83, 84, 85, 86, 87, 88, 89, 90]
		},
		{
			"name": "DetailColor",
			"origin": [8, 5.376, 38.7],
			"children": [91, 92, 93, 94, 95, 96, 97, 98, 99, 100, 101, 102, 103, 104]
		},
		{
			"name": "Base",
			"origin": [8, 7.376, 18.8],
			"children": [105, 106, 107, 108, 109, 110, 111, 112, 113, 114, 115, 116, 117, 118, 119, 120, 121, 122, 123, 124, 125, 126, 127, 128, 129]
		},
		{
			"name": "Chair",
			"origin": [4, 5, 8],
			"children": [130, 131, 132, 133, 134, 135, 136, 137]
		},
		{
			"name": "Chair",
			"origin": [4, 5, 8],
			"children": [138, 139, 140, 141, 142, 143, 144, 145]
		},
		{
			"name": "buffer",
			"origin": [8, 8, 8],
			"children": [
				{
					"name": "BaseColor",
					"origin": [13.45, 14.876, 18.7],
					"children": []
				},
				{
					"name": "DetailColor",
					"origin": [8, 5.376, 38.7],
					"children": []
				},
				{
					"name": "Base",
					"origin": [8, 7.376, 18.8],
					"children": [
						{
							"name": "group",
							"origin": [9.2576, 9.6912, 12.8],
							"children": [146, 147, 148, 149]
						}
					]
				}
			]
		}
	]
}