{
	"credit": "Made with Blockbench",
	"textures": {
		"0": "block/anvil",
		"1": "block/cauldron_inner",
		"2": "block/quartz_block_side",
		"3": "block/glass",
		"6": "block/light_gray_concrete",
		"7": "block/light_gray_wool",
		"8": "block/quartz_block_top",
		"9": "block/smooth_stone",
		"10": "block/sea_lantern",
		"11": "block/white_concrete",
		"particle": "block/light_gray_wool"
	},
	"elements": [
		{
			"name": "Cube",
			"from": [-5.07051, 9.94784, -9.3],
			"to": [-3.60747, 16.67744, 1.9],
			"rotation": {"angle": 0, "axis": "y", "origin": [8.20053, 4.9712, 7.9]},
			"faces": {
				"north": {"uv": [0, 0, 16, 16], "texture": "#3"},
				"east": {"uv": [0, 0, 16, 16], "texture": "#3"},
				"south": {"uv": [0, 0, 16, 16], "texture": "#3"},
				"west": {"uv": [0, 0, 16, 16], "texture": "#3"},
				"up": {"uv": [0, 0, 16, 16], "texture": "#3"},
				"down": {"uv": [0, 0, 16, 16], "texture": "#3"}
			}
		},
		{
			"name": "Cube",
			"from": [19.60747, 9.94784, -9.3],
			"to": [21.07051, 16.67744, 1.9],
			"rotation": {"angle": 0, "axis": "y", "origin": [7.79947, 4.9712, 7.9]},
			"faces": {
				"north": {"uv": [16, 0, 0, 16], "texture": "#3"},
				"east": {"uv": [16, 0, 0, 16], "texture": "#3"},
				"south": {"uv": [16, 0, 0, 16], "texture": "#3"},
				"west": {"uv": [16, 0, 0, 16], "texture": "#3"},
				"up": {"uv": [16, 0, 0, 16], "texture": "#3"},
				"down": {"uv": [16, 0, 0, 16], "texture": "#3"}
			}
		},
		{
			"name": "Cube",
			"from": [-5.07051, 9.94784, 4],
			"to": [-3.60747, 16.67744, 14.2],
			"rotation": {"angle": 0, "axis": "y", "origin": [8.20053, 4.9712, 27.2]},
			"faces": {
				"north": {"uv": [0, 0, 16, 16], "texture": "#3"},
				"east": {"uv": [0, 0, 16, 16], "texture": "#3"},
				"south": {"uv": [0, 0, 16, 16], "texture": "#3"},
				"west": {"uv": [0, 0, 16, 16], "texture": "#3"},
				"up": {"uv": [0, 0, 16, 16], "texture": "#3"},
				"down": {"uv": [0, 0, 16, 16], "texture": "#3"}
			}
		},
		{
			"name": "Cube",
			"from": [19.60747, 9.94784, 4],
			"to": [21.07051, 16.67744, 14.2],
			"rotation": {"angle": 0, "axis": "y", "origin": [7.79947, 4.9712, 27.2]},
			"faces": {
				"north": {"uv": [16, 0, 0, 16], "texture": "#3"},
				"east": {"uv": [16, 0, 0, 16], "texture": "#3"},
				"south": {"uv": [16, 0, 0, 16], "texture": "#3"},
				"west": {"uv": [16, 0, 0, 16], "texture": "#3"},
				"up": {"uv": [16, 0, 0, 16], "texture": "#3"},
				"down": {"uv": [16, 0, 0, 16], "texture": "#3"}
			}
		},
		{
			"name": "Cube",
			"from": [20.32812, 9.94784, 21.92723],
			"to": [21.40812, 15.47744, 26.54643],
			"rotation": {"angle": 0, "axis": "y", "origin": [21.08146, 12.45558, 24.57222]},
			"faces": {
				"north": {"uv": [16, 0, 0, 16], "texture": "#3"},
				"east": {"uv": [16, 0, 0, 16], "texture": "#3"},
				"south": {"uv": [16, 0, 0, 16], "texture": "#3"},
				"west": {"uv": [16, 0, 0, 16], "texture": "#3"},
				"up": {"uv": [0, 16, 16, 0], "rotation": 270, "texture": "#3"},
				"down": {"uv": [0, 16, 16, 0], "rotation": 90, "texture": "#3"}
			}
		},
		{
			"name": "Cube",
			"from": [19.60747, 17.13344, 2.5],
			"to": [21.34747, 19.05344, 19.6],
			"rotation": {"angle": 0, "axis": "y", "origin": [9.23947, 23.4512, 7.2]},
			"faces": {
				"north": {"uv": [0, 0, 16, 16], "texture": "#2"},
				"east": {"uv": [0, 0, 16, 16], "texture": "#2"},
				"south": {"uv": [0, 0, 16, 16], "texture": "#2"},
				"west": {"uv": [0, 0, 16, 16], "texture": "#8"},
				"up": {"uv": [0, 0, 16, 16], "texture": "#2"},
				"down": {"uv": [0, 0, 16, 16], "texture": "#2"}
			}
		},
		{
			"name": "Cube",
			"from": [-5.34747, 17.13344, 2.5],
			"to": [-3.60747, 19.05344, 19.6],
			"rotation": {"angle": 0, "axis": "y", "origin": [6.76053, 23.4512, 7.2]},
			"faces": {
				"north": {"uv": [16, 0, 0, 16], "texture": "#2"},
				"east": {"uv": [16, 0, 0, 16], "texture": "#8"},
				"south": {"uv": [16, 0, 0, 16], "texture": "#2"},
				"west": {"uv": [16, 0, 0, 16], "texture": "#2"},
				"up": {"uv": [16, 0, 0, 16], "texture": "#2"},
				"down": {"uv": [16, 0, 0, 16], "texture": "#2"}
			}
		},
		{
			"name": "Cube",
			"from": [19.60747, 17.13344, -14.5],
			"to": [21.34747, 19.05344, 2.6],
			"rotation": {"angle": 0, "axis": "y", "origin": [9.23947, 23.4512, -9.8]},
			"faces": {
				"north": {"uv": [0, 0, 16, 16], "texture": "#2"},
				"east": {"uv": [0, 0, 16, 16], "texture": "#2"},
				"south": {"uv": [0, 0, 16, 16], "texture": "#2"},
				"west": {"uv": [0, 0, 16, 16], "texture": "#8"},
				"up": {"uv": [0, 0, 16, 16], "texture": "#2"},
				"down": {"uv": [0, 0, 16, 16], "texture": "#2"}
			}
		},
		{
			"name": "Cube",
			"from": [-5.34747, 17.13344, -14.5],
			"to": [-3.60747, 19.05344, 2.6],
			"rotation": {"angle": 0, "axis": "y", "origin": [6.76053, 23.4512, -9.8]},
			"faces": {
				"north": {"uv": [16, 0, 0, 16], "texture": "#2"},
				"east": {"uv": [16, 0, 0, 16], "texture": "#8"},
				"south": {"uv": [16, 0, 0, 16], "texture": "#2"},
				"west": {"uv": [16, 0, 0, 16], "texture": "#2"},
				"up": {"uv": [16, 0, 0, 16], "texture": "#2"},
				"down": {"uv": [16, 0, 0, 16], "texture": "#2"}
			}
		},
		{
			"name": "Cube",
			"from": [19.62747, 2.93344, 2.5],
			"to": [21.04747, 9.33344, 19.6],
			"rotation": {"angle": 0, "axis": "y", "origin": [9.13947, 5.4512, 5.7]},
			"faces": {
				"north": {"uv": [0, 0, 16, 16], "texture": "#2"},
				"east": {"uv": [0, 0, 16, 16], "texture": "#2"},
				"south": {"uv": [0, 0, 16, 16], "texture": "#2"},
				"west": {"uv": [0, 0, 16, 16], "texture": "#8"},
				"up": {"uv": [0, 0, 16, 16], "texture": "#2"},
				"down": {"uv": [0, 0, 16, 16], "texture": "#2"}
			}
		},
		{
			"name": "Cube",
			"from": [-5.04747, 2.93344, 2.5],
			"to": [-3.62747, 9.33344, 19.6],
			"rotation": {"angle": 0, "axis": "y", "origin": [6.86053, 5.4512, 5.7]},
			"faces": {
				"north": {"uv": [16, 0, 0, 16], "texture": "#2"},
				"east": {"uv": [16, 0, 0, 16], "texture": "#8"},
				"south": {"uv": [16, 0, 0, 16], "texture": "#2"},
				"west": {"uv": [16, 0, 0, 16], "texture": "#2"},
				"up": {"uv": [16, 0, 0, 16], "texture": "#2"},
				"down": {"uv": [16, 0, 0, 16], "texture": "#2"}
			}
		},
		{
			"name": "Cube",
			"from": [19.62747, 2.93344, -14.5],
			"to": [21.04747, 9.33344, 2.6],
			"rotation": {"angle": 0, "axis": "y", "origin": [9.13947, 5.4512, -11.3]},
			"faces": {
				"north": {"uv": [0, 0, 16, 16], "texture": "#2"},
				"east": {"uv": [0, 0, 16, 16], "texture": "#2"},
				"south": {"uv": [0, 0, 16, 16], "texture": "#2"},
				"west": {"uv": [0, 0, 16, 16], "texture": "#8"},
				"up": {"uv": [0, 0, 16, 16], "texture": "#2"},
				"down": {"uv": [0, 0, 16, 16], "texture": "#2"}
			}
		},
		{
			"name": "Cube",
			"from": [-5.04747, 2.93344, -14.5],
			"to": [-3.62747, 9.33344, 2.6],
			"rotation": {"angle": 0, "axis": "y", "origin": [6.86053, 5.4512, -11.3]},
			"faces": {
				"north": {"uv": [16, 0, 0, 16], "texture": "#2"},
				"east": {"uv": [16, 0, 0, 16], "texture": "#8"},
				"south": {"uv": [16, 0, 0, 16], "texture": "#2"},
				"west": {"uv": [16, 0, 0, 16], "texture": "#2"},
				"up": {"uv": [16, 0, 0, 16], "texture": "#2"},
				"down": {"uv": [16, 0, 0, 16], "texture": "#2"}
			}
		},
		{
			"name": "Cube",
			"from": [0.8, 20.61344, -14.5],
			"to": [15.2, 22.17344, -13.5],
			"rotation": {"angle": 0, "axis": "y", "origin": [9.152, 23.9312, 4.7]},
			"faces": {
				"north": {"uv": [0, 0, 16, 16], "texture": "#2"},
				"east": {"uv": [0, 0, 16, 16], "texture": "#8"},
				"south": {"uv": [0, 0, 16, 16], "texture": "#8"},
				"west": {"uv": [0, 0, 16, 16], "texture": "#8"},
				"up": {"uv": [0, 0, 16, 16], "texture": "#8"},
				"down": {"uv": [0, 0, 16, 16], "texture": "#8"}
			}
		},
		{
			"name": "Cube",
			"from": [-3.736, 18.35344, -14.5],
			"to": [19.736, 20.61344, -13.5],
			"rotation": {"angle": 0, "axis": "y", "origin": [9.368, 21.1712, 4.7]},
			"faces": {
				"north": {"uv": [0, 0, 16, 16], "texture": "#2"},
				"east": {"uv": [0, 0, 16, 16], "texture": "#8"},
				"south": {"uv": [0, 0, 16, 16], "texture": "#8"},
				"west": {"uv": [0, 0, 16, 16], "texture": "#8"},
				"up": {"uv": [0, 0, 16, 16], "texture": "#8"},
				"down": {"uv": [0, 0, 16, 16], "texture": "#8"}
			}
		},
		{
			"name": "Cube",
			"from": [-5.40812, 17.15344, 20.47434],
			"to": [-4.20812, 18.21344, 28.03434],
			"rotation": {"angle": 0, "axis": "y", "origin": [-5.08146, 11.25558, 24.57222]},
			"faces": {
				"north": {"uv": [0, 16, 16, 0], "rotation": 90, "texture": "#9"},
				"east": {"uv": [0, 16, 16, 0], "rotation": 90, "texture": "#9"},
				"south": {"uv": [0, 16, 16, 0], "rotation": 90, "texture": "#9"},
				"west": {"uv": [16, 0, 0, 16], "texture": "#2"},
				"up": {"uv": [16, 0, 0, 16], "texture": "#9"},
				"down": {"uv": [16, 0, 0, 16], "rotation": 180, "texture": "#9"}
			}
		},
		{
			"name": "Cube",
			"from": [20.20812, 17.15344, 20.47434],
			"to": [21.40812, 18.21344, 28.03434],
			"rotation": {"angle": 0, "axis": "y", "origin": [21.08146, 11.25558, 24.57222]},
			"faces": {
				"north": {"uv": [0, 0, 16, 16], "rotation": 90, "texture": "#9"},
				"east": {"uv": [0, 0, 16, 16], "texture": "#2"},
				"south": {"uv": [0, 0, 16, 16], "rotation": 90, "texture": "#9"},
				"west": {"uv": [0, 0, 16, 16], "rotation": 90, "texture": "#9"},
				"up": {"uv": [0, 0, 16, 16], "texture": "#9"},
				"down": {"uv": [0, 0, 16, 16], "rotation": 180, "texture": "#9"}
			}
		},
		{
			"name": "Cube",
			"from": [20.20812, 9.95344, 26.47434],
			"to": [21.40812, 16.61344, 28.03434],
			"rotation": {"angle": 0, "axis": "y", "origin": [21.08146, 12.45558, 24.57222]},
			"faces": {
				"north": {"uv": [0, 0, 16, 16], "texture": "#8"},
				"east": {"uv": [16, 0, 0, 16], "texture": "#2"},
				"south": {"uv": [0, 0, 16, 16], "texture": "#8"},
				"west": {"uv": [0, 0, 16, 16], "texture": "#8"},
				"up": {"uv": [16, 16, 0, 0], "texture": "#8"},
				"down": {"uv": [16, 16, 0, 0], "texture": "#8"}
			}
		},
		{
			"name": "Cube",
			"from": [-5.40812, 9.95344, 20.47434],
			"to": [-4.20812, 16.61344, 21.93434],
			"rotation": {"angle": 0, "axis": "y", "origin": [-5.08146, 12.45558, 18.57222]},
			"faces": {
				"north": {"uv": [16, 0, 0, 16], "texture": "#8"},
				"east": {"uv": [16, 0, 0, 16], "texture": "#8"},
				"south": {"uv": [16, 0, 0, 16], "texture": "#8"},
				"west": {"uv": [0, 0, 16, 16], "texture": "#2"},
				"up": {"uv": [0, 16, 16, 0], "texture": "#8"},
				"down": {"uv": [0, 16, 16, 0], "texture": "#8"}
			}
		},
		{
			"name": "Cube",
			"from": [20.20812, 9.95344, 20.47434],
			"to": [21.40812, 16.61344, 21.93434],
			"rotation": {"angle": 0, "axis": "y", "origin": [21.08146, 12.45558, 18.57222]},
			"faces": {
				"north": {"uv": [0, 0, 16, 16], "texture": "#8"},
				"east": {"uv": [16, 0, 0, 16], "texture": "#2"},
				"south": {"uv": [0, 0, 16, 16], "texture": "#8"},
				"west": {"uv": [0, 0, 16, 16], "texture": "#8"},
				"up": {"uv": [16, 16, 0, 0], "texture": "#8"},
				"down": {"uv": [16, 16, 0, 0], "texture": "#8"}
			}
		},
		{
			"name": "Cube",
			"from": [16.10812, 9.95344, -14.5],
			"to": [19.60812, 16.71344, -13],
			"rotation": {"angle": 0, "axis": "y", "origin": [19.48146, 12.45558, -14.62778]},
			"faces": {
				"north": {"uv": [0, 0, 16, 16], "texture": "#2"},
				"east": {"uv": [16, 0, 0, 16], "texture": "#8"},
				"south": {"uv": [0, 0, 16, 16], "texture": "#8"},
				"west": {"uv": [0, 0, 16, 16], "texture": "#8"},
				"up": {"uv": [16, 16, 0, 0], "texture": "#8"},
				"down": {"uv": [16, 16, 0, 0], "texture": "#8"}
			}
		},
		{
			"name": "Cube",
			"from": [-3.60812, 9.95344, -14.5],
			"to": [-0.10812, 16.71344, -13],
			"rotation": {"angle": 0, "axis": "y", "origin": [-3.48146, 12.45558, -14.62778]},
			"faces": {
				"north": {"uv": [16, 0, 0, 16], "texture": "#2"},
				"east": {"uv": [16, 0, 0, 16], "texture": "#8"},
				"south": {"uv": [16, 0, 0, 16], "texture": "#8"},
				"west": {"uv": [0, 0, 16, 16], "texture": "#8"},
				"up": {"uv": [0, 16, 16, 0], "texture": "#8"},
				"down": {"uv": [0, 16, 16, 0], "texture": "#8"}
			}
		},
		{
			"name": "Cube",
			"from": [-5.00812, 16.65344, -14.52566],
			"to": [-3.60812, 17.21344, 19.73434],
			"rotation": {"angle": 0, "axis": "y", "origin": [-4.48146, 12.45558, -11.12778]},
			"faces": {
				"north": {"uv": [0, 0, 16, 16], "texture": "#11", "tintindex": 0},
				"east": {"uv": [16, 0, 0, 16], "texture": "#11", "tintindex": 0},
				"south": {"uv": [16, 0, 0, 16], "texture": "#11", "tintindex": 0},
				"west": {"uv": [16, 0, 0, 16], "texture": "#11", "tintindex": 0},
				"up": {"uv": [16, 0, 0, 16], "texture": "#11", "tintindex": 0},
				"down": {"uv": [16, 0, 0, 16], "texture": "#11", "tintindex": 0}
			}
		},
		{
			"name": "Cube",
			"from": [19.60812, 16.65344, -14.52566],
			"to": [21.00812, 17.21344, 19.73434],
			"rotation": {"angle": 0, "axis": "y", "origin": [20.48146, 12.45558, -11.12778]},
			"faces": {
				"north": {"uv": [0, 0, 16, 16], "texture": "#11", "tintindex": 0},
				"east": {"uv": [0, 0, 16, 16], "texture": "#11", "tintindex": 0},
				"south": {"uv": [0, 0, 16, 16], "texture": "#11", "tintindex": 0},
				"west": {"uv": [0, 0, 16, 16], "texture": "#11", "tintindex": 0},
				"up": {"uv": [0, 0, 16, 16], "texture": "#11", "tintindex": 0},
				"down": {"uv": [0, 0, 16, 16], "texture": "#11", "tintindex": 0}
			}
		},
		{
			"name": "Cube",
			"from": [-5.00812, 9.25344, -14.52566],
			"to": [-3.60812, 10.01344, 19.63434],
			"rotation": {"angle": 0, "axis": "y", "origin": [-4.48146, 5.15558, -11.12778]},
			"faces": {
				"north": {"uv": [0, 0, 16, 16], "texture": "#11", "tintindex": 0},
				"east": {"uv": [16, 0, 0, 16], "texture": "#11", "tintindex": 0},
				"south": {"uv": [16, 0, 0, 16], "texture": "#11", "tintindex": 0},
				"west": {"uv": [16, 0, 0, 16], "texture": "#11", "tintindex": 0},
				"up": {"uv": [16, 0, 0, 16], "texture": "#11", "tintindex": 0},
				"down": {"uv": [16, 0, 0, 16], "texture": "#11", "tintindex": 0}
			}
		},
		{
			"name": "Cube",
			"from": [19.60812, 9.25344, -14.52566],
			"to": [21.00812, 10.01344, 19.63434],
			"rotation": {"angle": 0, "axis": "y", "origin": [20.48146, 5.15558, -11.12778]},
			"faces": {
				"north": {"uv": [0, 0, 16, 16], "texture": "#11", "tintindex": 0},
				"east": {"uv": [0, 0, 16, 16], "texture": "#11", "tintindex": 0},
				"south": {"uv": [0, 0, 16, 16], "texture": "#11", "tintindex": 0},
				"west": {"uv": [0, 0, 16, 16], "texture": "#11", "tintindex": 0},
				"up": {"uv": [0, 0, 16, 16], "texture": "#11", "tintindex": 0},
				"down": {"uv": [0, 0, 16, 16], "texture": "#11", "tintindex": 0}
			}
		},
		{
			"name": "Cube",
			"from": [16.00812, 9.25344, -14.52566],
			"to": [19.60812, 10.01344, -12.96566],
			"rotation": {"angle": 0, "axis": "y", "origin": [19.08146, 5.15558, -11.12778]},
			"faces": {
				"north": {"uv": [0, 0, 16, 16], "texture": "#11", "tintindex": 0},
				"east": {"uv": [0, 0, 16, 16], "texture": "#11", "tintindex": 0},
				"south": {"uv": [0, 0, 16, 16], "texture": "#11", "tintindex": 0},
				"west": {"uv": [0, 0, 16, 16], "texture": "#11", "tintindex": 0},
				"up": {"uv": [0, 0, 16, 16], "texture": "#11", "tintindex": 0},
				"down": {"uv": [0, 0, 16, 16], "texture": "#11", "tintindex": 0}
			}
		},
		{
			"name": "Cube",
			"from": [-3.60812, 9.25344, -14.52566],
			"to": [-0.00812, 10.01344, -12.96566],
			"rotation": {"angle": 0, "axis": "y", "origin": [-3.08146, 5.15558, -11.12778]},
			"faces": {
				"north": {"uv": [0, 0, 16, 16], "texture": "#11", "tintindex": 0},
				"east": {"uv": [16, 0, 0, 16], "texture": "#11", "tintindex": 0},
				"south": {"uv": [16, 0, 0, 16], "texture": "#11", "tintindex": 0},
				"west": {"uv": [16, 0, 0, 16], "texture": "#11", "tintindex": 0},
				"up": {"uv": [16, 0, 0, 16], "texture": "#11", "tintindex": 0},
				"down": {"uv": [16, 0, 0, 16], "texture": "#11", "tintindex": 0}
			}
		},
		{
			"name": "Cube",
			"from": [16.00812, 16.65344, -14.52566],
			"to": [19.60812, 17.21344, -12.96566],
			"rotation": {"angle": 0, "axis": "y", "origin": [19.08146, 12.35558, -11.12778]},
			"faces": {
				"north": {"uv": [0, 0, 16, 16], "texture": "#11", "tintindex": 0},
				"east": {"uv": [0, 0, 16, 16], "texture": "#11", "tintindex": 0},
				"south": {"uv": [0, 0, 16, 16], "texture": "#11", "tintindex": 0},
				"west": {"uv": [0, 0, 16, 16], "texture": "#11", "tintindex": 0},
				"up": {"uv": [0, 0, 16, 16], "texture": "#11", "tintindex": 0},
				"down": {"uv": [0, 0, 16, 16], "texture": "#11", "tintindex": 0}
			}
		},
		{
			"name": "Cube",
			"from": [-3.60812, 16.65344, -14.52566],
			"to": [-0.00812, 17.21344, -12.96566],
			"rotation": {"angle": 0, "axis": "y", "origin": [-3.08146, 12.35558, -11.12778]},
			"faces": {
				"north": {"uv": [0, 0, 16, 16], "texture": "#11", "tintindex": 0},
				"east": {"uv": [16, 0, 0, 16], "texture": "#11", "tintindex": 0},
				"south": {"uv": [16, 0, 0, 16], "texture": "#11", "tintindex": 0},
				"west": {"uv": [16, 0, 0, 16], "texture": "#11", "tintindex": 0},
				"up": {"uv": [16, 0, 0, 16], "texture": "#11", "tintindex": 0},
				"down": {"uv": [16, 0, 0, 16], "texture": "#11", "tintindex": 0}
			}
		},
		{
			"name": "Cube",
			"from": [20.20812, 15.45344, 21.87434],
			"to": [21.40812, 16.61344, 26.53434],
			"rotation": {"angle": 0, "axis": "y", "origin": [21.08146, 12.45558, 20.17222]},
			"faces": {
				"north": {"uv": [0, 0, 16, 16], "texture": "#8"},
				"east": {"uv": [16, 0, 0, 16], "texture": "#2"},
				"south": {"uv": [0, 0, 16, 16], "texture": "#8"},
				"west": {"uv": [0, 0, 16, 16], "texture": "#8"},
				"up": {"uv": [16, 16, 0, 0], "texture": "#8"},
				"down": {"uv": [16, 16, 0, 0], "texture": "#8"}
			}
		},
		{
			"name": "Cube",
			"from": [-5.40812, 9.15344, 20.87434],
			"to": [-4.20812, 10.01344, 21.93434],
			"rotation": {"angle": 0, "axis": "y", "origin": [-5.08146, 5.25558, 20.17222]},
			"faces": {
				"north": {"uv": [16, 0, 0, 16], "texture": "#8"},
				"east": {"uv": [16, 0, 0, 16], "texture": "#8"},
				"south": {"uv": [16, 0, 0, 16], "texture": "#8"},
				"west": {"uv": [0, 0, 16, 16], "texture": "#11", "tintindex": 0},
				"up": {"uv": [0, 16, 16, 0], "texture": "#8"},
				"down": {"uv": [0, 16, 16, 0], "texture": "#8"}
			}
		},
		{
			"name": "Cube",
			"from": [20.20812, 9.15344, 20.87434],
			"to": [21.40812, 10.01344, 27.83434],
			"rotation": {"angle": 0, "axis": "y", "origin": [21.08146, 5.25558, 20.17222]},
			"faces": {
				"north": {"uv": [0, 0, 16, 16], "texture": "#8"},
				"east": {"uv": [16, 0, 0, 16], "texture": "#11", "tintindex": 0},
				"south": {"uv": [0, 0, 16, 16], "texture": "#8"},
				"west": {"uv": [0, 0, 16, 16], "texture": "#8"},
				"up": {"uv": [16, 16, 0, 0], "texture": "#8"},
				"down": {"uv": [16, 16, 0, 0], "texture": "#8"}
			}
		},
		{
			"name": "Cube",
			"from": [-5.40812, 16.55344, 20.87434],
			"to": [-4.20812, 17.21344, 21.93434],
			"rotation": {"angle": 0, "axis": "y", "origin": [-5.08146, 12.25558, 20.17222]},
			"faces": {
				"north": {"uv": [16, 0, 0, 16], "texture": "#8"},
				"east": {"uv": [16, 0, 0, 16], "texture": "#8"},
				"south": {"uv": [16, 0, 0, 16], "texture": "#8"},
				"west": {"uv": [0, 0, 16, 16], "texture": "#11", "tintindex": 0},
				"up": {"uv": [0, 16, 16, 0], "texture": "#8"},
				"down": {"uv": [0, 16, 16, 0], "texture": "#8"}
			}
		},
		{
			"name": "Cube",
			"from": [20.20812, 16.55344, 20.87434],
			"to": [21.40812, 17.21344, 27.83434],
			"rotation": {"angle": 0, "axis": "y", "origin": [21.08146, 12.25558, 20.17222]},
			"faces": {
				"north": {"uv": [0, 0, 16, 16], "texture": "#8"},
				"east": {"uv": [16, 0, 0, 16], "texture": "#11", "tintindex": 0},
				"south": {"uv": [0, 0, 16, 16], "texture": "#8"},
				"west": {"uv": [0, 0, 16, 16], "texture": "#8"},
				"up": {"uv": [16, 16, 0, 0], "texture": "#8"},
				"down": {"uv": [16, 16, 0, 0], "texture": "#8"}
			}
		},
		{
			"name": "Cube",
			"from": [-5.40812, 2.13344, 20.47434],
			"to": [-4.20812, 9.23344, 21.93434],
			"rotation": {"angle": 0, "axis": "y", "origin": [-5.08146, 13.65558, 24.57222]},
			"faces": {
				"north": {"uv": [0, 16, 16, 0], "rotation": 90, "texture": "#8"},
				"east": {"uv": [0, 16, 16, 0], "rotation": 90, "texture": "#8"},
				"south": {"uv": [0, 16, 16, 0], "rotation": 90, "texture": "#8"},
				"west": {"uv": [16, 0, 0, 16], "texture": "#2"},
				"up": {"uv": [16, 0, 0, 16], "rotation": 90, "texture": "#8"},
				"down": {"uv": [16, 0, 0, 16], "rotation": 90, "texture": "#8"}
			}
		},
		{
			"name": "Cube",
			"from": [20.20812, 2.13344, 20.47434],
			"to": [21.40812, 9.23344, 28.03434],
			"rotation": {"angle": 0, "axis": "y", "origin": [21.08146, 13.65558, 24.57222]},
			"faces": {
				"north": {"uv": [0, 0, 16, 16], "rotation": 90, "texture": "#8"},
				"east": {"uv": [0, 0, 16, 16], "texture": "#2"},
				"south": {"uv": [0, 0, 16, 16], "rotation": 90, "texture": "#8"},
				"west": {"uv": [0, 0, 16, 16], "rotation": 90, "texture": "#8"},
				"up": {"uv": [16, 16, 0, 0], "rotation": 90, "texture": "#8"},
				"down": {"uv": [16, 16, 0, 0], "rotation": 90, "texture": "#8"}
			}
		},
		{
			"name": "Cube",
			"from": [-5.01653, 9.93344, 1.9],
			"to": [-3.57653, 16.65344, 4.3],
			"rotation": {"angle": 0, "axis": "y", "origin": [3.47947, 14.4512, 20.6]},
			"faces": {
				"north": {"uv": [0, 0, 16, 16], "texture": "#8"},
				"east": {"uv": [16, 0, 0, 16], "texture": "#8"},
				"south": {"uv": [0, 0, 16, 16], "texture": "#8"},
				"west": {"uv": [0, 0, 16, 16], "texture": "#2"},
				"up": {"uv": [16, 16, 0, 0], "texture": "#8"},
				"down": {"uv": [16, 16, 0, 0], "texture": "#8"}
			}
		},
		{
			"name": "Cube",
			"from": [19.57653, 9.93344, 1.9],
			"to": [21.01653, 16.65344, 4.3],
			"rotation": {"angle": 0, "axis": "y", "origin": [12.52053, 14.4512, 20.6]},
			"faces": {
				"north": {"uv": [16, 0, 0, 16], "texture": "#8"},
				"east": {"uv": [16, 0, 0, 16], "texture": "#2"},
				"south": {"uv": [16, 0, 0, 16], "texture": "#8"},
				"west": {"uv": [0, 0, 16, 16], "texture": "#8"},
				"up": {"uv": [0, 16, 16, 0], "texture": "#8"},
				"down": {"uv": [0, 16, 16, 0], "texture": "#8"}
			}
		},
		{
			"name": "Cube",
			"from": [-5.01653, 9.93344, 14.2],
			"to": [-3.57653, 16.65344, 19.6],
			"rotation": {"angle": 0, "axis": "y", "origin": [3.47947, 14.4512, 36.6]},
			"faces": {
				"north": {"uv": [0, 0, 16, 16], "texture": "#8"},
				"east": {"uv": [16, 0, 0, 16], "texture": "#8"},
				"south": {"uv": [0, 0, 16, 16], "texture": "#8"},
				"west": {"uv": [0, 0, 16, 16], "texture": "#2"},
				"up": {"uv": [16, 16, 0, 0], "texture": "#8"},
				"down": {"uv": [16, 16, 0, 0], "texture": "#8"}
			}
		},
		{
			"name": "Cube",
			"from": [19.57653, 9.93344, 14.2],
			"to": [21.01653, 16.65344, 19.6],
			"rotation": {"angle": 0, "axis": "y", "origin": [12.52053, 14.4512, 36.6]},
			"faces": {
				"north": {"uv": [16, 0, 0, 16], "texture": "#8"},
				"east": {"uv": [16, 0, 0, 16], "texture": "#2"},
				"south": {"uv": [16, 0, 0, 16], "texture": "#8"},
				"west": {"uv": [0, 0, 16, 16], "texture": "#8"},
				"up": {"uv": [0, 16, 16, 0], "texture": "#8"},
				"down": {"uv": [0, 16, 16, 0], "texture": "#8"}
			}
		},
		{
			"name": "Cube",
			"from": [-5.01653, 9.93344, -14.5],
			"to": [-3.57653, 16.65344, -9.3],
			"rotation": {"angle": 0, "axis": "y", "origin": [3.47947, 14.4512, 5.7]},
			"faces": {
				"north": {"uv": [0, 0, 16, 16], "texture": "#2"},
				"east": {"uv": [16, 0, 0, 16], "texture": "#8"},
				"south": {"uv": [0, 0, 16, 16], "texture": "#8"},
				"west": {"uv": [0, 0, 16, 16], "texture": "#2"},
				"up": {"uv": [16, 16, 0, 0], "texture": "#8"},
				"down": {"uv": [16, 16, 0, 0], "texture": "#8"}
			}
		},
		{
			"name": "Cube",
			"from": [19.57653, 9.93344, -14.5],
			"to": [21.01653, 16.65344, -9.3],
			"rotation": {"angle": 0, "axis": "y", "origin": [12.52053, 14.4512, 5.7]},
			"faces": {
				"north": {"uv": [16, 0, 0, 16], "texture": "#2"},
				"east": {"uv": [16, 0, 0, 16], "texture": "#2"},
				"south": {"uv": [16, 0, 0, 16], "texture": "#8"},
				"west": {"uv": [0, 0, 16, 16], "texture": "#8"},
				"up": {"uv": [0, 16, 16, 0], "texture": "#8"},
				"down": {"uv": [0, 16, 16, 0], "texture": "#8"}
			}
		},
		{
			"name": "Cube",
			"from": [-0.60053, 1.53344, -15.5],
			"to": [0.98347, 19.05344, -14.5],
			"rotation": {"angle": 0, "axis": "y", "origin": [8.03947, 16.8512, 4.7]},
			"faces": {
				"north": {"uv": [0, 0, 16, 16], "texture": "#1"},
				"east": {"uv": [0, 0, 16, 16], "texture": "#1"},
				"south": {"uv": [0, 0, 16, 16], "texture": "#1"},
				"west": {"uv": [0, 0, 16, 16], "texture": "#1"},
				"up": {"uv": [0, 0, 16, 16], "texture": "#1"},
				"down": {"uv": [0, 0, 16, 16], "texture": "#1"}
			}
		},
		{
			"name": "Cube",
			"from": [15.01653, 1.53344, -15.5],
			"to": [16.60053, 19.05344, -14.5],
			"rotation": {"angle": 0, "axis": "y", "origin": [7.96053, 16.8512, 4.7]},
			"faces": {
				"north": {"uv": [16, 0, 0, 16], "texture": "#1"},
				"east": {"uv": [16, 0, 0, 16], "texture": "#1"},
				"south": {"uv": [16, 0, 0, 16], "texture": "#1"},
				"west": {"uv": [16, 0, 0, 16], "texture": "#1"},
				"up": {"uv": [16, 0, 0, 16], "texture": "#1"},
				"down": {"uv": [16, 0, 0, 16], "texture": "#1"}
			}
		},
		{
			"name": "Cube",
			"from": [0.958, 17.53344, -15.5],
			"to": [15.042, 19.05344, -14.5],
			"rotation": {"angle": 0, "axis": "y", "origin": [22.298, 16.8512, 4.7]},
			"faces": {
				"north": {"uv": [0, 0, 16, 16], "texture": "#1"},
				"east": {"uv": [0, 0, 16, 16], "texture": "#1"},
				"south": {"uv": [0, 0, 16, 16], "texture": "#1"},
				"west": {"uv": [0, 0, 16, 16], "texture": "#1"},
				"up": {"uv": [0, 0, 16, 16], "texture": "#1"},
				"down": {"uv": [0, 0, 16, 16], "texture": "#1"}
			}
		},
		{
			"name": "Cube",
			"from": [19.80812, 2.13344, 19.60145],
			"to": [21.60812, 9.15344, 20.92145],
			"rotation": {"angle": 0, "axis": "y", "origin": [21.08146, 13.65558, 16.57222]},
			"faces": {
				"north": {"uv": [0, 0, 16, 16], "texture": "#6"},
				"east": {"uv": [0, 0, 16, 16], "texture": "#6"},
				"south": {"uv": [0, 0, 16, 16], "texture": "#6"},
				"west": {"uv": [0, 0, 16, 16], "texture": "#6"},
				"up": {"uv": [16, 16, 0, 0], "texture": "#6"},
				"down": {"uv": [16, 16, 0, 0], "texture": "#6"}
			}
		},
		{
			"name": "Cube",
			"from": [-5.60812, 2.13344, 19.60145],
			"to": [-3.80812, 9.15344, 20.92145],
			"rotation": {"angle": 0, "axis": "y", "origin": [-5.08146, 13.65558, 16.57222]},
			"faces": {
				"north": {"uv": [16, 0, 0, 16], "texture": "#6"},
				"east": {"uv": [16, 0, 0, 16], "texture": "#6"},
				"south": {"uv": [16, 0, 0, 16], "texture": "#6"},
				"west": {"uv": [16, 0, 0, 16], "texture": "#6"},
				"up": {"uv": [0, 16, 16, 0], "texture": "#6"},
				"down": {"uv": [0, 16, 16, 0], "texture": "#6"}
			}
		},
		{
			"name": "Cube",
			"from": [19.80812, 2.13344, 27.80145],
			"to": [21.60812, 9.15344, 28.12145],
			"rotation": {"angle": 0, "axis": "y", "origin": [21.08146, 13.65558, 24.77222]},
			"faces": {
				"north": {"uv": [0, 0, 16, 16], "texture": "#0"},
				"east": {"uv": [0, 0, 16, 16], "texture": "#0"},
				"south": {"uv": [0, 0, 16, 16], "texture": "#0"},
				"west": {"uv": [0, 0, 16, 16], "texture": "#0"},
				"up": {"uv": [0, 0, 16, 16], "texture": "#0"},
				"down": {"uv": [0, 0, 16, 16], "texture": "#0"}
			}
		},
		{
			"name": "Cube",
			"from": [-5.60812, 2.13344, 21.80145],
			"to": [-3.80812, 9.15344, 22.12145],
			"rotation": {"angle": 0, "axis": "y", "origin": [-5.08146, 13.65558, 18.77222]},
			"faces": {
				"north": {"uv": [16, 0, 0, 16], "texture": "#0"},
				"east": {"uv": [16, 0, 0, 16], "texture": "#0"},
				"south": {"uv": [0, 0, 16, 16], "texture": "#0"},
				"west": {"uv": [16, 0, 0, 16], "texture": "#0"},
				"up": {"uv": [16, 0, 0, 16], "texture": "#0"},
				"down": {"uv": [16, 0, 0, 16], "texture": "#0"}
			}
		},
		{
			"name": "Cube",
			"from": [19.80812, 9.13344, 19.60145],
			"to": [21.60812, 17.25344, 20.92145],
			"rotation": {"angle": 0, "axis": "y", "origin": [21.08146, 21.75558, 16.57222]},
			"faces": {
				"north": {"uv": [0, 0, 16, 16], "texture": "#6"},
				"east": {"uv": [0, 0, 16, 16], "texture": "#6"},
				"south": {"uv": [0, 0, 16, 16], "texture": "#6"},
				"west": {"uv": [0, 0, 16, 16], "texture": "#6"},
				"up": {"uv": [16, 16, 0, 0], "texture": "#6"},
				"down": {"uv": [16, 16, 0, 0], "texture": "#6"}
			}
		},
		{
			"name": "Cube",
			"from": [-5.60812, 9.13344, 19.60145],
			"to": [-3.80812, 17.25344, 20.92145],
			"rotation": {"angle": 0, "axis": "y", "origin": [-5.08146, 21.75558, 16.57222]},
			"faces": {
				"north": {"uv": [16, 0, 0, 16], "texture": "#6"},
				"east": {"uv": [16, 0, 0, 16], "texture": "#6"},
				"south": {"uv": [16, 0, 0, 16], "texture": "#6"},
				"west": {"uv": [16, 0, 0, 16], "texture": "#6"},
				"up": {"uv": [0, 16, 16, 0], "texture": "#6"},
				"down": {"uv": [0, 16, 16, 0], "texture": "#6"}
			}
		},
		{
			"name": "Cube",
			"from": [19.80812, 9.13344, 27.80145],
			"to": [21.60812, 17.25344, 28.12145],
			"rotation": {"angle": 0, "axis": "y", "origin": [21.08146, 21.75558, 24.77222]},
			"faces": {
				"north": {"uv": [0, 0, 16, 16], "texture": "#0"},
				"east": {"uv": [0, 0, 16, 16], "texture": "#0"},
				"south": {"uv": [0, 0, 16, 16], "texture": "#0"},
				"west": {"uv": [0, 0, 16, 16], "texture": "#0"},
				"up": {"uv": [0, 0, 16, 16], "texture": "#0"},
				"down": {"uv": [0, 0, 16, 16], "texture": "#0"}
			}
		},
		{
			"name": "Cube",
			"from": [-5.60812, 9.13344, 21.80145],
			"to": [-3.80812, 17.25344, 22.12145],
			"rotation": {"angle": 0, "axis": "y", "origin": [-5.08146, 21.75558, 18.77222]},
			"faces": {
				"north": {"uv": [16, 0, 0, 16], "texture": "#0"},
				"east": {"uv": [16, 0, 0, 16], "texture": "#0"},
				"south": {"uv": [0, 0, 16, 16], "texture": "#0"},
				"west": {"uv": [16, 0, 0, 16], "texture": "#0"},
				"up": {"uv": [16, 0, 0, 16], "texture": "#0"},
				"down": {"uv": [16, 0, 0, 16], "texture": "#0"}
			}
		},
		{
			"name": "Cube",
			"from": [19.80812, 17.23344, 19.60145],
			"to": [21.60812, 19.05344, 20.92145],
			"rotation": {"angle": 0, "axis": "y", "origin": [21.08146, 23.55558, 16.57222]},
			"faces": {
				"north": {"uv": [0, 0, 16, 16], "texture": "#6"},
				"east": {"uv": [0, 0, 16, 16], "texture": "#6"},
				"south": {"uv": [0, 0, 16, 16], "texture": "#6"},
				"west": {"uv": [0, 0, 16, 16], "texture": "#6"},
				"up": {"uv": [16, 16, 0, 0], "texture": "#6"},
				"down": {"uv": [16, 16, 0, 0], "texture": "#6"}
			}
		},
		{
			"name": "Cube",
			"from": [-5.60812, 17.23344, 19.60145],
			"to": [-3.80812, 19.05344, 20.92145],
			"rotation": {"angle": 0, "axis": "y", "origin": [-5.08146, 23.55558, 16.57222]},
			"faces": {
				"north": {"uv": [16, 0, 0, 16], "texture": "#6"},
				"east": {"uv": [16, 0, 0, 16], "texture": "#6"},
				"south": {"uv": [16, 0, 0, 16], "texture": "#6"},
				"west": {"uv": [16, 0, 0, 16], "texture": "#6"},
				"up": {"uv": [0, 16, 16, 0], "texture": "#6"},
				"down": {"uv": [0, 16, 16, 0], "texture": "#6"}
			}
		},
		{
			"name": "Cube",
			"from": [19.80812, 17.23344, 27.80145],
			"to": [21.60812, 19.05344, 28.12145],
			"rotation": {"angle": 0, "axis": "y", "origin": [21.08146, 23.55558, 24.77222]},
			"faces": {
				"north": {"uv": [0, 0, 16, 16], "texture": "#0"},
				"east": {"uv": [0, 0, 16, 16], "texture": "#0"},
				"south": {"uv": [0, 0, 16, 16], "texture": "#0"},
				"west": {"uv": [0, 0, 16, 16], "texture": "#0"},
				"up": {"uv": [0, 0, 16, 16], "texture": "#0"},
				"down": {"uv": [0, 0, 16, 16], "texture": "#0"}
			}
		},
		{
			"name": "Cube",
			"from": [-5.60812, 17.23344, 27.80145],
			"to": [-3.80812, 19.05344, 28.12145],
			"rotation": {"angle": 0, "axis": "y", "origin": [-5.08146, 23.55558, 24.77222]},
			"faces": {
				"north": {"uv": [16, 0, 0, 16], "texture": "#0"},
				"east": {"uv": [16, 0, 0, 16], "texture": "#0"},
				"south": {"uv": [0, 0, 16, 16], "texture": "#0"},
				"west": {"uv": [16, 0, 0, 16], "texture": "#0"},
				"up": {"uv": [16, 0, 0, 16], "texture": "#0"},
				"down": {"uv": [16, 0, 0, 16], "texture": "#0"}
			}
		},
		{
			"name": "Cube",
			"from": [-5.70812, 18.31344, -15.59855],
			"to": [-4.70812, 19.17344, 28.02145],
			"rotation": {"angle": 0, "axis": "y", "origin": [-4.98146, 11.25558, 24.57222]},
			"faces": {
				"north": {"uv": [0, 0, 16, 16], "texture": "#6"},
				"east": {"uv": [0, 0, 16, 16], "texture": "#6"},
				"south": {"uv": [0, 0, 16, 16], "texture": "#6"},
				"west": {"uv": [0, 0, 16, 16], "texture": "#11", "tintindex": 0},
				"up": {"uv": [0, 0, 16, 16], "texture": "#6"},
				"down": {"uv": [0, 0, 16, 16], "texture": "#6"}
			}
		},
		{
			"name": "Cube",
			"from": [20.70812, 18.31344, -15.59855],
			"to": [21.70812, 19.17344, 28.02145],
			"rotation": {"angle": 0, "axis": "y", "origin": [20.98146, 11.25558, 24.57222]},
			"faces": {
				"north": {"uv": [16, 0, 0, 16], "texture": "#6"},
				"east": {"uv": [16, 0, 0, 16], "texture": "#11", "tintindex": 0},
				"south": {"uv": [16, 0, 0, 16], "texture": "#6"},
				"west": {"uv": [16, 0, 0, 16], "texture": "#6"},
				"up": {"uv": [16, 0, 0, 16], "texture": "#6"},
				"down": {"uv": [16, 0, 0, 16], "texture": "#6"}
			}
		},
		{
			"name": "Cube",
			"from": [-3.76, 5.29971, 8.81763],
			"to": [-2.76, 11.49971, 19.31763],
			"rotation": {"angle": 0, "axis": "x", "origin": [1.8, 6.83072, 14.33731]},
			"faces": {
				"north": {"uv": [0, 0, 16, 16], "texture": "#7", "tintindex": 0},
				"east": {"uv": [0, 0, 16, 16], "texture": "#7", "tintindex": 0},
				"south": {"uv": [0, 0, 16, 16], "texture": "#9"},
				"west": {"uv": [0, 0, 16, 16], "texture": "#7", "tintindex": 0},
				"up": {"uv": [0, 0, 16, 16], "texture": "#7", "tintindex": 0},
				"down": {"uv": [0, 0, 16, 16], "texture": "#7", "tintindex": 0}
			}
		},
		{
			"name": "Cube",
			"from": [18.76, 5.29971, 8.81763],
			"to": [19.76, 11.49971, 19.31763],
			"rotation": {"angle": 0, "axis": "x", "origin": [14.2, 6.83072, 14.33731]},
			"faces": {
				"north": {"uv": [16, 0, 0, 16], "texture": "#7", "tintindex": 0},
				"east": {"uv": [16, 0, 0, 16], "texture": "#7", "tintindex": 0},
				"south": {"uv": [16, 0, 0, 16], "texture": "#9"},
				"west": {"uv": [16, 0, 0, 16], "texture": "#7", "tintindex": 0},
				"up": {"uv": [16, 0, 0, 16], "texture": "#7", "tintindex": 0},
				"down": {"uv": [16, 0, 0, 16], "texture": "#7", "tintindex": 0}
			}
		},
		{
			"name": "Cube",
			"from": [-3.76, 5.29971, -1.98237],
			"to": [-2.76, 11.49971, 8.61763],
			"rotation": {"angle": 0, "axis": "x", "origin": [1.8, 6.83072, 3.53731]},
			"faces": {
				"north": {"uv": [0, 0, 16, 16], "texture": "#7", "tintindex": 0},
				"east": {"uv": [0, 0, 16, 16], "texture": "#7", "tintindex": 0},
				"south": {"uv": [0, 0, 16, 16], "texture": "#9"},
				"west": {"uv": [0, 0, 16, 16], "texture": "#7", "tintindex": 0},
				"up": {"uv": [0, 0, 16, 16], "texture": "#7", "tintindex": 0},
				"down": {"uv": [0, 0, 16, 16], "texture": "#7", "tintindex": 0}
			}
		},
		{
			"name": "Cube",
			"from": [18.76, 5.29971, -1.98237],
			"to": [19.76, 11.49971, 8.61763],
			"rotation": {"angle": 0, "axis": "x", "origin": [14.2, 6.83072, 3.53731]},
			"faces": {
				"north": {"uv": [16, 0, 0, 16], "texture": "#7", "tintindex": 0},
				"east": {"uv": [16, 0, 0, 16], "texture": "#7", "tintindex": 0},
				"south": {"uv": [16, 0, 0, 16], "texture": "#9"},
				"west": {"uv": [16, 0, 0, 16], "texture": "#7", "tintindex": 0},
				"up": {"uv": [16, 0, 0, 16], "texture": "#7", "tintindex": 0},
				"down": {"uv": [16, 0, 0, 16], "texture": "#7", "tintindex": 0}
			}
		},
		{
			"name": "Cube",
			"from": [-3.76, 5.29971, -12.88237],
			"to": [-2.76, 11.49971, -2.28237],
			"rotation": {"angle": 0, "axis": "x", "origin": [1.8, 6.83072, -7.36269]},
			"faces": {
				"north": {"uv": [0, 0, 16, 16], "texture": "#7", "tintindex": 0},
				"east": {"uv": [0, 0, 16, 16], "texture": "#7", "tintindex": 0},
				"south": {"uv": [0, 0, 16, 16], "texture": "#9"},
				"west": {"uv": [0, 0, 16, 16], "texture": "#7", "tintindex": 0},
				"up": {"uv": [0, 0, 16, 16], "texture": "#7", "tintindex": 0},
				"down": {"uv": [0, 0, 16, 16], "texture": "#7", "tintindex": 0}
			}
		},
		{
			"name": "Cube",
			"from": [18.76, 5.29971, -12.88237],
			"to": [19.76, 11.49971, -2.28237],
			"rotation": {"angle": 0, "axis": "x", "origin": [14.2, 6.83072, -7.36269]},
			"faces": {
				"north": {"uv": [16, 0, 0, 16], "texture": "#7", "tintindex": 0},
				"east": {"uv": [16, 0, 0, 16], "texture": "#7", "tintindex": 0},
				"south": {"uv": [16, 0, 0, 16], "texture": "#9"},
				"west": {"uv": [16, 0, 0, 16], "texture": "#7", "tintindex": 0},
				"up": {"uv": [16, 0, 0, 16], "texture": "#7", "tintindex": 0},
				"down": {"uv": [16, 0, 0, 16], "texture": "#7", "tintindex": 0}
			}
		},
		{
			"name": "Cube",
			"from": [-3.62, 4.904, 8.8],
			"to": [1.14, 6.344, 19.4],
			"rotation": {"angle": 0, "axis": "y", "origin": [6.7, 6.83072, 14.33731]},
			"faces": {
				"north": {"uv": [0, 0, 16, 16], "texture": "#7", "tintindex": 0},
				"east": {"uv": [0, 0, 16, 16], "texture": "#7", "tintindex": 0},
				"south": {"uv": [0, 0, 16, 16], "texture": "#7", "tintindex": 0},
				"west": {"uv": [0, 0, 16, 16], "texture": "#7", "tintindex": 0},
				"up": {"uv": [0, 0, 16, 16], "texture": "#7", "tintindex": 0},
				"down": {"uv": [0, 0, 16, 16], "texture": "#7", "tintindex": 0}
			}
		},
		{
			"name": "Cube",
			"from": [14.86, 4.904, 8.8],
			"to": [19.62, 6.344, 19.4],
			"rotation": {"angle": 0, "axis": "y", "origin": [9.3, 6.83072, 14.33731]},
			"faces": {
				"north": {"uv": [16, 0, 0, 16], "texture": "#7", "tintindex": 0},
				"east": {"uv": [16, 0, 0, 16], "texture": "#7", "tintindex": 0},
				"south": {"uv": [16, 0, 0, 16], "texture": "#7", "tintindex": 0},
				"west": {"uv": [16, 0, 0, 16], "texture": "#7", "tintindex": 0},
				"up": {"uv": [16, 0, 0, 16], "texture": "#7", "tintindex": 0},
				"down": {"uv": [16, 0, 0, 16], "texture": "#7", "tintindex": 0}
			}
		},
		{
			"name": "Cube",
			"from": [-3.62, 4.904, -2],
			"to": [1.14, 6.344, 8.6],
			"rotation": {"angle": 0, "axis": "y", "origin": [6.7, 6.83072, 3.53731]},
			"faces": {
				"north": {"uv": [0, 0, 16, 16], "texture": "#7", "tintindex": 0},
				"east": {"uv": [0, 0, 16, 16], "texture": "#7", "tintindex": 0},
				"south": {"uv": [0, 0, 16, 16], "texture": "#7", "tintindex": 0},
				"west": {"uv": [0, 0, 16, 16], "texture": "#7", "tintindex": 0},
				"up": {"uv": [0, 0, 16, 16], "texture": "#7", "tintindex": 0},
				"down": {"uv": [0, 0, 16, 16], "texture": "#7", "tintindex": 0}
			}
		},
		{
			"name": "Cube",
			"from": [14.86, 4.904, -2],
			"to": [19.62, 6.344, 8.6],
			"rotation": {"angle": 0, "axis": "y", "origin": [9.3, 6.83072, 3.53731]},
			"faces": {
				"north": {"uv": [16, 0, 0, 16], "texture": "#7", "tintindex": 0},
				"east": {"uv": [16, 0, 0, 16], "texture": "#7", "tintindex": 0},
				"south": {"uv": [16, 0, 0, 16], "texture": "#7", "tintindex": 0},
				"west": {"uv": [16, 0, 0, 16], "texture": "#7", "tintindex": 0},
				"up": {"uv": [16, 0, 0, 16], "texture": "#7", "tintindex": 0},
				"down": {"uv": [16, 0, 0, 16], "texture": "#7", "tintindex": 0}
			}
		},
		{
			"name": "Cube",
			"from": [-3.62, 4.904, -12.9],
			"to": [1.14, 6.344, -2.3],
			"rotation": {"angle": 0, "axis": "y", "origin": [6.7, 6.83072, -7.36269]},
			"faces": {
				"north": {"uv": [0, 0, 16, 16], "texture": "#7", "tintindex": 0},
				"east": {"uv": [0, 0, 16, 16], "texture": "#7", "tintindex": 0},
				"south": {"uv": [0, 0, 16, 16], "texture": "#7", "tintindex": 0},
				"west": {"uv": [0, 0, 16, 16], "texture": "#7", "tintindex": 0},
				"up": {"uv": [0, 0, 16, 16], "texture": "#7", "tintindex": 0},
				"down": {"uv": [0, 0, 16, 16], "texture": "#7", "tintindex": 0}
			}
		},
		{
			"name": "Cube",
			"from": [14.86, 4.904, -12.9],
			"to": [19.62, 6.344, -2.3],
			"rotation": {"angle": 0, "axis": "y", "origin": [9.3, 6.83072, -7.36269]},
			"faces": {
				"north": {"uv": [16, 0, 0, 16], "texture": "#7", "tintindex": 0},
				"east": {"uv": [16, 0, 0, 16], "texture": "#7", "tintindex": 0},
				"south": {"uv": [16, 0, 0, 16], "texture": "#7", "tintindex": 0},
				"west": {"uv": [16, 0, 0, 16], "texture": "#7", "tintindex": 0},
				"up": {"uv": [16, 0, 0, 16], "texture": "#7", "tintindex": 0},
				"down": {"uv": [16, 0, 0, 16], "texture": "#7", "tintindex": 0}
			}
		},
		{
			"name": "Cube",
			"from": [-3.62, 2.024, 8.8],
			"to": [1.14, 4.904, 19.4],
			"rotation": {"angle": 0, "axis": "y", "origin": [6.7, 6.83072, 14.33731]},
			"faces": {
				"north": {"uv": [0, 0, 16, 16], "texture": "#9"},
				"east": {"uv": [0, 0, 16, 16], "texture": "#9"},
				"south": {"uv": [0, 0, 16, 16], "texture": "#9"},
				"west": {"uv": [0, 0, 16, 16], "texture": "#9"},
				"up": {"uv": [0, 0, 16, 16], "texture": "#9"},
				"down": {"uv": [0, 0, 16, 16], "texture": "#9"}
			}
		},
		{
			"name": "Cube",
			"from": [14.86, 2.024, 8.8],
			"to": [19.62, 4.904, 19.4],
			"rotation": {"angle": 0, "axis": "y", "origin": [9.3, 6.83072, 14.33731]},
			"faces": {
				"north": {"uv": [16, 0, 0, 16], "texture": "#9"},
				"east": {"uv": [16, 0, 0, 16], "texture": "#9"},
				"south": {"uv": [16, 0, 0, 16], "texture": "#9"},
				"west": {"uv": [16, 0, 0, 16], "texture": "#9"},
				"up": {"uv": [16, 0, 0, 16], "texture": "#9"},
				"down": {"uv": [16, 0, 0, 16], "texture": "#9"}
			}
		},
		{
			"name": "Cube",
			"from": [-3.62, 2.024, -2],
			"to": [1.14, 4.904, 8.6],
			"rotation": {"angle": 0, "axis": "y", "origin": [6.7, 6.83072, 3.53731]},
			"faces": {
				"north": {"uv": [0, 0, 16, 16], "texture": "#9"},
				"east": {"uv": [0, 0, 16, 16], "texture": "#9"},
				"south": {"uv": [0, 0, 16, 16], "texture": "#9"},
				"west": {"uv": [0, 0, 16, 16], "texture": "#9"},
				"up": {"uv": [0, 0, 16, 16], "texture": "#9"},
				"down": {"uv": [0, 0, 16, 16], "texture": "#9"}
			}
		},
		{
			"name": "Cube",
			"from": [14.86, 2.024, -2],
			"to": [19.62, 4.904, 8.6],
			"rotation": {"angle": 0, "axis": "y", "origin": [9.3, 6.83072, 3.53731]},
			"faces": {
				"north": {"uv": [16, 0, 0, 16], "texture": "#9"},
				"east": {"uv": [16, 0, 0, 16], "texture": "#9"},
				"south": {"uv": [16, 0, 0, 16], "texture": "#9"},
				"west": {"uv": [16, 0, 0, 16], "texture": "#9"},
				"up": {"uv": [16, 0, 0, 16], "texture": "#9"},
				"down": {"uv": [16, 0, 0, 16], "texture": "#9"}
			}
		},
		{
			"name": "Cube",
			"from": [-3.62, 2.024, -12.9],
			"to": [1.14, 4.904, -2.3],
			"rotation": {"angle": 0, "axis": "y", "origin": [6.7, 6.83072, -7.36269]},
			"faces": {
				"north": {"uv": [0, 0, 16, 16], "texture": "#9"},
				"east": {"uv": [0, 0, 16, 16], "texture": "#9"},
				"south": {"uv": [0, 0, 16, 16], "texture": "#9"},
				"west": {"uv": [0, 0, 16, 16], "texture": "#9"},
				"up": {"uv": [0, 0, 16, 16], "texture": "#9"},
				"down": {"uv": [0, 0, 16, 16], "texture": "#9"}
			}
		},
		{
			"name": "Cube",
			"from": [14.86, 2.024, -12.9],
			"to": [19.62, 4.904, -2.3],
			"rotation": {"angle": 0, "axis": "y", "origin": [9.3, 6.83072, -7.36269]},
			"faces": {
				"north": {"uv": [16, 0, 0, 16], "texture": "#9"},
				"east": {"uv": [16, 0, 0, 16], "texture": "#9"},
				"south": {"uv": [16, 0, 0, 16], "texture": "#9"},
				"west": {"uv": [16, 0, 0, 16], "texture": "#9"},
				"up": {"uv": [16, 0, 0, 16], "texture": "#9"},
				"down": {"uv": [16, 0, 0, 16], "texture": "#9"}
			}
		},
		{
			"name": "Cube",
			"from": [2.8136, 20.96576, -15.6],
			"to": [13.1864, 23.4464, 28],
			"rotation": {"angle": 0, "axis": "y", "origin": [10.436, 7.9712, 8.8]},
			"faces": {
				"north": {"uv": [0, 0, 16, 16], "texture": "#6"},
				"east": {"uv": [0, 0, 16, 16], "texture": "#6"},
				"south": {"uv": [0, 0, 16, 16], "texture": "#6"},
				"west": {"uv": [0, 0, 16, 16], "texture": "#6"},
				"up": {"uv": [0, 0, 16, 16], "texture": "#6"},
				"down": {"uv": [0, 0, 16, 16], "texture": "#6"}
			}
		},
		{
			"name": "Cube",
			"from": [4.0136, 2.00576, -14],
			"to": [11.9864, 2.60576, 28],
			"rotation": {"angle": 0, "axis": "y", "origin": [10.436, -10.5088, 8.7]},
			"faces": {
				"north": {"uv": [0, 0, 16, 16], "texture": "#7", "tintindex": 0},
				"east": {"uv": [0, 0, 16, 16], "texture": "#7", "tintindex": 0},
				"south": {"uv": [0, 0, 16, 16], "texture": "#7", "tintindex": 0},
				"west": {"uv": [0, 0, 16, 16], "texture": "#7", "tintindex": 0},
				"up": {"uv": [0, 0, 16, 16], "texture": "#7", "tintindex": 0},
				"down": {"uv": [0, 0, 16, 16], "texture": "#7", "tintindex": 0}
			}
		},
		{
			"name": "Cube",
			"from": [6.82603, 21.69344, -15.6],
			"to": [16.28443, 23.91584, 28],
			"rotation": {"angle": -22.5, "axis": "z", "origin": [8.62891, 7.71296, 9.8]},
			"faces": {
				"north": {"uv": [0, 0, 16, 16], "texture": "#6"},
				"east": {"uv": [0, 0, 16, 16], "texture": "#6"},
				"south": {"uv": [0, 0, 16, 16], "texture": "#6"},
				"west": {"uv": [0, 0, 16, 16], "texture": "#6"},
				"up": {"uv": [0, 0, 16, 16], "texture": "#6"},
				"down": {"uv": [0, 0, 16, 16], "texture": "#6"}
			}
		},
		{
			"name": "Cube",
			"from": [-0.28443, 21.69344, -15.6],
			"to": [9.17397, 23.91584, 28],
			"rotation": {"angle": 22.5, "axis": "z", "origin": [7.37109, 7.71296, 9.8]},
			"faces": {
				"north": {"uv": [0, 0, 16, 16], "texture": "#6"},
				"east": {"uv": [0, 0, 16, 16], "texture": "#6"},
				"south": {"uv": [0, 0, 16, 16], "texture": "#6"},
				"west": {"uv": [0, 0, 16, 16], "texture": "#6"},
				"up": {"uv": [0, 0, 16, 16], "texture": "#6"},
				"down": {"uv": [0, 0, 16, 16], "texture": "#6"}
			}
		},
		{
			"name": "Cube",
			"from": [19.60747, 2.13344, -14.5],
			"to": [21.04747, 2.93344, 19.8],
			"rotation": {"angle": 0, "axis": "y", "origin": [9.13947, 3.0512, 7.7]},
			"faces": {
				"north": {"uv": [0, 0, 16, 16], "texture": "#11", "tintindex": 0},
				"east": {"uv": [16, 0, 0, 16], "texture": "#11", "tintindex": 0},
				"south": {"uv": [16, 0, 0, 16], "texture": "#11", "tintindex": 0},
				"west": {"uv": [16, 0, 0, 16], "texture": "#11", "tintindex": 0},
				"up": {"uv": [16, 0, 0, 16], "texture": "#11", "tintindex": 0},
				"down": {"uv": [16, 0, 0, 16], "texture": "#11", "tintindex": 0}
			}
		},
		{
			"name": "Cube",
			"from": [-5.04747, 2.13344, -14.5],
			"to": [-3.60747, 2.93344, 19.8],
			"rotation": {"angle": 0, "axis": "y", "origin": [6.86053, 3.0512, 7.7]},
			"faces": {
				"north": {"uv": [0, 0, 16, 16], "texture": "#11", "tintindex": 0},
				"east": {"uv": [0, 0, 16, 16], "texture": "#11", "tintindex": 0},
				"south": {"uv": [0, 0, 16, 16], "texture": "#11", "tintindex": 0},
				"west": {"uv": [0, 0, 16, 16], "texture": "#11", "tintindex": 0},
				"up": {"uv": [0, 0, 16, 16], "texture": "#11", "tintindex": 0},
				"down": {"uv": [0, 0, 16, 16], "texture": "#11", "tintindex": 0}
			}
		},
		{
			"name": "Cube",
			"from": [-3.84747, 2.13344, -14.5],
			"to": [-0.04747, 2.93344, -13],
			"rotation": {"angle": 0, "axis": "y", "origin": [15.16053, 3.0512, 16.7]},
			"faces": {
				"north": {"uv": [0, 0, 16, 16], "texture": "#11", "tintindex": 0},
				"east": {"uv": [0, 0, 16, 16], "texture": "#11", "tintindex": 0},
				"south": {"uv": [0, 0, 16, 16], "texture": "#11", "tintindex": 0},
				"west": {"uv": [0, 0, 16, 16], "texture": "#11", "tintindex": 0},
				"up": {"uv": [0, 0, 16, 16], "texture": "#11", "tintindex": 0},
				"down": {"uv": [0, 0, 16, 16], "texture": "#11", "tintindex": 0}
			}
		},
		{
			"name": "Cube",
			"from": [16.04747, 2.13344, -14.5],
			"to": [19.84747, 2.93344, -13],
			"rotation": {"angle": 0, "axis": "y", "origin": [0.83947, 3.0512, 16.7]},
			"faces": {
				"north": {"uv": [0, 0, 16, 16], "texture": "#11", "tintindex": 0},
				"east": {"uv": [16, 0, 0, 16], "texture": "#11", "tintindex": 0},
				"south": {"uv": [16, 0, 0, 16], "texture": "#11", "tintindex": 0},
				"west": {"uv": [16, 0, 0, 16], "texture": "#11", "tintindex": 0},
				"up": {"uv": [16, 0, 0, 16], "texture": "#11", "tintindex": 0},
				"down": {"uv": [16, 0, 0, 16], "texture": "#11", "tintindex": 0}
			}
		},
		{
			"name": "Cube",
			"from": [16.04747, 2.93344, -14.5],
			"to": [19.72747, 9.23344, -13],
			"rotation": {"angle": 0, "axis": "y", "origin": [0.83947, 5.4512, 16.7]},
			"faces": {
				"north": {"uv": [0, 16, 16, 0], "texture": "#2"},
				"east": {"uv": [16, 0, 0, 16], "texture": "#8"},
				"south": {"uv": [16, 0, 0, 16], "texture": "#8"},
				"west": {"uv": [16, 0, 0, 16], "texture": "#8"},
				"up": {"uv": [16, 0, 0, 16], "texture": "#8"},
				"down": {"uv": [16, 0, 0, 16], "texture": "#8"}
			}
		},
		{
			"name": "Cube",
			"from": [-3.72747, 2.93344, -14.5],
			"to": [-0.04747, 9.23344, -13],
			"rotation": {"angle": 0, "axis": "y", "origin": [15.16053, 5.4512, 16.7]},
			"faces": {
				"north": {"uv": [16, 16, 0, 0], "texture": "#2"},
				"east": {"uv": [0, 0, 16, 16], "texture": "#8"},
				"south": {"uv": [0, 0, 16, 16], "texture": "#8"},
				"west": {"uv": [0, 0, 16, 16], "texture": "#8"},
				"up": {"uv": [0, 0, 16, 16], "texture": "#8"},
				"down": {"uv": [0, 0, 16, 16], "texture": "#8"}
			}
		},
		{
			"name": "Cube",
			"from": [16.04747, 17.23344, -14.5],
			"to": [19.72747, 18.33344, -13],
			"rotation": {"angle": 0, "axis": "y", "origin": [0.83947, 16.2512, 16.7]},
			"faces": {
				"north": {"uv": [0, 16, 16, 0], "texture": "#2"},
				"east": {"uv": [16, 0, 0, 16], "texture": "#8"},
				"south": {"uv": [16, 0, 0, 16], "texture": "#8"},
				"west": {"uv": [16, 0, 0, 16], "texture": "#8"},
				"up": {"uv": [16, 0, 0, 16], "texture": "#8"},
				"down": {"uv": [16, 0, 0, 16], "texture": "#8"}
			}
		},
		{
			"name": "Cube",
			"from": [-3.72747, 17.23344, -14.5],
			"to": [-0.04747, 18.33344, -13],
			"rotation": {"angle": 0, "axis": "y", "origin": [15.16053, 16.2512, 16.7]},
			"faces": {
				"north": {"uv": [16, 16, 0, 0], "texture": "#2"},
				"east": {"uv": [0, 0, 16, 16], "texture": "#8"},
				"south": {"uv": [0, 0, 16, 16], "texture": "#8"},
				"west": {"uv": [0, 0, 16, 16], "texture": "#8"},
				"up": {"uv": [0, 0, 16, 16], "texture": "#8"},
				"down": {"uv": [0, 0, 16, 16], "texture": "#8"}
			}
		},
		{
			"name": "Cube",
			"from": [-4.424, -5.08896, 13.7],
			"to": [1.52, 0.33344, 28],
			"rotation": {"angle": 0, "axis": "y", "origin": [6.4448, 3.6512, 3.6]},
			"faces": {
				"north": {"uv": [0, 0, 16, 16], "texture": "#0"},
				"east": {"uv": [0, 0, 16, 16], "texture": "#0"},
				"south": {"uv": [0, 0, 16, 16], "texture": "#0"},
				"west": {"uv": [0, 0, 16, 16], "texture": "#0"},
				"up": {"uv": [0, 0, 16, 16], "texture": "#0"},
				"down": {"uv": [0, 0, 16, 16], "texture": "#0"}
			}
		},
		{
			"name": "Cube",
			"from": [14.48, -5.08896, 13.7],
			"to": [20.424, 0.33344, 28],
			"rotation": {"angle": 0, "axis": "y", "origin": [9.5552, 3.6512, 3.6]},
			"faces": {
				"north": {"uv": [16, 0, 0, 16], "texture": "#0"},
				"east": {"uv": [16, 0, 0, 16], "texture": "#0"},
				"south": {"uv": [16, 0, 0, 16], "texture": "#0"},
				"west": {"uv": [16, 0, 0, 16], "texture": "#0"},
				"up": {"uv": [16, 0, 0, 16], "texture": "#0"},
				"down": {"uv": [16, 0, 0, 16], "texture": "#0"}
			}
		},
		{
			"name": "Base",
			"from": [9.3248, -2.3488, -16],
			"to": [10.9952, 0.8048, -14.6],
			"rotation": {"angle": 0, "axis": "y", "origin": [-2.47168, 6.2912, 12.8]},
			"faces": {
				"north": {"uv": [0, 0, 16, 16], "texture": "#0"},
				"east": {"uv": [0, 0, 16, 16], "texture": "#0"},
				"south": {"uv": [0, 0, 16, 16], "texture": "#0"},
				"west": {"uv": [0, 0, 16, 16], "texture": "#0"},
				"up": {"uv": [0, 0, 16, 16], "texture": "#0"},
				"down": {"uv": [0, 0, 16, 16], "texture": "#0"}
			}
		},
		{
			"name": "Base",
			"from": [5.0048, -2.3488, -16],
			"to": [6.6752, 0.8048, -14.6],
			"rotation": {"angle": 0, "axis": "y", "origin": [-6.79168, 6.2912, 12.8]},
			"faces": {
				"north": {"uv": [0, 0, 16, 16], "texture": "#0"},
				"east": {"uv": [0, 0, 16, 16], "texture": "#0"},
				"south": {"uv": [0, 0, 16, 16], "texture": "#0"},
				"west": {"uv": [0, 0, 16, 16], "texture": "#0"},
				"up": {"uv": [0, 0, 16, 16], "texture": "#0"},
				"down": {"uv": [0, 0, 16, 16], "texture": "#0"}
			}
		},
		{
			"name": "Base",
			"from": [6.4448, -2.3488, -15.6],
			"to": [9.5552, 0.8048, -13.6],
			"rotation": {"angle": 0, "axis": "y", "origin": [-3.91168, 6.2912, 12.8]},
			"faces": {
				"north": {"uv": [0, 0, 16, 16], "texture": "#0"},
				"east": {"uv": [0, 0, 16, 16], "texture": "#0"},
				"south": {"uv": [0, 0, 16, 16], "texture": "#0"},
				"west": {"uv": [0, 0, 16, 16], "texture": "#0"},
				"up": {"uv": [0, 0, 16, 16], "texture": "#0"},
				"down": {"uv": [0, 0, 16, 16], "texture": "#0"}
			}
		},
		{
			"name": "Cube",
			"from": [-6.544, -0.99616, -15.6],
			"to": [22.544, 2.19104, -12],
			"rotation": {"angle": 0, "axis": "y", "origin": [11.6288, 7.8512, 10.8]},
			"faces": {
				"north": {"uv": [0, 0, 16, 16], "texture": "#1"},
				"east": {"uv": [0, 0, 16, 16], "texture": "#1"},
				"south": {"uv": [0, 0, 16, 16], "texture": "#1"},
				"west": {"uv": [0, 0, 16, 16], "texture": "#1"},
				"up": {"uv": [0, 0, 16, 16], "texture": "#1"},
				"down": {"uv": [0, 0, 16, 16], "texture": "#1"}
			}
		},
		{
			"name": "Cube",
			"from": [-5.96, 0.75104, -12.4],
			"to": [21.96, 2.13344, 28],
			"rotation": {"angle": 0, "axis": "y", "origin": [9.5552, 5.4512, 12.8]},
			"faces": {
				"north": {"uv": [0, 0, 16, 16], "texture": "#1"},
				"east": {"uv": [0, 0, 16, 16], "texture": "#1"},
				"south": {"uv": [0, 0, 16, 16], "texture": "#1"},
				"west": {"uv": [0, 0, 16, 16], "texture": "#1"},
				"up": {"uv": [0, 0, 16, 16], "texture": "#1"},
				"down": {"uv": [0, 0, 16, 16], "texture": "#1"}
			}
		},
		{
			"name": "Cube",
			"from": [11.84, 2.19104, -14],
			"to": [20.48, 2.43104, 28],
			"rotation": {"angle": 0, "axis": "y", "origin": [25.1552, 7.0112, 12.8]},
			"faces": {
				"north": {"uv": [0, 0, 16, 16], "texture": "#8"},
				"east": {"uv": [0, 0, 16, 16], "texture": "#8"},
				"south": {"uv": [0, 0, 16, 16], "texture": "#8"},
				"west": {"uv": [0, 0, 16, 16], "texture": "#8"},
				"up": {"uv": [0, 0, 16, 16], "texture": "#8"},
				"down": {"uv": [0, 0, 16, 16], "texture": "#8"}
			}
		},
		{
			"name": "Cube",
			"from": [-4.24, 2.19104, -14],
			"to": [4.16, 2.43104, 28],
			"rotation": {"angle": 0, "axis": "y", "origin": [10.7552, 7.0112, 12.8]},
			"faces": {
				"north": {"uv": [0, 0, 16, 16], "texture": "#8"},
				"east": {"uv": [0, 0, 16, 16], "texture": "#8"},
				"south": {"uv": [0, 0, 16, 16], "texture": "#8"},
				"west": {"uv": [0, 0, 16, 16], "texture": "#8"},
				"up": {"uv": [0, 0, 16, 16], "texture": "#8"},
				"down": {"uv": [0, 0, 16, 16], "texture": "#8"}
			}
		},
		{
			"name": "Cube",
			"from": [-3.76, 18.27104, -13.4],
			"to": [1.16, 19.47104, 28],
			"rotation": {"angle": 0, "axis": "y", "origin": [10.7552, 23.0912, 12.8]},
			"faces": {
				"north": {"uv": [0, 0, 16, 16], "texture": "#8"},
				"east": {"uv": [0, 0, 16, 16], "texture": "#8"},
				"south": {"uv": [0, 0, 16, 16], "texture": "#8"},
				"west": {"uv": [0, 0, 16, 16], "texture": "#8"},
				"up": {"uv": [0, 0, 16, 16], "texture": "#8"},
				"down": {"uv": [0, 0, 16, 16], "texture": "#8"}
			}
		},
		{
			"name": "Cube",
			"from": [-3.76, 16.75104, 20.6],
			"to": [1.64, 18.27104, 28],
			"rotation": {"angle": 0, "axis": "y", "origin": [10.7552, 20.6912, 12.8]},
			"faces": {
				"north": {"uv": [0, 0, 16, 16], "texture": "#9"},
				"east": {"uv": [0, 0, 16, 16], "texture": "#9"},
				"south": {"uv": [0, 0, 16, 16], "texture": "#9"},
				"west": {"uv": [0, 0, 16, 16], "texture": "#9"},
				"up": {"uv": [0, 0, 16, 16], "texture": "#9"},
				"down": {"uv": [0, 0, 16, 16], "texture": "#9"}
			}
		},
		{
			"name": "Cube",
			"from": [14.36, 16.75104, 20.6],
			"to": [19.76, 18.27104, 28],
			"rotation": {"angle": 0, "axis": "y", "origin": [5.2448, 20.6912, 12.8]},
			"faces": {
				"north": {"uv": [16, 0, 0, 16], "texture": "#9"},
				"east": {"uv": [16, 0, 0, 16], "texture": "#9"},
				"south": {"uv": [16, 0, 0, 16], "texture": "#9"},
				"west": {"uv": [16, 0, 0, 16], "texture": "#9"},
				"up": {"uv": [16, 0, 0, 16], "texture": "#9"},
				"down": {"uv": [16, 0, 0, 16], "texture": "#9"}
			}
		},
		{
			"name": "Cube",
			"from": [-3.76, 16.75104, 13.6],
			"to": [1.64, 18.27104, 21],
			"rotation": {"angle": 0, "axis": "y", "origin": [10.7552, 20.6912, 5.8]},
			"faces": {
				"north": {"uv": [0, 0, 16, 16], "texture": "#9"},
				"east": {"uv": [0, 0, 16, 16], "texture": "#9"},
				"south": {"uv": [0, 0, 16, 16], "texture": "#9"},
				"west": {"uv": [0, 0, 16, 16], "texture": "#9"},
				"up": {"uv": [0, 0, 16, 16], "texture": "#9"},
				"down": {"uv": [0, 0, 16, 16], "texture": "#9"}
			}
		},
		{
			"name": "Cube",
			"from": [14.36, 16.75104, 13.6],
			"to": [19.76, 18.27104, 21],
			"rotation": {"angle": 0, "axis": "y", "origin": [5.2448, 20.6912, 5.8]},
			"faces": {
				"north": {"uv": [16, 0, 0, 16], "texture": "#9"},
				"east": {"uv": [16, 0, 0, 16], "texture": "#9"},
				"south": {"uv": [16, 0, 0, 16], "texture": "#9"},
				"west": {"uv": [16, 0, 0, 16], "texture": "#9"},
				"up": {"uv": [16, 0, 0, 16], "texture": "#9"},
				"down": {"uv": [16, 0, 0, 16], "texture": "#9"}
			}
		},
		{
			"name": "Cube",
			"from": [-4.06, 7.75104, 19.5],
			"to": [2.04, 8.27104, 19.9],
			"rotation": {"angle": 0, "axis": "y", "origin": [9.4552, 10.6912, 4.7]},
			"faces": {
				"north": {"uv": [0, 0, 16, 16], "texture": "#9"},
				"east": {"uv": [0, 0, 16, 16], "texture": "#9"},
				"south": {"uv": [0, 0, 16, 16], "texture": "#9"},
				"west": {"uv": [0, 0, 16, 16], "texture": "#9"},
				"up": {"uv": [0, 0, 16, 16], "texture": "#9"},
				"down": {"uv": [0, 0, 16, 16], "texture": "#9"}
			}
		},
		{
			"name": "Cube",
			"from": [13.96, 7.75104, 19.5],
			"to": [20.06, 8.27104, 19.9],
			"rotation": {"angle": 0, "axis": "y", "origin": [6.5448, 10.6912, 4.7]},
			"faces": {
				"north": {"uv": [16, 0, 0, 16], "texture": "#9"},
				"east": {"uv": [16, 0, 0, 16], "texture": "#9"},
				"south": {"uv": [16, 0, 0, 16], "texture": "#9"},
				"west": {"uv": [16, 0, 0, 16], "texture": "#9"},
				"up": {"uv": [16, 0, 0, 16], "texture": "#9"},
				"down": {"uv": [16, 0, 0, 16], "texture": "#9"}
			}
		},
		{
			"name": "Cube",
			"from": [-4.06, 7.75104, -13.9],
			"to": [2.04, 8.27104, -13.5],
			"rotation": {"angle": 0, "axis": "y", "origin": [9.4552, 10.6912, -28.7]},
			"faces": {
				"north": {"uv": [0, 0, 16, 16], "texture": "#9"},
				"east": {"uv": [0, 0, 16, 16], "texture": "#9"},
				"south": {"uv": [0, 0, 16, 16], "texture": "#9"},
				"west": {"uv": [0, 0, 16, 16], "texture": "#9"},
				"up": {"uv": [0, 0, 16, 16], "texture": "#9"},
				"down": {"uv": [0, 0, 16, 16], "texture": "#9"}
			}
		},
		{
			"name": "Cube",
			"from": [13.96, 7.75104, -13.9],
			"to": [20.06, 8.27104, -13.5],
			"rotation": {"angle": 0, "axis": "y", "origin": [6.5448, 10.6912, -28.7]},
			"faces": {
				"north": {"uv": [16, 0, 0, 16], "texture": "#9"},
				"east": {"uv": [16, 0, 0, 16], "texture": "#9"},
				"south": {"uv": [16, 0, 0, 16], "texture": "#9"},
				"west": {"uv": [16, 0, 0, 16], "texture": "#9"},
				"up": {"uv": [16, 0, 0, 16], "texture": "#9"},
				"down": {"uv": [16, 0, 0, 16], "texture": "#9"}
			}
		},
		{
			"name": "Cube",
			"from": [2.04, 1.75104, 19.5],
			"to": [2.64, 19.47104, 20.2],
			"rotation": {"angle": 0, "axis": "y", "origin": [16.5552, 10.6912, 4.7]},
			"faces": {
				"north": {"uv": [0, 0, 16, 16], "texture": "#9"},
				"east": {"uv": [0, 0, 16, 16], "texture": "#9"},
				"south": {"uv": [0, 0, 16, 16], "texture": "#9"},
				"west": {"uv": [0, 0, 16, 16], "texture": "#9"},
				"up": {"uv": [0, 0, 16, 16], "texture": "#9"},
				"down": {"uv": [0, 0, 16, 16], "texture": "#9"}
			}
		},
		{
			"name": "Cube",
			"from": [13.36, 1.75104, 19.5],
			"to": [13.96, 19.47104, 20.2],
			"rotation": {"angle": 0, "axis": "y", "origin": [-0.5552, 10.6912, 4.7]},
			"faces": {
				"north": {"uv": [16, 0, 0, 16], "texture": "#9"},
				"east": {"uv": [16, 0, 0, 16], "texture": "#9"},
				"south": {"uv": [16, 0, 0, 16], "texture": "#9"},
				"west": {"uv": [16, 0, 0, 16], "texture": "#9"},
				"up": {"uv": [16, 0, 0, 16], "texture": "#9"},
				"down": {"uv": [16, 0, 0, 16], "texture": "#9"}
			}
		},
		{
			"name": "Cube",
			"from": [2.04, 1.75104, -13.9],
			"to": [2.64, 19.47104, -13.2],
			"rotation": {"angle": 0, "axis": "y", "origin": [16.5552, 10.6912, -28.7]},
			"faces": {
				"north": {"uv": [0, 0, 16, 16], "texture": "#9"},
				"east": {"uv": [0, 0, 16, 16], "texture": "#9"},
				"south": {"uv": [0, 0, 16, 16], "texture": "#9"},
				"west": {"uv": [0, 0, 16, 16], "texture": "#9"},
				"up": {"uv": [0, 0, 16, 16], "texture": "#9"},
				"down": {"uv": [0, 0, 16, 16], "texture": "#9"}
			}
		},
		{
			"name": "Cube",
			"from": [13.36, 1.75104, -13.9],
			"to": [13.96, 19.47104, -13.2],
			"rotation": {"angle": 0, "axis": "y", "origin": [-0.5552, 10.6912, -28.7]},
			"faces": {
				"north": {"uv": [16, 0, 0, 16], "texture": "#9"},
				"east": {"uv": [16, 0, 0, 16], "texture": "#9"},
				"south": {"uv": [16, 0, 0, 16], "texture": "#9"},
				"west": {"uv": [16, 0, 0, 16], "texture": "#9"},
				"up": {"uv": [16, 0, 0, 16], "texture": "#9"},
				"down": {"uv": [16, 0, 0, 16], "texture": "#9"}
			}
		},
		{
			"name": "Cube",
			"from": [-3.76, 16.75104, 6.6],
			"to": [1.64, 18.27104, 14],
			"rotation": {"angle": 0, "axis": "y", "origin": [10.7552, 20.6912, -1.2]},
			"faces": {
				"north": {"uv": [0, 0, 16, 16], "texture": "#9"},
				"east": {"uv": [0, 0, 16, 16], "texture": "#9"},
				"south": {"uv": [0, 0, 16, 16], "texture": "#9"},
				"west": {"uv": [0, 0, 16, 16], "texture": "#9"},
				"up": {"uv": [0, 0, 16, 16], "texture": "#9"},
				"down": {"uv": [0, 0, 16, 16], "texture": "#9"}
			}
		},
		{
			"name": "Cube",
			"from": [14.36, 16.75104, 6.6],
			"to": [19.76, 18.27104, 14],
			"rotation": {"angle": 0, "axis": "y", "origin": [5.2448, 20.6912, -1.2]},
			"faces": {
				"north": {"uv": [16, 0, 0, 16], "texture": "#9"},
				"east": {"uv": [16, 0, 0, 16], "texture": "#9"},
				"south": {"uv": [16, 0, 0, 16], "texture": "#9"},
				"west": {"uv": [16, 0, 0, 16], "texture": "#9"},
				"up": {"uv": [16, 0, 0, 16], "texture": "#9"},
				"down": {"uv": [16, 0, 0, 16], "texture": "#9"}
			}
		},
		{
			"name": "Cube",
			"from": [-3.76, 16.75104, -0.4],
			"to": [1.64, 18.27104, 7],
			"rotation": {"angle": 0, "axis": "y", "origin": [10.7552, 20.6912, -8.2]},
			"faces": {
				"north": {"uv": [0, 0, 16, 16], "texture": "#9"},
				"east": {"uv": [0, 0, 16, 16], "texture": "#9"},
				"south": {"uv": [0, 0, 16, 16], "texture": "#9"},
				"west": {"uv": [0, 0, 16, 16], "texture": "#9"},
				"up": {"uv": [0, 0, 16, 16], "texture": "#9"},
				"down": {"uv": [0, 0, 16, 16], "texture": "#9"}
			}
		},
		{
			"name": "Cube",
			"from": [14.36, 16.75104, -0.4],
			"to": [19.76, 18.27104, 7],
			"rotation": {"angle": 0, "axis": "y", "origin": [5.2448, 20.6912, -8.2]},
			"faces": {
				"north": {"uv": [16, 0, 0, 16], "texture": "#9"},
				"east": {"uv": [16, 0, 0, 16], "texture": "#9"},
				"south": {"uv": [16, 0, 0, 16], "texture": "#9"},
				"west": {"uv": [16, 0, 0, 16], "texture": "#9"},
				"up": {"uv": [16, 0, 0, 16], "texture": "#9"},
				"down": {"uv": [16, 0, 0, 16], "texture": "#9"}
			}
		},
		{
			"name": "Cube",
			"from": [-3.76, 16.75104, -7.4],
			"to": [1.64, 18.27104, 0],
			"rotation": {"angle": 0, "axis": "y", "origin": [10.7552, 20.6912, -15.2]},
			"faces": {
				"north": {"uv": [0, 0, 16, 16], "texture": "#9"},
				"east": {"uv": [0, 0, 16, 16], "texture": "#9"},
				"south": {"uv": [0, 0, 16, 16], "texture": "#9"},
				"west": {"uv": [0, 0, 16, 16], "texture": "#9"},
				"up": {"uv": [0, 0, 16, 16], "texture": "#9"},
				"down": {"uv": [0, 0, 16, 16], "texture": "#9"}
			}
		},
		{
			"name": "Cube",
			"from": [14.36, 16.75104, -7.4],
			"to": [19.76, 18.27104, 0],
			"rotation": {"angle": 0, "axis": "y", "origin": [5.2448, 20.6912, -15.2]},
			"faces": {
				"north": {"uv": [16, 0, 0, 16], "texture": "#9"},
				"east": {"uv": [16, 0, 0, 16], "texture": "#9"},
				"south": {"uv": [16, 0, 0, 16], "texture": "#9"},
				"west": {"uv": [16, 0, 0, 16], "texture": "#9"},
				"up": {"uv": [16, 0, 0, 16], "texture": "#9"},
				"down": {"uv": [16, 0, 0, 16], "texture": "#9"}
			}
		},
		{
			"name": "Cube",
			"from": [-3.76, 16.75104, -13.4],
			"to": [1.64, 18.27104, -7],
			"rotation": {"angle": 0, "axis": "y", "origin": [10.7552, 20.6912, -21.2]},
			"faces": {
				"north": {"uv": [0, 0, 16, 16], "texture": "#9"},
				"east": {"uv": [0, 0, 16, 16], "texture": "#9"},
				"south": {"uv": [0, 0, 16, 16], "texture": "#9"},
				"west": {"uv": [0, 0, 16, 16], "texture": "#9"},
				"up": {"uv": [0, 0, 16, 16], "texture": "#9"},
				"down": {"uv": [0, 0, 16, 16], "texture": "#9"}
			}
		},
		{
			"name": "Cube",
			"from": [14.36, 16.75104, -13.4],
			"to": [19.76, 18.27104, -7],
			"rotation": {"angle": 0, "axis": "y", "origin": [5.2448, 20.6912, -21.2]},
			"faces": {
				"north": {"uv": [16, 0, 0, 16], "texture": "#9"},
				"east": {"uv": [16, 0, 0, 16], "texture": "#9"},
				"south": {"uv": [16, 0, 0, 16], "texture": "#9"},
				"west": {"uv": [16, 0, 0, 16], "texture": "#9"},
				"up": {"uv": [16, 0, 0, 16], "texture": "#9"},
				"down": {"uv": [16, 0, 0, 16], "texture": "#9"}
			}
		},
		{
			"name": "Cube",
			"from": [14.84, 18.27104, -13.4],
			"to": [19.76, 19.47104, 28],
			"rotation": {"angle": 0, "axis": "y", "origin": [5.2448, 23.0912, 12.8]},
			"faces": {
				"north": {"uv": [0, 0, 16, 16], "texture": "#8"},
				"east": {"uv": [0, 0, 16, 16], "texture": "#8"},
				"south": {"uv": [0, 0, 16, 16], "texture": "#8"},
				"west": {"uv": [0, 0, 16, 16], "texture": "#8"},
				"up": {"uv": [0, 0, 16, 16], "texture": "#8"},
				"down": {"uv": [0, 0, 16, 16], "texture": "#8"}
			}
		},
		{
			"name": "Cube",
			"from": [-1.36, 19.47104, -13.4],
			"to": [2.96, 21.15104, 28],
			"rotation": {"angle": 0, "axis": "y", "origin": [13.1552, 24.2912, 12.8]},
			"faces": {
				"north": {"uv": [0, 0, 16, 16], "texture": "#8"},
				"east": {"uv": [0, 0, 16, 16], "texture": "#8"},
				"south": {"uv": [0, 0, 16, 16], "texture": "#8"},
				"west": {"uv": [0, 0, 16, 16], "texture": "#8"},
				"up": {"uv": [0, 0, 16, 16], "texture": "#8"},
				"down": {"uv": [0, 0, 16, 16], "texture": "#8"}
			}
		},
		{
			"name": "Cube",
			"from": [13.04, 19.47104, -13.4],
			"to": [17.36, 21.15104, 28],
			"rotation": {"angle": 0, "axis": "y", "origin": [2.8448, 24.2912, 12.8]},
			"faces": {
				"north": {"uv": [0, 0, 16, 16], "texture": "#8"},
				"east": {"uv": [0, 0, 16, 16], "texture": "#8"},
				"south": {"uv": [0, 0, 16, 16], "texture": "#8"},
				"west": {"uv": [0, 0, 16, 16], "texture": "#8"},
				"up": {"uv": [0, 0, 16, 16], "texture": "#8"},
				"down": {"uv": [0, 0, 16, 16], "texture": "#8"}
			}
		},
		{
			"name": "Cube",
			"from": [2.84, 20.67104, -13.4],
			"to": [13.04, 21.03104, 28],
			"rotation": {"angle": 0, "axis": "y", "origin": [-7.1152, 24.1712, 12.8]},
			"faces": {
				"north": {"uv": [0, 0, 16, 16], "texture": "#8"},
				"east": {"uv": [0, 0, 16, 16], "texture": "#8"},
				"south": {"uv": [0, 0, 16, 16], "texture": "#8"},
				"west": {"uv": [0, 0, 16, 16], "texture": "#8"},
				"up": {"uv": [0, 0, 16, 16], "texture": "#8"},
				"down": {"uv": [0, 0, 16, 16], "texture": "#8"}
			}
		},
		{
			"name": "Cube",
			"from": [6.85, 20.37104, -7.4],
			"to": [9.15, 20.73104, 5.1],
			"rotation": {"angle": 0, "axis": "y", "origin": [-5.1052, 23.8712, -2.2]},
			"faces": {
				"north": {"uv": [0, 0, 16, 16], "texture": "#10"},
				"east": {"uv": [0, 0, 16, 16], "texture": "#10"},
				"south": {"uv": [0, 0, 16, 16], "texture": "#10"},
				"west": {"uv": [0, 0, 16, 16], "texture": "#10"},
				"up": {"uv": [0, 0, 16, 16], "texture": "#10"},
				"down": {"uv": [0, 0, 16, 16], "texture": "#10"}
			}
		},
		{
			"name": "Cube",
			"from": [6.85, 20.37104, 11.6],
			"to": [9.15, 20.73104, 24.1],
			"rotation": {"angle": 0, "axis": "y", "origin": [-5.1052, 23.8712, 16.8]},
			"faces": {
				"north": {"uv": [0, 0, 16, 16], "texture": "#10"},
				"east": {"uv": [0, 0, 16, 16], "texture": "#10"},
				"south": {"uv": [0, 0, 16, 16], "texture": "#10"},
				"west": {"uv": [0, 0, 16, 16], "texture": "#10"},
				"up": {"uv": [0, 0, 16, 16], "texture": "#10"},
				"down": {"uv": [0, 0, 16, 16], "texture": "#10"}
			}
		},
		{
			"name": "Cube",
			"from": [1.46816, -4.56256, -13.7],
			"to": [14.53184, 0.75104, 28],
			"rotation": {"angle": 0, "axis": "y", "origin": [5.408, 5.4512, 10.8]},
			"faces": {
				"north": {"uv": [0, 0, 16, 16], "texture": "#1"},
				"east": {"uv": [0, 0, 16, 16], "texture": "#1"},
				"south": {"uv": [0, 0, 16, 16], "texture": "#1"},
				"west": {"uv": [0, 0, 16, 16], "texture": "#1"},
				"up": {"uv": [0, 0, 16, 16], "texture": "#1"},
				"down": {"uv": [0, 0, 16, 16], "texture": "#1"}
			}
		}
	],
	"display": {
		"head": {
			"translation": [0, -10, -80],
			"scale": [5, 5, 5]
		}
	},
	"groups": [0, 1, 2, 3, 4,
		{
			"name": "BaseColor",
			"origin": [13.45, 14.876, 18.7],
			"children": [5, 6, 7, 8, 9, 10, 11, 12, 13, 14, 15, 16, 17, 18, 19, 20, 21, 22, 23, 24, 25, 26, 27, 28, 29, 30, 31, 32, 33, 34, 35, 36, 37, 38, 39, 40, 41, 42, 43, 44, 45, 46, 47, 48, 49, 50, 51, 52, 53, 54, 55, 56, 57, 58, 59]
		},
		{
			"name": "Chair",
			"origin": [4, 5, 8],
			"children": [60, 61, 62, 63, 64, 65, 66, 67, 68, 69, 70, 71, 72, 73, 74, 75, 76, 77]
		},
		{
			"name": "DetailColor",
			"origin": [8, 5.376, 38.7],
			"children": [78, 79, 80, 81, 82, 83, 84, 85, 86, 87, 88, 89]
		},
		{
			"name": "Base",
			"origin": [8, 7.376, 18.8],
			"children": [90, 91, 92, 93, 94, 95, 96, 97, 98, 99, 100, 101, 102, 103, 104, 105, 106, 107, 108, 109, 110, 111, 112, 113, 114, 115, 116, 117, 118, 119, 120, 121, 122, 123, 124, 125, 126]
		}
	]
}