{
	"credit": "Made with Blockbench",
	"textures": {
		"0": "block/anvil",
		"1": "block/iron_block",
		"2": "block/white_concrete",
		"particle": "block/white_concrete"
	},
	"elements": [
		{
			"name": "Base",
			"from": [9.07309, -1.7488, 30.6],
			"to": [10.42611, 1.4048, 32],
			"rotation": {"angle": 0, "axis": "y", "origin": [-0.48206, 6.8912, 3.2]},
			"faces": {
				"north": {"uv": [15, 1, 1, 15], "texture": "#0"},
				"east": {"uv": [15, 1, 1, 15], "texture": "#0"},
				"south": {"uv": [15, 1, 1, 15], "texture": "#0"},
				"west": {"uv": [15, 1, 1, 15], "texture": "#0"},
				"up": {"uv": [1, 15, 15, 1], "texture": "#0"},
				"down": {"uv": [1, 15, 15, 1], "texture": "#0"}
			}
		},
		{
			"name": "Base",
			"from": [5.57389, -1.7488, 30.6],
			"to": [6.92691, 1.4048, 32],
			"rotation": {"angle": 0, "axis": "y", "origin": [-3.98126, 6.8912, 3.2]},
			"faces": {
				"north": {"uv": [15, 1, 1, 15], "texture": "#0"},
				"east": {"uv": [15, 1, 1, 15], "texture": "#0"},
				"south": {"uv": [15, 1, 1, 15], "texture": "#0"},
				"west": {"uv": [15, 1, 1, 15], "texture": "#0"},
				"up": {"uv": [1, 15, 15, 1], "texture": "#0"},
				"down": {"uv": [1, 15, 15, 1], "texture": "#0"}
			}
		},
		{
			"name": "Base",
			"from": [6.74029, -1.7488, 28.1],
			"to": [9.25971, 1.4048, 31.6],
			"rotation": {"angle": 0, "axis": "y", "origin": [-1.64846, 6.8912, 3.2]},
			"faces": {
				"north": {"uv": [15, 1, 1, 15], "texture": "#0"},
				"east": {"uv": [15, 1, 1, 15], "texture": "#0"},
				"south": {"uv": [15, 1, 1, 15], "texture": "#0"},
				"west": {"uv": [15, 1, 1, 15], "texture": "#0"},
				"up": {"uv": [1, 15, 15, 1], "texture": "#0"},
				"down": {"uv": [1, 15, 15, 1], "texture": "#0"}
			}
		},
		{
			"name": "Cube",
			"from": [-3.78064, -0.99616, 28],
			"to": [19.78064, 3.19104, 29.6],
			"rotation": {"angle": 0, "axis": "y", "origin": [10.93933, 8.8512, 3.2]},
			"faces": {
				"north": {"uv": [16, 0, 0, 16], "texture": "#1", "tintindex": 0},
				"east": {"uv": [16, 0, 0, 16], "texture": "#1", "tintindex": 0},
				"south": {"uv": [16, 0, 0, 16], "texture": "#1", "tintindex": 0},
				"west": {"uv": [16, 0, 0, 16], "texture": "#1", "tintindex": 0},
				"up": {"uv": [0, 16, 16, 0], "texture": "#1", "tintindex": 0},
				"down": {"uv": [0, 16, 16, 0], "texture": "#1", "tintindex": 0}
			}
		},
		{
			"name": "Cube",
			"from": [17.9144, 3.05104, -12],
			"to": [18.7244, 13.63344, 1.5],
			"rotation": {"angle": 0, "axis": "y", "origin": [8.61171, 10.4512, -23.8]},
			"faces": {
				"north": {"uv": [1, 15, 15, 1], "rotation": 90, "texture": "#1", "tintindex": 0},
				"east": {"uv": [1, 15, 15, 1], "rotation": 90, "texture": "#1", "tintindex": 0},
				"south": {"uv": [1, 15, 15, 1], "rotation": 90, "texture": "#1", "tintindex": 0},
				"west": {"uv": [1, 15, 15, 1], "rotation": 90, "texture": "#1", "tintindex": 0},
				"up": {"uv": [15, 1, 1, 15], "rotation": 90, "texture": "#1", "tintindex": 0},
				"down": {"uv": [15, 1, 1, 15], "rotation": 90, "texture": "#1", "tintindex": 0}
			}
		},
		{
			"name": "Cube",
			"from": [-2.7244, 3.05104, -12],
			"to": [-1.9144, 13.63344, 1.5],
			"rotation": {"angle": 0, "axis": "y", "origin": [7.38829, 10.4512, -23.8]},
			"faces": {
				"north": {"uv": [1, 15, 15, 1], "rotation": 90, "texture": "#1", "tintindex": 0},
				"east": {"uv": [1, 15, 15, 1], "rotation": 90, "texture": "#1", "tintindex": 0},
				"south": {"uv": [1, 15, 15, 1], "rotation": 90, "texture": "#1", "tintindex": 0},
				"west": {"uv": [1, 15, 15, 1], "rotation": 90, "texture": "#1", "tintindex": 0},
				"up": {"uv": [15, 1, 1, 15], "rotation": 90, "texture": "#1", "tintindex": 0},
				"down": {"uv": [15, 1, 1, 15], "rotation": 90, "texture": "#1", "tintindex": 0}
			}
		},
		{
			"name": "Cube",
			"from": [17.9144, 3.05104, 1.5],
			"to": [18.7244, 13.63344, 15],
			"rotation": {"angle": 0, "axis": "y", "origin": [8.61171, 10.4512, -10.9]},
			"faces": {
				"north": {"uv": [1, 15, 15, 1], "rotation": 90, "texture": "#1", "tintindex": 0},
				"east": {"uv": [1, 15, 15, 1], "rotation": 90, "texture": "#1", "tintindex": 0},
				"south": {"uv": [1, 15, 15, 1], "rotation": 90, "texture": "#1", "tintindex": 0},
				"west": {"uv": [1, 15, 15, 1], "rotation": 90, "texture": "#1", "tintindex": 0},
				"up": {"uv": [15, 1, 1, 15], "rotation": 90, "texture": "#1", "tintindex": 0},
				"down": {"uv": [15, 1, 1, 15], "rotation": 90, "texture": "#1", "tintindex": 0}
			}
		},
		{
			"name": "Cube",
			"from": [-2.7244, 3.05104, 1.5],
			"to": [-1.9144, 13.63344, 15],
			"rotation": {"angle": 0, "axis": "y", "origin": [7.38829, 10.4512, -10.9]},
			"faces": {
				"north": {"uv": [1, 15, 15, 1], "rotation": 90, "texture": "#1", "tintindex": 0},
				"east": {"uv": [1, 15, 15, 1], "rotation": 90, "texture": "#1", "tintindex": 0},
				"south": {"uv": [1, 15, 15, 1], "rotation": 90, "texture": "#1", "tintindex": 0},
				"west": {"uv": [1, 15, 15, 1], "rotation": 90, "texture": "#1", "tintindex": 0},
				"up": {"uv": [15, 1, 1, 15], "rotation": 90, "texture": "#1", "tintindex": 0},
				"down": {"uv": [15, 1, 1, 15], "rotation": 90, "texture": "#1", "tintindex": 0}
			}
		},
		{
			"name": "Cube",
			"from": [17.9144, 3.05104, 15],
			"to": [18.7244, 13.63344, 28.5],
			"rotation": {"angle": 0, "axis": "y", "origin": [8.61171, 10.4512, 2.6]},
			"faces": {
				"north": {"uv": [1, 15, 15, 1], "rotation": 90, "texture": "#1", "tintindex": 0},
				"east": {"uv": [1, 15, 15, 1], "rotation": 90, "texture": "#1", "tintindex": 0},
				"south": {"uv": [1, 15, 15, 1], "rotation": 90, "texture": "#1", "tintindex": 0},
				"west": {"uv": [1, 15, 15, 1], "rotation": 90, "texture": "#1", "tintindex": 0},
				"up": {"uv": [15, 1, 1, 15], "rotation": 90, "texture": "#1", "tintindex": 0},
				"down": {"uv": [15, 1, 1, 15], "rotation": 90, "texture": "#1", "tintindex": 0}
			}
		},
		{
			"name": "Cube",
			"from": [-2.7244, 3.05104, 15],
			"to": [-1.9144, 13.63344, 28.5],
			"rotation": {"angle": 0, "axis": "y", "origin": [7.38829, 10.4512, 2.6]},
			"faces": {
				"north": {"uv": [1, 15, 15, 1], "rotation": 90, "texture": "#1", "tintindex": 0},
				"east": {"uv": [1, 15, 15, 1], "rotation": 90, "texture": "#1", "tintindex": 0},
				"south": {"uv": [1, 15, 15, 1], "rotation": 90, "texture": "#1", "tintindex": 0},
				"west": {"uv": [1, 15, 15, 1], "rotation": 90, "texture": "#1", "tintindex": 0},
				"up": {"uv": [15, 1, 1, 15], "rotation": 90, "texture": "#1", "tintindex": 0},
				"down": {"uv": [15, 1, 1, 15], "rotation": 90, "texture": "#1", "tintindex": 0}
			}
		},
		{
			"name": "Cube",
			"from": [8, 3.05104, 27.0848],
			"to": [18.125, 13.63344, 28.0848],
			"rotation": {"angle": 0, "axis": "y", "origin": [5.25021, 8.34224, 27.5848]},
			"faces": {
				"north": {"uv": [1, 15, 15, 1], "rotation": 90, "texture": "#1", "tintindex": 0},
				"east": {"uv": [1, 15, 15, 1], "rotation": 90, "texture": "#1", "tintindex": 0},
				"south": {"uv": [1, 15, 15, 1], "rotation": 90, "texture": "#1", "tintindex": 0},
				"west": {"uv": [1, 15, 15, 1], "rotation": 90, "texture": "#1", "tintindex": 0},
				"up": {"uv": [15, 1, 1, 15], "rotation": 90, "texture": "#1", "tintindex": 0},
				"down": {"uv": [15, 1, 1, 15], "rotation": 90, "texture": "#1", "tintindex": 0}
			}
		},
		{
			"name": "Cube",
			"from": [-2.125, 3.05104, 27.0848],
			"to": [8, 13.63344, 28.0848],
			"rotation": {"angle": 0, "axis": "y", "origin": [10.74979, 8.34224, 27.5848]},
			"faces": {
				"north": {"uv": [1, 15, 15, 1], "rotation": 90, "texture": "#1", "tintindex": 0},
				"east": {"uv": [1, 15, 15, 1], "rotation": 90, "texture": "#1", "tintindex": 0},
				"south": {"uv": [1, 15, 15, 1], "rotation": 90, "texture": "#1", "tintindex": 0},
				"west": {"uv": [1, 15, 15, 1], "rotation": 90, "texture": "#1", "tintindex": 0},
				"up": {"uv": [15, 1, 1, 15], "rotation": 90, "texture": "#1", "tintindex": 0},
				"down": {"uv": [15, 1, 1, 15], "rotation": 90, "texture": "#1", "tintindex": 0}
			}
		},
		{
			"name": "Cube",
			"from": [17.9144, 13.65104, 15],
			"to": [19.3724, 14.43344, 27],
			"rotation": {"angle": 0, "axis": "y", "origin": [8.61171, 11.4512, 2.6]},
			"faces": {
				"north": {"uv": [15, 1, 1, 15], "texture": "#1", "tintindex": 0},
				"east": {"uv": [15, 1, 1, 15], "texture": "#1", "tintindex": 0},
				"south": {"uv": [15, 1, 1, 15], "texture": "#1", "tintindex": 0},
				"west": {"uv": [15, 1, 1, 15], "texture": "#1", "tintindex": 0},
				"up": {"uv": [1, 15, 15, 1], "texture": "#1", "tintindex": 0},
				"down": {"uv": [1, 15, 15, 1], "texture": "#1", "tintindex": 0}
			}
		},
		{
			"name": "Cube",
			"from": [-3.3724, 13.65104, 15],
			"to": [-1.9144, 14.43344, 27],
			"rotation": {"angle": 0, "axis": "y", "origin": [7.38829, 11.4512, 2.6]},
			"faces": {
				"north": {"uv": [15, 1, 1, 15], "texture": "#1", "tintindex": 0},
				"east": {"uv": [15, 1, 1, 15], "texture": "#1", "tintindex": 0},
				"south": {"uv": [15, 1, 1, 15], "texture": "#1", "tintindex": 0},
				"west": {"uv": [15, 1, 1, 15], "texture": "#1", "tintindex": 0},
				"up": {"uv": [1, 15, 15, 1], "texture": "#1", "tintindex": 0},
				"down": {"uv": [1, 15, 15, 1], "texture": "#1", "tintindex": 0}
			}
		},
		{
			"name": "Cube",
			"from": [-3.0646, 13.65104, 27],
			"to": [19.1294, 14.93344, 29],
			"rotation": {"angle": 0, "axis": "y", "origin": [5.37171, 11.4512, 2.6]},
			"faces": {
				"north": {"uv": [15, 1, 1, 15], "texture": "#1", "tintindex": 0},
				"east": {"uv": [15, 1, 1, 15], "texture": "#1", "tintindex": 0},
				"south": {"uv": [15, 1, 1, 15], "texture": "#1", "tintindex": 0},
				"west": {"uv": [15, 1, 1, 15], "texture": "#1", "tintindex": 0},
				"up": {"uv": [1, 15, 15, 1], "texture": "#1", "tintindex": 0},
				"down": {"uv": [1, 15, 15, 1], "texture": "#1", "tintindex": 0}
			}
		},
		{
			"name": "Cube",
			"from": [19.0484, 13.65104, 27],
			"to": [19.5344, 15.83344, 29],
			"rotation": {"angle": 0, "axis": "y", "origin": [5.37171, 11.4512, 2.6]},
			"faces": {
				"north": {"uv": [15, 1, 1, 15], "texture": "#1", "tintindex": 0},
				"east": {"uv": [15, 1, 1, 15], "texture": "#1", "tintindex": 0},
				"south": {"uv": [15, 1, 1, 15], "texture": "#1", "tintindex": 0},
				"west": {"uv": [15, 1, 1, 15], "texture": "#1", "tintindex": 0},
				"up": {"uv": [1, 15, 15, 1], "texture": "#1", "tintindex": 0},
				"down": {"uv": [1, 15, 15, 1], "texture": "#1", "tintindex": 0}
			}
		},
		{
			"name": "Cube",
			"from": [-3.5344, 13.65104, 27],
			"to": [-3.0484, 15.83344, 29],
			"rotation": {"angle": 0, "axis": "y", "origin": [10.62829, 11.4512, 2.6]},
			"faces": {
				"north": {"uv": [15, 1, 1, 15], "texture": "#1", "tintindex": 0},
				"east": {"uv": [15, 1, 1, 15], "texture": "#1", "tintindex": 0},
				"south": {"uv": [15, 1, 1, 15], "texture": "#1", "tintindex": 0},
				"west": {"uv": [15, 1, 1, 15], "texture": "#1", "tintindex": 0},
				"up": {"uv": [1, 15, 15, 1], "texture": "#1", "tintindex": 0},
				"down": {"uv": [1, 15, 15, 1], "texture": "#1", "tintindex": 0}
			}
		},
		{
			"name": "Cube",
			"from": [-3.0646, 14.95104, 27],
			"to": [19.0484, 15.33344, 29.5],
			"rotation": {"angle": 0, "axis": "y", "origin": [5.37171, 11.8512, 2.6]},
			"faces": {
				"north": {"uv": [15, 1, 1, 15], "texture": "#1", "tintindex": 0},
				"east": {"uv": [15, 1, 1, 15], "texture": "#1", "tintindex": 0},
				"south": {"uv": [15, 1, 1, 15], "texture": "#1", "tintindex": 0},
				"west": {"uv": [15, 1, 1, 15], "texture": "#1", "tintindex": 0},
				"up": {"uv": [1, 15, 15, 1], "texture": "#1", "tintindex": 0},
				"down": {"uv": [1, 15, 15, 1], "texture": "#1", "tintindex": 0}
			}
		},
		{
			"name": "Cube",
			"from": [17.9144, 13.65104, 1.5],
			"to": [19.3724, 14.43344, 15],
			"rotation": {"angle": 0, "axis": "y", "origin": [8.61171, 11.4512, -10.9]},
			"faces": {
				"north": {"uv": [15, 1, 1, 15], "texture": "#1", "tintindex": 0},
				"east": {"uv": [15, 1, 1, 15], "texture": "#1", "tintindex": 0},
				"south": {"uv": [15, 1, 1, 15], "texture": "#1", "tintindex": 0},
				"west": {"uv": [15, 1, 1, 15], "texture": "#1", "tintindex": 0},
				"up": {"uv": [1, 15, 15, 1], "texture": "#1", "tintindex": 0},
				"down": {"uv": [1, 15, 15, 1], "texture": "#1", "tintindex": 0}
			}
		},
		{
			"name": "Cube",
			"from": [-3.3724, 13.65104, 1.5],
			"to": [-1.9144, 14.43344, 15],
			"rotation": {"angle": 0, "axis": "y", "origin": [7.38829, 11.4512, -10.9]},
			"faces": {
				"north": {"uv": [15, 1, 1, 15], "texture": "#1", "tintindex": 0},
				"east": {"uv": [15, 1, 1, 15], "texture": "#1", "tintindex": 0},
				"south": {"uv": [15, 1, 1, 15], "texture": "#1", "tintindex": 0},
				"west": {"uv": [15, 1, 1, 15], "texture": "#1", "tintindex": 0},
				"up": {"uv": [1, 15, 15, 1], "texture": "#1", "tintindex": 0},
				"down": {"uv": [1, 15, 15, 1], "texture": "#1", "tintindex": 0}
			}
		},
		{
			"name": "Cube",
			"from": [17.9144, 13.65104, -12],
			"to": [19.3724, 14.43344, 1.5],
			"rotation": {"angle": 0, "axis": "y", "origin": [8.61171, 11.4512, -24.4]},
			"faces": {
				"north": {"uv": [15, 1, 1, 15], "texture": "#1", "tintindex": 0},
				"east": {"uv": [15, 1, 1, 15], "texture": "#1", "tintindex": 0},
				"south": {"uv": [15, 1, 1, 15], "texture": "#1", "tintindex": 0},
				"west": {"uv": [15, 1, 1, 15], "texture": "#1", "tintindex": 0},
				"up": {"uv": [1, 15, 15, 1], "texture": "#1", "tintindex": 0},
				"down": {"uv": [1, 15, 15, 1], "texture": "#1", "tintindex": 0}
			}
		},
		{
			"name": "Cube",
			"from": [-3.3724, 13.65104, -12],
			"to": [-1.9144, 14.43344, 1.5],
			"rotation": {"angle": 0, "axis": "y", "origin": [7.38829, 11.4512, -24.4]},
			"faces": {
				"north": {"uv": [15, 1, 1, 15], "texture": "#1", "tintindex": 0},
				"east": {"uv": [15, 1, 1, 15], "texture": "#1", "tintindex": 0},
				"south": {"uv": [15, 1, 1, 15], "texture": "#1", "tintindex": 0},
				"west": {"uv": [15, 1, 1, 15], "texture": "#1", "tintindex": 0},
				"up": {"uv": [1, 15, 15, 1], "texture": "#1", "tintindex": 0},
				"down": {"uv": [1, 15, 15, 1], "texture": "#1", "tintindex": 0}
			}
		},
		{
			"name": "Cube",
			"from": [-3.3076, 1.75104, -12],
			"to": [19.3076, 3.13344, 28.4],
			"rotation": {"angle": 0, "axis": "y", "origin": [9.25971, 6.4512, 3.2]},
			"faces": {
				"north": {"uv": [15, 1, 1, 15], "texture": "#1", "tintindex": 0},
				"east": {"uv": [15, 1, 1, 15], "texture": "#1", "tintindex": 0},
				"south": {"uv": [15, 1, 1, 15], "texture": "#1", "tintindex": 0},
				"west": {"uv": [15, 1, 1, 15], "texture": "#1", "tintindex": 0},
				"up": {"uv": [1, 15, 15, 1], "texture": "#1", "tintindex": 0},
				"down": {"uv": [1, 15, 15, 1], "texture": "#1", "tintindex": 0}
			}
		},
		{
			"name": "Cube",
			"from": [18.2546, -2.24896, -12],
			"to": [19.0646, -1.24896, 1.7],
			"rotation": {"angle": 0, "axis": "y", "origin": [6.49729, 2.4512, -12.2]},
			"faces": {
				"north": {"uv": [16, 0, 0, 16], "texture": "#1", "tintindex": 0},
				"east": {"uv": [16, 0, 0, 16], "texture": "#1", "tintindex": 0},
				"south": {"uv": [16, 0, 0, 16], "texture": "#1", "tintindex": 0},
				"west": {"uv": [16, 0, 0, 16], "texture": "#1", "tintindex": 0},
				"up": {"uv": [0, 16, 16, 0], "texture": "#1", "tintindex": 0},
				"down": {"uv": [0, 16, 16, 0], "texture": "#1", "tintindex": 0}
			}
		},
		{
			"name": "Cube",
			"from": [-3.0646, -2.24896, -12],
			"to": [-2.2546, -1.24896, 1.7],
			"rotation": {"angle": 0, "axis": "y", "origin": [9.50271, 2.4512, -12.2]},
			"faces": {
				"north": {"uv": [15, 1, 1, 15], "texture": "#1", "tintindex": 0},
				"east": {"uv": [15, 1, 1, 15], "texture": "#1", "tintindex": 0},
				"south": {"uv": [15, 1, 1, 15], "texture": "#1", "tintindex": 0},
				"west": {"uv": [15, 1, 1, 15], "texture": "#1", "tintindex": 0},
				"up": {"uv": [1, 15, 15, 1], "texture": "#1", "tintindex": 0},
				"down": {"uv": [1, 15, 15, 1], "texture": "#1", "tintindex": 0}
			}
		},
		{
			"name": "Cube",
			"from": [18.2546, -1.24896, 0.8],
			"to": [19.0646, -0.24896, 7],
			"rotation": {"angle": -45, "axis": "x", "origin": [18.6596, -0.74896, 2.5]},
			"faces": {
				"north": {"uv": [16, 0, 0, 16], "texture": "#1", "tintindex": 0},
				"east": {"uv": [16, 0, 0, 16], "texture": "#1", "tintindex": 0},
				"south": {"uv": [16, 0, 0, 16], "texture": "#1", "tintindex": 0},
				"west": {"uv": [16, 0, 0, 16], "texture": "#1", "tintindex": 0},
				"up": {"uv": [0, 16, 16, 0], "texture": "#1", "tintindex": 0},
				"down": {"uv": [0, 16, 16, 0], "texture": "#1", "tintindex": 0}
			}
		},
		{
			"name": "Cube",
			"from": [-3.0646, -1.24896, 0.8],
			"to": [-2.2546, -0.24896, 7],
			"rotation": {"angle": -45, "axis": "x", "origin": [-2.6596, -0.74896, 2.5]},
			"faces": {
				"north": {"uv": [15, 1, 1, 15], "texture": "#1", "tintindex": 0},
				"east": {"uv": [15, 1, 1, 15], "texture": "#1", "tintindex": 0},
				"south": {"uv": [15, 1, 1, 15], "texture": "#1", "tintindex": 0},
				"west": {"uv": [15, 1, 1, 15], "texture": "#1", "tintindex": 0},
				"up": {"uv": [1, 15, 15, 1], "texture": "#1", "tintindex": 0},
				"down": {"uv": [1, 15, 15, 1], "texture": "#1", "tintindex": 0}
			}
		},
		{
			"name": "Cube",
			"from": [18.4166, 2.75104, -12],
			"to": [19.2266, 13.75104, -11],
			"rotation": {"angle": 0, "axis": "x", "origin": [18.8216, 3.25104, -11.5]},
			"faces": {
				"north": {"uv": [1, 15, 15, 1], "rotation": 90, "texture": "#1", "tintindex": 0},
				"east": {"uv": [1, 15, 15, 1], "rotation": 90, "texture": "#1", "tintindex": 0},
				"south": {"uv": [1, 15, 15, 1], "rotation": 90, "texture": "#1", "tintindex": 0},
				"west": {"uv": [1, 15, 15, 1], "rotation": 90, "texture": "#1", "tintindex": 0},
				"up": {"uv": [15, 1, 1, 15], "rotation": 90, "texture": "#1", "tintindex": 0},
				"down": {"uv": [15, 1, 1, 15], "rotation": 90, "texture": "#1", "tintindex": 0}
			}
		},
		{
			"name": "Cube",
			"from": [-3.2266, 2.75104, -12],
			"to": [-2.4166, 13.75104, -11],
			"rotation": {"angle": 0, "axis": "x", "origin": [-2.8216, 3.25104, -11.5]},
			"faces": {
				"north": {"uv": [1, 15, 15, 1], "rotation": 90, "texture": "#1", "tintindex": 0},
				"east": {"uv": [1, 15, 15, 1], "rotation": 90, "texture": "#1", "tintindex": 0},
				"south": {"uv": [1, 15, 15, 1], "rotation": 90, "texture": "#1", "tintindex": 0},
				"west": {"uv": [1, 15, 15, 1], "rotation": 90, "texture": "#1", "tintindex": 0},
				"up": {"uv": [15, 1, 1, 15], "rotation": 90, "texture": "#1", "tintindex": 0},
				"down": {"uv": [15, 1, 1, 15], "rotation": 90, "texture": "#1", "tintindex": 0}
			}
		},
		{
			"name": "Cube",
			"from": [18.4166, 2.75104, 14.5],
			"to": [19.2266, 13.75104, 15.5],
			"rotation": {"angle": 0, "axis": "x", "origin": [18.8216, 3.25104, 15]},
			"faces": {
				"north": {"uv": [1, 15, 15, 1], "rotation": 90, "texture": "#1", "tintindex": 0},
				"east": {"uv": [1, 15, 15, 1], "rotation": 90, "texture": "#1", "tintindex": 0},
				"south": {"uv": [1, 15, 15, 1], "rotation": 90, "texture": "#1", "tintindex": 0},
				"west": {"uv": [1, 15, 15, 1], "rotation": 90, "texture": "#1", "tintindex": 0},
				"up": {"uv": [15, 1, 1, 15], "rotation": 90, "texture": "#1", "tintindex": 0},
				"down": {"uv": [15, 1, 1, 15], "rotation": 90, "texture": "#1", "tintindex": 0}
			}
		},
		{
			"name": "Cube",
			"from": [-3.2266, 2.75104, 14.5],
			"to": [-2.4166, 13.75104, 15.5],
			"rotation": {"angle": 0, "axis": "x", "origin": [-2.8216, 3.25104, 15]},
			"faces": {
				"north": {"uv": [1, 15, 15, 1], "rotation": 90, "texture": "#1", "tintindex": 0},
				"east": {"uv": [1, 15, 15, 1], "rotation": 90, "texture": "#1", "tintindex": 0},
				"south": {"uv": [1, 15, 15, 1], "rotation": 90, "texture": "#1", "tintindex": 0},
				"west": {"uv": [1, 15, 15, 1], "rotation": 90, "texture": "#1", "tintindex": 0},
				"up": {"uv": [15, 1, 1, 15], "rotation": 90, "texture": "#1", "tintindex": 0},
				"down": {"uv": [15, 1, 1, 15], "rotation": 90, "texture": "#1", "tintindex": 0}
			}
		},
		{
			"name": "Cube",
			"from": [18.4166, 2.75104, 1],
			"to": [19.2266, 13.75104, 2],
			"rotation": {"angle": 0, "axis": "x", "origin": [18.8216, 3.25104, 1.5]},
			"faces": {
				"north": {"uv": [1, 15, 15, 1], "rotation": 90, "texture": "#1", "tintindex": 0},
				"east": {"uv": [1, 15, 15, 1], "rotation": 90, "texture": "#1", "tintindex": 0},
				"south": {"uv": [1, 15, 15, 1], "rotation": 90, "texture": "#1", "tintindex": 0},
				"west": {"uv": [1, 15, 15, 1], "rotation": 90, "texture": "#1", "tintindex": 0},
				"up": {"uv": [15, 1, 1, 15], "rotation": 90, "texture": "#1", "tintindex": 0},
				"down": {"uv": [15, 1, 1, 15], "rotation": 90, "texture": "#1", "tintindex": 0}
			}
		},
		{
			"name": "Cube",
			"from": [-3.2266, 2.75104, 1],
			"to": [-2.4166, 13.75104, 2],
			"rotation": {"angle": 0, "axis": "x", "origin": [-2.8216, 3.25104, 1.5]},
			"faces": {
				"north": {"uv": [1, 15, 15, 1], "rotation": 90, "texture": "#1", "tintindex": 0},
				"east": {"uv": [1, 15, 15, 1], "rotation": 90, "texture": "#1", "tintindex": 0},
				"south": {"uv": [1, 15, 15, 1], "rotation": 90, "texture": "#1", "tintindex": 0},
				"west": {"uv": [1, 15, 15, 1], "rotation": 90, "texture": "#1", "tintindex": 0},
				"up": {"uv": [15, 1, 1, 15], "rotation": 90, "texture": "#1", "tintindex": 0},
				"down": {"uv": [15, 1, 1, 15], "rotation": 90, "texture": "#1", "tintindex": 0}
			}
		},
		{
			"name": "Cube",
			"from": [18.4166, 2.75104, 28],
			"to": [19.2266, 13.75104, 29],
			"rotation": {"angle": 0, "axis": "x", "origin": [18.8216, 3.25104, 28.5]},
			"faces": {
				"north": {"uv": [1, 15, 15, 1], "rotation": 90, "texture": "#1", "tintindex": 0},
				"east": {"uv": [1, 15, 15, 1], "rotation": 90, "texture": "#1", "tintindex": 0},
				"south": {"uv": [1, 15, 15, 1], "rotation": 90, "texture": "#1", "tintindex": 0},
				"west": {"uv": [1, 15, 15, 1], "rotation": 90, "texture": "#1", "tintindex": 0},
				"up": {"uv": [15, 1, 1, 15], "rotation": 90, "texture": "#1", "tintindex": 0},
				"down": {"uv": [15, 1, 1, 15], "rotation": 90, "texture": "#1", "tintindex": 0}
			}
		},
		{
			"name": "Cube",
			"from": [18.4166, 3.15104, 29.1],
			"to": [18.8216, 15.05104, 29.6],
			"rotation": {"angle": 0, "axis": "x", "origin": [18.8216, 3.65104, 29.1]},
			"faces": {
				"north": {"uv": [1, 15, 15, 1], "rotation": 90, "texture": "#0"},
				"east": {"uv": [1, 15, 15, 1], "rotation": 90, "texture": "#0"},
				"south": {"uv": [1, 15, 15, 1], "rotation": 90, "texture": "#0"},
				"west": {"uv": [1, 15, 15, 1], "rotation": 90, "texture": "#0"},
				"up": {"uv": [15, 1, 1, 15], "rotation": 90, "texture": "#0"},
				"down": {"uv": [15, 1, 1, 15], "rotation": 90, "texture": "#0"}
			}
		},
		{
			"name": "Cube",
			"from": [-3.2266, 2.75104, 28],
			"to": [-2.4166, 13.75104, 29],
			"rotation": {"angle": 0, "axis": "x", "origin": [-2.8216, 3.25104, 28.5]},
			"faces": {
				"north": {"uv": [1, 15, 15, 1], "rotation": 90, "texture": "#1", "tintindex": 0},
				"east": {"uv": [1, 15, 15, 1], "rotation": 90, "texture": "#1", "tintindex": 0},
				"south": {"uv": [1, 15, 15, 1], "rotation": 90, "texture": "#1", "tintindex": 0},
				"west": {"uv": [1, 15, 15, 1], "rotation": 90, "texture": "#1", "tintindex": 0},
				"up": {"uv": [15, 1, 1, 15], "rotation": 90, "texture": "#1", "tintindex": 0},
				"down": {"uv": [15, 1, 1, 15], "rotation": 90, "texture": "#1", "tintindex": 0}
			}
		},
		{
			"name": "Cube",
			"from": [7.595, 2.75104, 28],
			"to": [8.405, 13.75104, 29],
			"rotation": {"angle": 0, "axis": "x", "origin": [8, 3.25104, 28.5]},
			"faces": {
				"north": {"uv": [1, 15, 15, 1], "rotation": 90, "texture": "#1", "tintindex": 0},
				"east": {"uv": [1, 15, 15, 1], "rotation": 90, "texture": "#1", "tintindex": 0},
				"south": {"uv": [1, 15, 15, 1], "rotation": 90, "texture": "#1", "tintindex": 0},
				"west": {"uv": [1, 15, 15, 1], "rotation": 90, "texture": "#1", "tintindex": 0},
				"up": {"uv": [15, 1, 1, 15], "rotation": 90, "texture": "#1", "tintindex": 0},
				"down": {"uv": [15, 1, 1, 15], "rotation": 90, "texture": "#1", "tintindex": 0}
			}
		},
		{
			"name": "Cube",
			"from": [13.265, 2.75104, 28],
			"to": [14.075, 13.75104, 29],
			"rotation": {"angle": 0, "axis": "x", "origin": [13.67, 3.25104, 28.5]},
			"faces": {
				"north": {"uv": [1, 15, 15, 1], "rotation": 90, "texture": "#1", "tintindex": 0},
				"east": {"uv": [1, 15, 15, 1], "rotation": 90, "texture": "#1", "tintindex": 0},
				"south": {"uv": [1, 15, 15, 1], "rotation": 90, "texture": "#1", "tintindex": 0},
				"west": {"uv": [1, 15, 15, 1], "rotation": 90, "texture": "#1", "tintindex": 0},
				"up": {"uv": [15, 1, 1, 15], "rotation": 90, "texture": "#1", "tintindex": 0},
				"down": {"uv": [15, 1, 1, 15], "rotation": 90, "texture": "#1", "tintindex": 0}
			}
		},
		{
			"name": "Cube",
			"from": [14.418, 3.15104, 29.1],
			"to": [14.823, 15.05104, 29.6],
			"rotation": {"angle": 0, "axis": "x", "origin": [14.823, 3.65104, 29.1]},
			"faces": {
				"north": {"uv": [1, 15, 15, 1], "rotation": 90, "texture": "#0"},
				"east": {"uv": [1, 15, 15, 1], "rotation": 90, "texture": "#0"},
				"south": {"uv": [1, 15, 15, 1], "rotation": 90, "texture": "#0"},
				"west": {"uv": [1, 15, 15, 1], "rotation": 90, "texture": "#0"},
				"up": {"uv": [15, 1, 1, 15], "rotation": 90, "texture": "#0"},
				"down": {"uv": [15, 1, 1, 15], "rotation": 90, "texture": "#0"}
			}
		},
		{
			"name": "Cube",
			"from": [14.804, 13.65104, 29.1],
			"to": [18.449, 14.15104, 29.6],
			"rotation": {"angle": 0, "axis": "x", "origin": [15.29, 14.15104, 29.1]},
			"faces": {
				"north": {"uv": [1, 15, 15, 1], "rotation": 90, "texture": "#0"},
				"east": {"uv": [1, 15, 15, 1], "rotation": 90, "texture": "#0"},
				"south": {"uv": [1, 15, 15, 1], "rotation": 90, "texture": "#0"},
				"west": {"uv": [1, 15, 15, 1], "rotation": 90, "texture": "#0"},
				"up": {"uv": [15, 1, 1, 15], "rotation": 90, "texture": "#0"},
				"down": {"uv": [15, 1, 1, 15], "rotation": 90, "texture": "#0"}
			}
		},
		{
			"name": "Cube",
			"from": [14.804, 11.65104, 29.1],
			"to": [18.449, 12.15104, 29.6],
			"rotation": {"angle": 0, "axis": "x", "origin": [15.29, 12.15104, 29.1]},
			"faces": {
				"north": {"uv": [1, 15, 15, 1], "rotation": 90, "texture": "#0"},
				"east": {"uv": [1, 15, 15, 1], "rotation": 90, "texture": "#0"},
				"south": {"uv": [1, 15, 15, 1], "rotation": 90, "texture": "#0"},
				"west": {"uv": [1, 15, 15, 1], "rotation": 90, "texture": "#0"},
				"up": {"uv": [15, 1, 1, 15], "rotation": 90, "texture": "#0"},
				"down": {"uv": [15, 1, 1, 15], "rotation": 90, "texture": "#0"}
			}
		},
		{
			"name": "Cube",
			"from": [14.804, 9.65104, 29.1],
			"to": [18.449, 10.15104, 29.6],
			"rotation": {"angle": 0, "axis": "x", "origin": [15.29, 10.15104, 29.1]},
			"faces": {
				"north": {"uv": [1, 15, 15, 1], "rotation": 90, "texture": "#0"},
				"east": {"uv": [1, 15, 15, 1], "rotation": 90, "texture": "#0"},
				"south": {"uv": [1, 15, 15, 1], "rotation": 90, "texture": "#0"},
				"west": {"uv": [1, 15, 15, 1], "rotation": 90, "texture": "#0"},
				"up": {"uv": [15, 1, 1, 15], "rotation": 90, "texture": "#0"},
				"down": {"uv": [15, 1, 1, 15], "rotation": 90, "texture": "#0"}
			}
		},
		{
			"name": "Cube",
			"from": [14.804, 7.65104, 29.1],
			"to": [18.449, 8.15104, 29.6],
			"rotation": {"angle": 0, "axis": "x", "origin": [15.29, 8.15104, 29.1]},
			"faces": {
				"north": {"uv": [1, 15, 15, 1], "rotation": 90, "texture": "#0"},
				"east": {"uv": [1, 15, 15, 1], "rotation": 90, "texture": "#0"},
				"south": {"uv": [1, 15, 15, 1], "rotation": 90, "texture": "#0"},
				"west": {"uv": [1, 15, 15, 1], "rotation": 90, "texture": "#0"},
				"up": {"uv": [15, 1, 1, 15], "rotation": 90, "texture": "#0"},
				"down": {"uv": [15, 1, 1, 15], "rotation": 90, "texture": "#0"}
			}
		},
		{
			"name": "Cube",
			"from": [14.804, 5.65104, 29.1],
			"to": [18.449, 6.15104, 29.6],
			"rotation": {"angle": 0, "axis": "x", "origin": [15.29, 6.15104, 29.1]},
			"faces": {
				"north": {"uv": [1, 15, 15, 1], "rotation": 90, "texture": "#0"},
				"east": {"uv": [1, 15, 15, 1], "rotation": 90, "texture": "#0"},
				"south": {"uv": [1, 15, 15, 1], "rotation": 90, "texture": "#0"},
				"west": {"uv": [1, 15, 15, 1], "rotation": 90, "texture": "#0"},
				"up": {"uv": [15, 1, 1, 15], "rotation": 90, "texture": "#0"},
				"down": {"uv": [15, 1, 1, 15], "rotation": 90, "texture": "#0"}
			}
		},
		{
			"name": "Cube",
			"from": [14.804, 3.65104, 29.1],
			"to": [18.449, 4.15104, 29.6],
			"rotation": {"angle": 0, "axis": "x", "origin": [15.29, 4.15104, 29.1]},
			"faces": {
				"north": {"uv": [1, 15, 15, 1], "rotation": 90, "texture": "#0"},
				"east": {"uv": [1, 15, 15, 1], "rotation": 90, "texture": "#0"},
				"south": {"uv": [1, 15, 15, 1], "rotation": 90, "texture": "#0"},
				"west": {"uv": [1, 15, 15, 1], "rotation": 90, "texture": "#0"},
				"up": {"uv": [15, 1, 1, 15], "rotation": 90, "texture": "#0"},
				"down": {"uv": [15, 1, 1, 15], "rotation": 90, "texture": "#0"}
			}
		},
		{
			"name": "Cube",
			"from": [2.735, 2.75104, 28],
			"to": [3.545, 13.75104, 29],
			"rotation": {"angle": 0, "axis": "x", "origin": [3.14, 3.25104, 28.5]},
			"faces": {
				"north": {"uv": [1, 15, 15, 1], "rotation": 90, "texture": "#1", "tintindex": 0},
				"east": {"uv": [1, 15, 15, 1], "rotation": 90, "texture": "#1", "tintindex": 0},
				"south": {"uv": [1, 15, 15, 1], "rotation": 90, "texture": "#1", "tintindex": 0},
				"west": {"uv": [1, 15, 15, 1], "rotation": 90, "texture": "#1", "tintindex": 0},
				"up": {"uv": [15, 1, 1, 15], "rotation": 90, "texture": "#1", "tintindex": 0},
				"down": {"uv": [15, 1, 1, 15], "rotation": 90, "texture": "#1", "tintindex": 0}
			}
		},
		{
			"name": "Cube",
			"from": [18.4166, 2.75104, 21.5],
			"to": [19.2266, 13.75104, 22.5],
			"rotation": {"angle": 0, "axis": "x", "origin": [18.8216, 3.25104, 22]},
			"faces": {
				"north": {"uv": [1, 15, 15, 1], "rotation": 90, "texture": "#1", "tintindex": 0},
				"east": {"uv": [1, 15, 15, 1], "rotation": 90, "texture": "#1", "tintindex": 0},
				"south": {"uv": [1, 15, 15, 1], "rotation": 90, "texture": "#1", "tintindex": 0},
				"west": {"uv": [1, 15, 15, 1], "rotation": 90, "texture": "#1", "tintindex": 0},
				"up": {"uv": [15, 1, 1, 15], "rotation": 90, "texture": "#1", "tintindex": 0},
				"down": {"uv": [15, 1, 1, 15], "rotation": 90, "texture": "#1", "tintindex": 0}
			}
		},
		{
			"name": "Cube",
			"from": [-3.2266, 2.75104, 21.5],
			"to": [-2.4166, 13.75104, 22.5],
			"rotation": {"angle": 0, "axis": "x", "origin": [-2.8216, 3.25104, 22]},
			"faces": {
				"north": {"uv": [1, 15, 15, 1], "rotation": 90, "texture": "#1", "tintindex": 0},
				"east": {"uv": [1, 15, 15, 1], "rotation": 90, "texture": "#1", "tintindex": 0},
				"south": {"uv": [1, 15, 15, 1], "rotation": 90, "texture": "#1", "tintindex": 0},
				"west": {"uv": [1, 15, 15, 1], "rotation": 90, "texture": "#1", "tintindex": 0},
				"up": {"uv": [15, 1, 1, 15], "rotation": 90, "texture": "#1", "tintindex": 0},
				"down": {"uv": [15, 1, 1, 15], "rotation": 90, "texture": "#1", "tintindex": 0}
			}
		},
		{
			"name": "Cube",
			"from": [18.4166, 2.75104, 7.5],
			"to": [19.2266, 13.75104, 8.5],
			"rotation": {"angle": 0, "axis": "x", "origin": [18.8216, 3.25104, 8]},
			"faces": {
				"north": {"uv": [1, 15, 15, 1], "rotation": 90, "texture": "#1", "tintindex": 0},
				"east": {"uv": [1, 15, 15, 1], "rotation": 90, "texture": "#1", "tintindex": 0},
				"south": {"uv": [1, 15, 15, 1], "rotation": 90, "texture": "#1", "tintindex": 0},
				"west": {"uv": [1, 15, 15, 1], "rotation": 90, "texture": "#1", "tintindex": 0},
				"up": {"uv": [15, 1, 1, 15], "rotation": 90, "texture": "#1", "tintindex": 0},
				"down": {"uv": [15, 1, 1, 15], "rotation": 90, "texture": "#1", "tintindex": 0}
			}
		},
		{
			"name": "Cube",
			"from": [-3.2266, 2.75104, 7.5],
			"to": [-2.4166, 13.75104, 8.5],
			"rotation": {"angle": 0, "axis": "x", "origin": [-2.8216, 3.25104, 8]},
			"faces": {
				"north": {"uv": [1, 15, 15, 1], "rotation": 90, "texture": "#1", "tintindex": 0},
				"east": {"uv": [1, 15, 15, 1], "rotation": 90, "texture": "#1", "tintindex": 0},
				"south": {"uv": [1, 15, 15, 1], "rotation": 90, "texture": "#1", "tintindex": 0},
				"west": {"uv": [1, 15, 15, 1], "rotation": 90, "texture": "#1", "tintindex": 0},
				"up": {"uv": [15, 1, 1, 15], "rotation": 90, "texture": "#1", "tintindex": 0},
				"down": {"uv": [15, 1, 1, 15], "rotation": 90, "texture": "#1", "tintindex": 0}
			}
		},
		{
			"name": "Cube",
			"from": [18.4166, 2.75104, -5.5],
			"to": [19.2266, 13.75104, -4.5],
			"rotation": {"angle": 0, "axis": "x", "origin": [18.8216, 3.25104, -5]},
			"faces": {
				"north": {"uv": [1, 15, 15, 1], "rotation": 90, "texture": "#1", "tintindex": 0},
				"east": {"uv": [1, 15, 15, 1], "rotation": 90, "texture": "#1", "tintindex": 0},
				"south": {"uv": [1, 15, 15, 1], "rotation": 90, "texture": "#1", "tintindex": 0},
				"west": {"uv": [1, 15, 15, 1], "rotation": 90, "texture": "#1", "tintindex": 0},
				"up": {"uv": [15, 1, 1, 15], "rotation": 90, "texture": "#1", "tintindex": 0},
				"down": {"uv": [15, 1, 1, 15], "rotation": 90, "texture": "#1", "tintindex": 0}
			}
		},
		{
			"name": "Cube",
			"from": [-3.2266, 2.75104, -5.5],
			"to": [-2.4166, 13.75104, -4.5],
			"rotation": {"angle": 0, "axis": "x", "origin": [-2.8216, 3.25104, -5]},
			"faces": {
				"north": {"uv": [1, 15, 15, 1], "rotation": 90, "texture": "#1", "tintindex": 0},
				"east": {"uv": [1, 15, 15, 1], "rotation": 90, "texture": "#1", "tintindex": 0},
				"south": {"uv": [1, 15, 15, 1], "rotation": 90, "texture": "#1", "tintindex": 0},
				"west": {"uv": [1, 15, 15, 1], "rotation": 90, "texture": "#1", "tintindex": 0},
				"up": {"uv": [15, 1, 1, 15], "rotation": 90, "texture": "#1", "tintindex": 0},
				"down": {"uv": [15, 1, 1, 15], "rotation": 90, "texture": "#1", "tintindex": 0}
			}
		},
		{
			"name": "Cube",
			"from": [18.2546, -1.24896, 0],
			"to": [19.0646, 1.75104, 1],
			"rotation": {"angle": 0, "axis": "x", "origin": [18.6596, -0.74896, 0.5]},
			"faces": {
				"north": {"uv": [16, 0, 0, 16], "rotation": 180, "texture": "#1", "tintindex": 0},
				"east": {"uv": [16, 0, 0, 16], "rotation": 180, "texture": "#1", "tintindex": 0},
				"south": {"uv": [16, 0, 0, 16], "rotation": 180, "texture": "#1", "tintindex": 0},
				"west": {"uv": [16, 0, 0, 16], "rotation": 180, "texture": "#1", "tintindex": 0},
				"up": {"uv": [0, 16, 16, 0], "rotation": 180, "texture": "#1", "tintindex": 0},
				"down": {"uv": [0, 16, 16, 0], "rotation": 180, "texture": "#1", "tintindex": 0}
			}
		},
		{
			"name": "Cube",
			"from": [-3.0646, -1.24896, 0],
			"to": [-2.2546, 1.75104, 1],
			"rotation": {"angle": 0, "axis": "x", "origin": [-2.6596, -0.74896, 0.5]},
			"faces": {
				"north": {"uv": [15, 1, 1, 15], "rotation": 180, "texture": "#1", "tintindex": 0},
				"east": {"uv": [15, 1, 1, 15], "rotation": 180, "texture": "#1", "tintindex": 0},
				"south": {"uv": [15, 1, 1, 15], "rotation": 180, "texture": "#1", "tintindex": 0},
				"west": {"uv": [15, 1, 1, 15], "rotation": 180, "texture": "#1", "tintindex": 0},
				"up": {"uv": [1, 15, 15, 1], "rotation": 180, "texture": "#1", "tintindex": 0},
				"down": {"uv": [1, 15, 15, 1], "rotation": 180, "texture": "#1", "tintindex": 0}
			}
		},
		{
			"name": "Cube",
			"from": [18.2546, -1.24896, -7],
			"to": [19.0646, 1.75104, -6],
			"rotation": {"angle": 0, "axis": "x", "origin": [18.6596, -0.74896, -6.5]},
			"faces": {
				"north": {"uv": [16, 0, 0, 16], "rotation": 180, "texture": "#1", "tintindex": 0},
				"east": {"uv": [16, 0, 0, 16], "rotation": 180, "texture": "#1", "tintindex": 0},
				"south": {"uv": [16, 0, 0, 16], "rotation": 180, "texture": "#1", "tintindex": 0},
				"west": {"uv": [16, 0, 0, 16], "rotation": 180, "texture": "#1", "tintindex": 0},
				"up": {"uv": [0, 16, 16, 0], "rotation": 180, "texture": "#1", "tintindex": 0},
				"down": {"uv": [0, 16, 16, 0], "rotation": 180, "texture": "#1", "tintindex": 0}
			}
		},
		{
			"name": "Cube",
			"from": [-3.0646, -1.24896, -7],
			"to": [-2.2546, 1.75104, -6],
			"rotation": {"angle": 0, "axis": "x", "origin": [-2.6596, -0.74896, -6.5]},
			"faces": {
				"north": {"uv": [15, 1, 1, 15], "rotation": 180, "texture": "#1", "tintindex": 0},
				"east": {"uv": [15, 1, 1, 15], "rotation": 180, "texture": "#1", "tintindex": 0},
				"south": {"uv": [15, 1, 1, 15], "rotation": 180, "texture": "#1", "tintindex": 0},
				"west": {"uv": [15, 1, 1, 15], "rotation": 180, "texture": "#1", "tintindex": 0},
				"up": {"uv": [1, 15, 15, 1], "rotation": 180, "texture": "#1", "tintindex": 0},
				"down": {"uv": [1, 15, 15, 1], "rotation": 180, "texture": "#1", "tintindex": 0}
			}
		},
		{
			"name": "Cube",
			"from": [2.70921, -0.76256, -12],
			"to": [13.29079, 1.75104, 29.7],
			"rotation": {"angle": 0, "axis": "y", "origin": [5.90048, 6.4512, 5.2]},
			"faces": {
				"north": {"uv": [15, 1, 1, 15], "texture": "#0"},
				"east": {"uv": [15, 1, 1, 15], "texture": "#0"},
				"south": {"uv": [15, 1, 1, 15], "texture": "#0"},
				"west": {"uv": [15, 1, 1, 15], "texture": "#0"},
				"up": {"uv": [1, 15, 15, 1], "texture": "#0"},
				"down": {"uv": [1, 15, 15, 1], "texture": "#0"}
			}
		},
		{
			"name": "Base",
			"from": [-2, -0.9856, 31.76],
			"to": [2, 3.0144, 32],
			"rotation": {"angle": 0, "axis": "y", "origin": [9.2576, 7.6912, 3.2]},
			"faces": {
				"north": {"uv": [15, 1, 1, 15], "texture": "#0"},
				"east": {"uv": [15, 1, 1, 15], "texture": "#0"},
				"south": {"uv": [15, 1, 1, 15], "texture": "#0"},
				"west": {"uv": [15, 1, 1, 15], "texture": "#0"},
				"up": {"uv": [1, 15, 15, 1], "texture": "#0"},
				"down": {"uv": [1, 15, 15, 1], "texture": "#0"}
			}
		},
		{
			"name": "Base",
			"from": [-1, 0.0512, 29.6],
			"to": [1, 2.0512, 31.88],
			"rotation": {"angle": 0, "axis": "y", "origin": [9.91648, 7.6912, 3.2]},
			"faces": {
				"north": {"uv": [15, 1, 1, 15], "texture": "#0"},
				"east": {"uv": [15, 1, 1, 15], "texture": "#0"},
				"south": {"uv": [15, 1, 1, 15], "texture": "#0"},
				"west": {"uv": [15, 1, 1, 15], "texture": "#0"},
				"up": {"uv": [1, 15, 15, 1], "texture": "#0"},
				"down": {"uv": [1, 15, 15, 1], "texture": "#0"}
			}
		},
		{
			"name": "Base",
			"from": [14, -0.9856, 31.76],
			"to": [18, 3.0144, 32],
			"rotation": {"angle": 0, "axis": "y", "origin": [6.7424, 7.6912, 3.2]},
			"faces": {
				"north": {"uv": [15, 1, 1, 15], "texture": "#0"},
				"east": {"uv": [15, 1, 1, 15], "texture": "#0"},
				"south": {"uv": [15, 1, 1, 15], "texture": "#0"},
				"west": {"uv": [15, 1, 1, 15], "texture": "#0"},
				"up": {"uv": [1, 15, 15, 1], "texture": "#0"},
				"down": {"uv": [1, 15, 15, 1], "texture": "#0"}
			}
		},
		{
			"name": "Base",
			"from": [-2.8, 6.8512, 25.6],
			"to": [-2.7, 7.0512, 26.88],
			"rotation": {"angle": 0, "axis": "y", "origin": [8.11648, 12.6912, -0.8]},
			"faces": {
				"north": {"uv": [0, 0, 16, 16], "texture": "#2"},
				"east": {"uv": [0, 0, 16, 16], "texture": "#2"},
				"south": {"uv": [0, 0, 16, 16], "texture": "#2"},
				"west": {"uv": [0, 0, 16, 16], "texture": "#2"},
				"up": {"uv": [16, 16, 0, 0], "texture": "#2"},
				"down": {"uv": [16, 16, 0, 0], "texture": "#2"}
			}
		},
		{
			"name": "Base",
			"from": [-2.8, 7.3512, 26.2],
			"to": [-2.7, 7.5512, 26.88],
			"rotation": {"angle": 0, "axis": "y", "origin": [8.11648, 13.1912, -0.8]},
			"faces": {
				"north": {"uv": [0, 0, 16, 16], "texture": "#2"},
				"east": {"uv": [0, 0, 16, 16], "texture": "#2"},
				"south": {"uv": [0, 0, 16, 16], "texture": "#2"},
				"west": {"uv": [0, 0, 16, 16], "texture": "#2"},
				"up": {"uv": [16, 16, 0, 0], "texture": "#2"},
				"down": {"uv": [16, 16, 0, 0], "texture": "#2"}
			}
		},
		{
			"name": "Base",
			"from": [-2.8, 3.5512, 16.4],
			"to": [-2.7, 3.7512, 16.68],
			"rotation": {"angle": 0, "axis": "y", "origin": [8.11648, 9.3912, -8.8]},
			"faces": {
				"north": {"uv": [0, 0, 16, 16], "texture": "#2"},
				"east": {"uv": [0, 0, 16, 16], "texture": "#2"},
				"south": {"uv": [0, 0, 16, 16], "texture": "#2"},
				"west": {"uv": [0, 0, 16, 16], "texture": "#2"},
				"up": {"uv": [16, 16, 0, 0], "texture": "#2"},
				"down": {"uv": [16, 16, 0, 0], "texture": "#2"}
			}
		},
		{
			"name": "Base",
			"from": [-2.8, 5.5512, 23.4],
			"to": [-2.7, 5.7512, 23.68],
			"rotation": {"angle": 0, "axis": "y", "origin": [8.11648, 11.3912, -1.8]},
			"faces": {
				"north": {"uv": [0, 0, 16, 16], "texture": "#2"},
				"east": {"uv": [0, 0, 16, 16], "texture": "#2"},
				"south": {"uv": [0, 0, 16, 16], "texture": "#2"},
				"west": {"uv": [0, 0, 16, 16], "texture": "#2"},
				"up": {"uv": [16, 16, 0, 0], "texture": "#2"},
				"down": {"uv": [16, 16, 0, 0], "texture": "#2"}
			}
		},
		{
			"name": "Base",
			"from": [-2.8, 5.9512, 23.4],
			"to": [-2.7, 6.1512, 23.68],
			"rotation": {"angle": 0, "axis": "y", "origin": [8.11648, 11.7912, -1.8]},
			"faces": {
				"north": {"uv": [0, 0, 16, 16], "texture": "#2"},
				"east": {"uv": [0, 0, 16, 16], "texture": "#2"},
				"south": {"uv": [0, 0, 16, 16], "texture": "#2"},
				"west": {"uv": [0, 0, 16, 16], "texture": "#2"},
				"up": {"uv": [16, 16, 0, 0], "texture": "#2"},
				"down": {"uv": [16, 16, 0, 0], "texture": "#2"}
			}
		},
		{
			"name": "Base",
			"from": [-2.8, 6.3512, 23.4],
			"to": [-2.7, 6.5512, 23.68],
			"rotation": {"angle": 0, "axis": "y", "origin": [8.11648, 12.1912, -1.8]},
			"faces": {
				"north": {"uv": [0, 0, 16, 16], "texture": "#2"},
				"east": {"uv": [0, 0, 16, 16], "texture": "#2"},
				"south": {"uv": [0, 0, 16, 16], "texture": "#2"},
				"west": {"uv": [0, 0, 16, 16], "texture": "#2"},
				"up": {"uv": [16, 16, 0, 0], "texture": "#2"},
				"down": {"uv": [16, 16, 0, 0], "texture": "#2"}
			}
		},
		{
			"name": "Base",
			"from": [-2.8, 3.5512, 17],
			"to": [-2.7, 3.7512, 19.88],
			"rotation": {"angle": 0, "axis": "y", "origin": [8.11648, 9.3912, -8.2]},
			"faces": {
				"north": {"uv": [0, 0, 16, 16], "texture": "#2"},
				"east": {"uv": [0, 0, 16, 16], "texture": "#2"},
				"south": {"uv": [0, 0, 16, 16], "texture": "#2"},
				"west": {"uv": [0, 0, 16, 16], "texture": "#2"},
				"up": {"uv": [16, 16, 0, 0], "texture": "#2"},
				"down": {"uv": [16, 16, 0, 0], "texture": "#2"}
			}
		},
		{
			"name": "Base",
			"from": [-2.8, 5.5512, 24],
			"to": [-2.7, 5.7512, 26.88],
			"rotation": {"angle": 0, "axis": "y", "origin": [8.11648, 11.3912, -1.2]},
			"faces": {
				"north": {"uv": [0, 0, 16, 16], "texture": "#2"},
				"east": {"uv": [0, 0, 16, 16], "texture": "#2"},
				"south": {"uv": [0, 0, 16, 16], "texture": "#2"},
				"west": {"uv": [0, 0, 16, 16], "texture": "#2"},
				"up": {"uv": [16, 16, 0, 0], "texture": "#2"},
				"down": {"uv": [16, 16, 0, 0], "texture": "#2"}
			}
		},
		{
			"name": "Base",
			"from": [-2.8, 5.9512, 24],
			"to": [-2.7, 6.1512, 26.88],
			"rotation": {"angle": 0, "axis": "y", "origin": [8.11648, 11.7912, -1.2]},
			"faces": {
				"north": {"uv": [0, 0, 16, 16], "texture": "#2"},
				"east": {"uv": [0, 0, 16, 16], "texture": "#2"},
				"south": {"uv": [0, 0, 16, 16], "texture": "#2"},
				"west": {"uv": [0, 0, 16, 16], "texture": "#2"},
				"up": {"uv": [16, 16, 0, 0], "texture": "#2"},
				"down": {"uv": [16, 16, 0, 0], "texture": "#2"}
			}
		},
		{
			"name": "Base",
			"from": [-2.8, 6.3512, 24],
			"to": [-2.7, 6.5512, 26.88],
			"rotation": {"angle": 0, "axis": "y", "origin": [8.11648, 12.1912, -1.2]},
			"faces": {
				"north": {"uv": [0, 0, 16, 16], "texture": "#2"},
				"east": {"uv": [0, 0, 16, 16], "texture": "#2"},
				"south": {"uv": [0, 0, 16, 16], "texture": "#2"},
				"west": {"uv": [0, 0, 16, 16], "texture": "#2"},
				"up": {"uv": [16, 16, 0, 0], "texture": "#2"},
				"down": {"uv": [16, 16, 0, 0], "texture": "#2"}
			}
		},
		{
			"name": "Base",
			"from": [-2.8, 6.8512, 23.4],
			"to": [-2.7, 7.0512, 25.28],
			"rotation": {"angle": 0, "axis": "y", "origin": [8.11648, 12.6912, -1.8]},
			"faces": {
				"north": {"uv": [0, 0, 16, 16], "texture": "#2"},
				"east": {"uv": [0, 0, 16, 16], "texture": "#2"},
				"south": {"uv": [0, 0, 16, 16], "texture": "#2"},
				"west": {"uv": [0, 0, 16, 16], "texture": "#2"},
				"up": {"uv": [16, 16, 0, 0], "texture": "#2"},
				"down": {"uv": [16, 16, 0, 0], "texture": "#2"}
			}
		},
		{
			"name": "Base",
			"from": [-2.8, 7.3512, 23.4],
			"to": [-2.7, 7.5512, 25.88],
			"rotation": {"angle": 0, "axis": "y", "origin": [8.11648, 13.1912, -1.8]},
			"faces": {
				"north": {"uv": [0, 0, 16, 16], "texture": "#2"},
				"east": {"uv": [0, 0, 16, 16], "texture": "#2"},
				"south": {"uv": [0, 0, 16, 16], "texture": "#2"},
				"west": {"uv": [0, 0, 16, 16], "texture": "#2"},
				"up": {"uv": [16, 16, 0, 0], "texture": "#2"},
				"down": {"uv": [16, 16, 0, 0], "texture": "#2"}
			}
		},
		{
			"name": "Base",
			"from": [-2.8, 7.8512, 23.4],
			"to": [-2.7, 8.0512, 26.88],
			"rotation": {"angle": 0, "axis": "y", "origin": [8.11648, 13.6912, -1.8]},
			"faces": {
				"north": {"uv": [0, 0, 16, 16], "texture": "#2"},
				"east": {"uv": [0, 0, 16, 16], "texture": "#2"},
				"south": {"uv": [0, 0, 16, 16], "texture": "#2"},
				"west": {"uv": [0, 0, 16, 16], "texture": "#2"},
				"up": {"uv": [16, 16, 0, 0], "texture": "#2"},
				"down": {"uv": [16, 16, 0, 0], "texture": "#2"}
			}
		},
		{
			"name": "Base",
			"from": [15, 0.0512, 29.6],
			"to": [17, 2.0512, 31.88],
			"rotation": {"angle": 0, "axis": "y", "origin": [6.08352, 7.6912, 3.2]},
			"faces": {
				"north": {"uv": [15, 1, 1, 15], "texture": "#0"},
				"east": {"uv": [15, 1, 1, 15], "texture": "#0"},
				"south": {"uv": [15, 1, 1, 15], "texture": "#0"},
				"west": {"uv": [15, 1, 1, 15], "texture": "#0"},
				"up": {"uv": [1, 15, 15, 1], "texture": "#0"},
				"down": {"uv": [1, 15, 15, 1], "texture": "#0"}
			}
		}
	],
	"display": {
		"head": {
			"translation": [0, -20, 80],
			"scale": [4, 4, 4]
		}
	}
}