{
	"credit": "Made with Blockbench",
	"textures": {
		"1": "block/cauldron_inner",
		"2": "block/iron_block",
		"3": "block/quartz_block_top",
		"particle": "block/iron_block",
		"1_0": "block/anvil"
	},
	"elements": [
		{
			"name": "Cube",
			"from": [5.15, 5.52, 4.37504],
			"to": [10.85, 7.2, 11.57504],
			"rotation": {"angle": 0, "axis": "y", "origin": [8, 13.68, 23.57504]},
			"faces": {
				"north": {"uv": [0, 0, 16, 2], "texture": "#1"},
				"east": {"uv": [0, 0, 16, 2], "texture": "#1"},
				"south": {"uv": [0, 0, 16, 2], "texture": "#1"},
				"west": {"uv": [0, 0, 16, 2], "texture": "#1"},
				"up": {"uv": [0, 0, 16, 16], "texture": "#1"},
				"down": {"uv": [0, 0, 16, 16], "texture": "#1"}
			}
		},
		{
			"name": "Cube",
			"from": [-0.5225, 1.4, 7.7],
			"to": [16.5225, 2, 8.3],
			"rotation": {"angle": 0, "axis": "y", "origin": [11.9275, 12.6, 23.3]},
			"faces": {
				"north": {"uv": [0, 0, 16, 2], "texture": "#1"},
				"east": {"uv": [0, 0, 16, 2], "texture": "#1"},
				"south": {"uv": [0, 0, 16, 2], "texture": "#1"},
				"west": {"uv": [0, 0, 16, 2], "texture": "#1"},
				"up": {"uv": [0, 0, 16, 16], "texture": "#1"},
				"down": {"uv": [0, 0, 16, 16], "texture": "#1"}
			}
		},
		{
			"name": "Cube",
			"from": [2.9275, 1.92, 4.37504],
			"to": [13.0725, 4.32, 11.57504],
			"rotation": {"angle": 0, "axis": "y", "origin": [7.4775, 12, 23.57504]},
			"faces": {
				"north": {"uv": [0, 0, 16, 2], "texture": "#1"},
				"east": {"uv": [0, 0, 16, 2], "texture": "#1"},
				"south": {"uv": [0, 0, 16, 2], "texture": "#1"},
				"west": {"uv": [0, 0, 16, 2], "texture": "#1"},
				"up": {"uv": [0, 0, 16, 16], "texture": "#1"},
				"down": {"uv": [0, 0, 16, 16], "texture": "#1"}
			}
		},
		{
			"name": "Cube",
			"from": [1.74, 4.32, 3.95504],
			"to": [14.26, 5.4, 11.99504],
			"rotation": {"angle": 0, "axis": "y", "origin": [7.335, 14.4, 23.15504]},
			"faces": {
				"north": {"uv": [0, 0, 16, 16], "texture": "#1_0"},
				"east": {"uv": [0, 0, 16, 16], "texture": "#1_0"},
				"south": {"uv": [0, 0, 16, 16], "texture": "#1_0"},
				"west": {"uv": [0, 0, 16, 16], "texture": "#1_0"},
				"up": {"uv": [0, 0, 16, 16], "texture": "#1_0"},
				"down": {"uv": [0, 0, 16, 16], "texture": "#1_0"}
			}
		},
		{
			"name": "Cube",
			"from": [-1.025, 5.52, 7.16],
			"to": [0.74, 6.12, 8.84],
			"rotation": {"angle": -22.5, "axis": "x", "origin": [-0.6925, 1.8, 8]},
			"faces": {
				"north": {"uv": [16, 0, 0, 16], "rotation": 180, "texture": "#1_0"},
				"east": {"uv": [16, 0, 0, 16], "rotation": 180, "texture": "#1_0"},
				"south": {"uv": [16, 0, 0, 16], "rotation": 180, "texture": "#1_0"},
				"west": {"uv": [16, 0, 0, 16], "rotation": 180, "texture": "#1_0"},
				"up": {"uv": [16, 0, 0, 16], "texture": "#1_0"},
				"down": {"uv": [16, 0, 0, 16], "texture": "#1_0"}
			}
		},
		{
			"name": "Cube",
			"from": [-0.36, -2.42, 7.76],
			"to": [0.775, 6.02, 8.24],
			"rotation": {"angle": 0, "axis": "y", "origin": [0.2575, 1.8, 8]},
			"faces": {
				"north": {"uv": [16, 0, 0, 16], "texture": "#2", "tintindex": 0},
				"east": {"uv": [16, 0, 0, 16], "texture": "#2", "tintindex": 0},
				"south": {"uv": [16, 0, 0, 16], "texture": "#2", "tintindex": 0},
				"west": {"uv": [0, 0, 16, 16], "texture": "#2", "tintindex": 0},
				"up": {"uv": [16, 0, 0, 16], "texture": "#2", "tintindex": 0},
				"down": {"uv": [16, 0, 0, 16], "texture": "#2", "tintindex": 0}
			}
		},
		{
			"name": "Cube",
			"from": [-0.36, -2.42, 7.76],
			"to": [0.775, 6.02, 8.24],
			"rotation": {"angle": 22.5, "axis": "x", "origin": [0.2575, 1.8, 8]},
			"faces": {
				"north": {"uv": [16, 0, 0, 16], "texture": "#2", "tintindex": 0},
				"east": {"uv": [16, 0, 0, 16], "texture": "#2", "tintindex": 0},
				"south": {"uv": [16, 0, 0, 16], "texture": "#2", "tintindex": 0},
				"west": {"uv": [0, 0, 16, 16], "texture": "#2", "tintindex": 0},
				"up": {"uv": [16, 0, 0, 16], "texture": "#2", "tintindex": 0},
				"down": {"uv": [16, 0, 0, 16], "texture": "#2", "tintindex": 0}
			}
		},
		{
			"name": "Cube",
			"from": [-0.36, -2.42, 7.76],
			"to": [0.775, 6.02, 8.24],
			"rotation": {"angle": 45, "axis": "x", "origin": [0.2575, 1.8, 8]},
			"faces": {
				"north": {"uv": [16, 0, 0, 16], "texture": "#2", "tintindex": 0},
				"east": {"uv": [16, 0, 0, 16], "texture": "#2", "tintindex": 0},
				"south": {"uv": [16, 0, 0, 16], "texture": "#2", "tintindex": 0},
				"west": {"uv": [0, 0, 16, 16], "texture": "#2", "tintindex": 0},
				"up": {"uv": [16, 0, 0, 16], "texture": "#2", "tintindex": 0},
				"down": {"uv": [16, 0, 0, 16], "texture": "#2", "tintindex": 0}
			}
		},
		{
			"name": "Cube",
			"from": [-0.36, 1.56, 3.78],
			"to": [0.775, 2.04, 12.22],
			"rotation": {"angle": -22.5, "axis": "x", "origin": [0.2075, 1.8, 8]},
			"faces": {
				"north": {"uv": [16, 0, 0, 16], "rotation": 180, "texture": "#2", "tintindex": 0},
				"east": {"uv": [16, 0, 0, 16], "rotation": 270, "texture": "#2", "tintindex": 0},
				"south": {"uv": [16, 0, 0, 16], "texture": "#2", "tintindex": 0},
				"west": {"uv": [0, 0, 16, 16], "rotation": 90, "texture": "#2", "tintindex": 0},
				"up": {"uv": [16, 0, 0, 16], "rotation": 180, "texture": "#2", "tintindex": 0},
				"down": {"uv": [16, 0, 0, 16], "texture": "#2", "tintindex": 0}
			}
		},
		{
			"name": "Cube",
			"from": [-0.36, 1.56, 3.78],
			"to": [0.775, 2.04, 12.22],
			"rotation": {"angle": 0, "axis": "x", "origin": [0.2575, 1.8, 8]},
			"faces": {
				"north": {"uv": [16, 0, 0, 16], "rotation": 180, "texture": "#2", "tintindex": 0},
				"east": {"uv": [16, 0, 0, 16], "rotation": 270, "texture": "#2", "tintindex": 0},
				"south": {"uv": [16, 0, 0, 16], "texture": "#2", "tintindex": 0},
				"west": {"uv": [0, 0, 16, 16], "rotation": 90, "texture": "#2", "tintindex": 0},
				"up": {"uv": [16, 0, 0, 16], "rotation": 180, "texture": "#2", "tintindex": 0},
				"down": {"uv": [16, 0, 0, 16], "texture": "#2", "tintindex": 0}
			}
		},
		{
			"name": "Cube",
			"from": [-0.36, 1.56, 3.78],
			"to": [0.775, 2.04, 12.22],
			"rotation": {"angle": 22.5, "axis": "x", "origin": [0.2575, 1.8, 8]},
			"faces": {
				"north": {"uv": [16, 0, 0, 16], "rotation": 180, "texture": "#2", "tintindex": 0},
				"east": {"uv": [16, 0, 0, 16], "rotation": 270, "texture": "#2", "tintindex": 0},
				"south": {"uv": [16, 0, 0, 16], "texture": "#2", "tintindex": 0},
				"west": {"uv": [0, 0, 16, 16], "rotation": 90, "texture": "#2", "tintindex": 0},
				"up": {"uv": [16, 0, 0, 16], "rotation": 180, "texture": "#2", "tintindex": 0},
				"down": {"uv": [16, 0, 0, 16], "texture": "#2", "tintindex": 0}
			}
		},
		{
			"name": "Cube",
			"from": [-0.36, 1.56, 3.78],
			"to": [0.775, 2.04, 12.22],
			"rotation": {"angle": 45, "axis": "x", "origin": [0.2575, 1.8, 8]},
			"faces": {
				"north": {"uv": [16, 0, 0, 16], "rotation": 180, "texture": "#2", "tintindex": 0},
				"east": {"uv": [16, 0, 0, 16], "rotation": 270, "texture": "#2", "tintindex": 0},
				"south": {"uv": [16, 0, 0, 16], "texture": "#2", "tintindex": 0},
				"west": {"uv": [0, 0, 16, 16], "rotation": 90, "texture": "#2", "tintindex": 0},
				"up": {"uv": [16, 0, 0, 16], "rotation": 180, "texture": "#2", "tintindex": 0},
				"down": {"uv": [16, 0, 0, 16], "texture": "#2", "tintindex": 0}
			}
		},
		{
			"name": "Cube",
			"from": [-0.36, -2.42, 7.76],
			"to": [0.775, 6.02, 8.24],
			"rotation": {"angle": -22.5, "axis": "x", "origin": [0.2575, 1.8, 8]},
			"faces": {
				"north": {"uv": [16, 0, 0, 16], "rotation": 180, "texture": "#2", "tintindex": 0},
				"east": {"uv": [16, 0, 0, 16], "rotation": 180, "texture": "#2", "tintindex": 0},
				"south": {"uv": [16, 0, 0, 16], "rotation": 180, "texture": "#2", "tintindex": 0},
				"west": {"uv": [0, 0, 16, 16], "rotation": 180, "texture": "#2", "tintindex": 0},
				"up": {"uv": [16, 0, 0, 16], "texture": "#2", "tintindex": 0},
				"down": {"uv": [16, 0, 0, 16], "texture": "#2", "tintindex": 0}
			}
		},
		{
			"name": "Cube",
			"from": [-1.025, 5.52, 7.16],
			"to": [0.74, 6.12, 8.84],
			"rotation": {"angle": 22.5, "axis": "x", "origin": [-0.6925, 1.8, 8]},
			"faces": {
				"north": {"uv": [16, 0, 0, 16], "texture": "#1_0"},
				"east": {"uv": [16, 0, 0, 16], "texture": "#1_0"},
				"south": {"uv": [16, 0, 0, 16], "texture": "#1_0"},
				"west": {"uv": [16, 0, 0, 16], "texture": "#1_0"},
				"up": {"uv": [16, 0, 0, 16], "texture": "#1_0"},
				"down": {"uv": [16, 0, 0, 16], "texture": "#1_0"}
			}
		},
		{
			"name": "Cube",
			"from": [-1.025, 5.52, 7.16],
			"to": [0.74, 6.12, 8.84],
			"rotation": {"angle": 45, "axis": "x", "origin": [-0.6925, 1.8, 8]},
			"faces": {
				"north": {"uv": [16, 0, 0, 16], "texture": "#1_0"},
				"east": {"uv": [16, 0, 0, 16], "texture": "#1_0"},
				"south": {"uv": [16, 0, 0, 16], "texture": "#1_0"},
				"west": {"uv": [16, 0, 0, 16], "texture": "#1_0"},
				"up": {"uv": [16, 0, 0, 16], "texture": "#1_0"},
				"down": {"uv": [16, 0, 0, 16], "texture": "#1_0"}
			}
		},
		{
			"name": "Cube",
			"from": [-1.025, 0.96, 3.68],
			"to": [0.74, 2.64, 4.28],
			"rotation": {"angle": 45, "axis": "x", "origin": [-0.6925, 1.8, 8]},
			"faces": {
				"north": {"uv": [16, 0, 0, 16], "rotation": 180, "texture": "#1_0"},
				"east": {"uv": [0, 16, 16, 0], "rotation": 90, "texture": "#1_0"},
				"south": {"uv": [16, 0, 0, 16], "texture": "#1_0"},
				"west": {"uv": [0, 16, 16, 0], "rotation": 270, "texture": "#1_0"},
				"up": {"uv": [16, 0, 0, 16], "rotation": 180, "texture": "#1_0"},
				"down": {"uv": [16, 0, 0, 16], "texture": "#1_0"}
			}
		},
		{
			"name": "Cube",
			"from": [-1.025, 0.96, 3.68],
			"to": [0.74, 2.64, 4.28],
			"rotation": {"angle": 22.5, "axis": "x", "origin": [-0.6925, 1.8, 8]},
			"faces": {
				"north": {"uv": [16, 0, 0, 16], "rotation": 180, "texture": "#1_0"},
				"east": {"uv": [0, 16, 16, 0], "rotation": 90, "texture": "#1_0"},
				"south": {"uv": [16, 0, 0, 16], "texture": "#1_0"},
				"west": {"uv": [0, 16, 16, 0], "rotation": 270, "texture": "#1_0"},
				"up": {"uv": [16, 0, 0, 16], "rotation": 180, "texture": "#1_0"},
				"down": {"uv": [16, 0, 0, 16], "texture": "#1_0"}
			}
		},
		{
			"name": "Cube",
			"from": [-1.025, 0.96, 3.68],
			"to": [0.74, 2.64, 4.28],
			"rotation": {"angle": 0, "axis": "x", "origin": [-0.6925, 1.8, 8]},
			"faces": {
				"north": {"uv": [16, 0, 0, 16], "rotation": 180, "texture": "#1_0"},
				"east": {"uv": [0, 16, 16, 0], "rotation": 90, "texture": "#1_0"},
				"south": {"uv": [16, 0, 0, 16], "texture": "#1_0"},
				"west": {"uv": [0, 16, 16, 0], "rotation": 270, "texture": "#1_0"},
				"up": {"uv": [16, 0, 0, 16], "rotation": 180, "texture": "#1_0"},
				"down": {"uv": [16, 0, 0, 16], "texture": "#1_0"}
			}
		},
		{
			"name": "Cube",
			"from": [-1.025, 0.96, 3.68],
			"to": [0.74, 2.64, 4.28],
			"rotation": {"angle": -22.5, "axis": "x", "origin": [-0.6925, 1.8, 8]},
			"faces": {
				"north": {"uv": [16, 0, 0, 16], "rotation": 180, "texture": "#1_0"},
				"east": {"uv": [0, 16, 16, 0], "rotation": 90, "texture": "#1_0"},
				"south": {"uv": [16, 0, 0, 16], "texture": "#1_0"},
				"west": {"uv": [0, 16, 16, 0], "rotation": 270, "texture": "#1_0"},
				"up": {"uv": [16, 0, 0, 16], "rotation": 180, "texture": "#1_0"},
				"down": {"uv": [16, 0, 0, 16], "texture": "#1_0"}
			}
		},
		{
			"name": "Cube",
			"from": [-1.025, -2.52, 7.16],
			"to": [0.74, -1.92, 8.84],
			"rotation": {"angle": 45, "axis": "x", "origin": [-0.6925, 1.8, 8]},
			"faces": {
				"north": {"uv": [16, 0, 0, 16], "texture": "#1_0"},
				"east": {"uv": [16, 0, 0, 16], "texture": "#1_0"},
				"south": {"uv": [16, 0, 0, 16], "texture": "#1_0"},
				"west": {"uv": [16, 0, 0, 16], "texture": "#1_0"},
				"up": {"uv": [16, 0, 0, 16], "texture": "#1_0"},
				"down": {"uv": [16, 0, 0, 16], "texture": "#1_0"}
			}
		},
		{
			"name": "Cube",
			"from": [-1.025, -2.52, 7.16],
			"to": [0.74, -1.92, 8.84],
			"rotation": {"angle": 0, "axis": "x", "origin": [-0.6925, 1.8, 8]},
			"faces": {
				"north": {"uv": [16, 0, 0, 16], "texture": "#1_0"},
				"east": {"uv": [16, 0, 0, 16], "texture": "#1_0"},
				"south": {"uv": [16, 0, 0, 16], "texture": "#1_0"},
				"west": {"uv": [16, 0, 0, 16], "texture": "#1_0"},
				"up": {"uv": [16, 0, 0, 16], "texture": "#1_0"},
				"down": {"uv": [16, 0, 0, 16], "texture": "#1_0"}
			}
		},
		{
			"name": "Cube",
			"from": [-1.025, -2.52, 7.16],
			"to": [0.74, -1.92, 8.84],
			"rotation": {"angle": 22.5, "axis": "x", "origin": [-0.6925, 1.8, 8]},
			"faces": {
				"north": {"uv": [16, 0, 0, 16], "texture": "#1_0"},
				"east": {"uv": [16, 0, 0, 16], "texture": "#1_0"},
				"south": {"uv": [16, 0, 0, 16], "texture": "#1_0"},
				"west": {"uv": [16, 0, 0, 16], "texture": "#1_0"},
				"up": {"uv": [16, 0, 0, 16], "texture": "#1_0"},
				"down": {"uv": [16, 0, 0, 16], "texture": "#1_0"}
			}
		},
		{
			"name": "Cube",
			"from": [-1.025, -2.52, 7.16],
			"to": [0.74, -1.92, 8.84],
			"rotation": {"angle": -22.5, "axis": "x", "origin": [-0.6925, 1.8, 8]},
			"faces": {
				"north": {"uv": [16, 0, 0, 16], "rotation": 180, "texture": "#1_0"},
				"east": {"uv": [16, 0, 0, 16], "rotation": 180, "texture": "#1_0"},
				"south": {"uv": [16, 0, 0, 16], "rotation": 180, "texture": "#1_0"},
				"west": {"uv": [16, 0, 0, 16], "rotation": 180, "texture": "#1_0"},
				"up": {"uv": [16, 0, 0, 16], "texture": "#1_0"},
				"down": {"uv": [16, 0, 0, 16], "texture": "#1_0"}
			}
		},
		{
			"name": "Cube",
			"from": [-1.025, 0.96, 11.72],
			"to": [0.74, 2.64, 12.32],
			"rotation": {"angle": 45, "axis": "x", "origin": [-0.6925, 1.8, 8]},
			"faces": {
				"north": {"uv": [16, 0, 0, 16], "rotation": 180, "texture": "#1_0"},
				"east": {"uv": [0, 16, 16, 0], "rotation": 90, "texture": "#1_0"},
				"south": {"uv": [16, 0, 0, 16], "texture": "#1_0"},
				"west": {"uv": [0, 16, 16, 0], "rotation": 270, "texture": "#1_0"},
				"up": {"uv": [16, 0, 0, 16], "rotation": 180, "texture": "#1_0"},
				"down": {"uv": [16, 0, 0, 16], "texture": "#1_0"}
			}
		},
		{
			"name": "Cube",
			"from": [-1.025, 0.96, 11.72],
			"to": [0.74, 2.64, 12.32],
			"rotation": {"angle": 22.5, "axis": "x", "origin": [-0.6925, 1.8, 8]},
			"faces": {
				"north": {"uv": [16, 0, 0, 16], "rotation": 180, "texture": "#1_0"},
				"east": {"uv": [0, 16, 16, 0], "rotation": 90, "texture": "#1_0"},
				"south": {"uv": [16, 0, 0, 16], "texture": "#1_0"},
				"west": {"uv": [0, 16, 16, 0], "rotation": 270, "texture": "#1_0"},
				"up": {"uv": [16, 0, 0, 16], "rotation": 180, "texture": "#1_0"},
				"down": {"uv": [16, 0, 0, 16], "texture": "#1_0"}
			}
		},
		{
			"name": "Cube",
			"from": [-1.025, 0.96, 11.72],
			"to": [0.74, 2.64, 12.32],
			"rotation": {"angle": 0, "axis": "x", "origin": [-0.6925, 1.8, 8]},
			"faces": {
				"north": {"uv": [16, 0, 0, 16], "rotation": 180, "texture": "#1_0"},
				"east": {"uv": [0, 16, 16, 0], "rotation": 90, "texture": "#1_0"},
				"south": {"uv": [16, 0, 0, 16], "texture": "#1_0"},
				"west": {"uv": [0, 16, 16, 0], "rotation": 270, "texture": "#1_0"},
				"up": {"uv": [16, 0, 0, 16], "rotation": 180, "texture": "#1_0"},
				"down": {"uv": [16, 0, 0, 16], "texture": "#1_0"}
			}
		},
		{
			"name": "Cube",
			"from": [-1.025, 0.96, 11.72],
			"to": [0.74, 2.64, 12.32],
			"rotation": {"angle": -22.5, "axis": "x", "origin": [-0.6925, 1.8, 8]},
			"faces": {
				"north": {"uv": [16, 0, 0, 16], "rotation": 180, "texture": "#1_0"},
				"east": {"uv": [0, 16, 16, 0], "rotation": 90, "texture": "#1_0"},
				"south": {"uv": [16, 0, 0, 16], "texture": "#1_0"},
				"west": {"uv": [0, 16, 16, 0], "rotation": 270, "texture": "#1_0"},
				"up": {"uv": [16, 0, 0, 16], "rotation": 180, "texture": "#1_0"},
				"down": {"uv": [16, 0, 0, 16], "texture": "#1_0"}
			}
		},
		{
			"name": "Cube",
			"from": [0.685, 6.12, 7.04],
			"to": [0.875, 6.36, 8.96],
			"rotation": {"angle": 0, "axis": "x", "origin": [0.5425, 2.4, 8]},
			"faces": {
				"north": {"uv": [16, 0, 0, 16], "texture": "#1_0"},
				"east": {"uv": [16, 0, 0, 16], "texture": "#1_0"},
				"south": {"uv": [16, 0, 0, 16], "texture": "#1_0"},
				"west": {"uv": [16, 0, 0, 16], "texture": "#1_0"},
				"up": {"uv": [16, 0, 0, 16], "texture": "#1_0"},
				"down": {"uv": [16, 0, 0, 16], "texture": "#1_0"}
			}
		},
		{
			"name": "Cube",
			"from": [0.685, 6.12, 7.04],
			"to": [0.875, 6.36, 8.96],
			"rotation": {"angle": -22.5, "axis": "x", "origin": [0.78, 1.8, 8]},
			"faces": {
				"north": {"uv": [16, 0, 0, 16], "rotation": 180, "texture": "#1_0"},
				"east": {"uv": [16, 0, 0, 16], "rotation": 180, "texture": "#1_0"},
				"south": {"uv": [16, 0, 0, 16], "rotation": 180, "texture": "#1_0"},
				"west": {"uv": [16, 0, 0, 16], "rotation": 180, "texture": "#1_0"},
				"up": {"uv": [16, 0, 0, 16], "texture": "#1_0"},
				"down": {"uv": [16, 0, 0, 16], "texture": "#1_0"}
			}
		},
		{
			"name": "Cube",
			"from": [0.685, 6.12, 7.04],
			"to": [0.875, 6.36, 8.96],
			"rotation": {"angle": 22.5, "axis": "x", "origin": [0.78, 1.8, 8]},
			"faces": {
				"north": {"uv": [16, 0, 0, 16], "texture": "#1_0"},
				"east": {"uv": [16, 0, 0, 16], "texture": "#1_0"},
				"south": {"uv": [16, 0, 0, 16], "texture": "#1_0"},
				"west": {"uv": [16, 0, 0, 16], "texture": "#1_0"},
				"up": {"uv": [16, 0, 0, 16], "texture": "#1_0"},
				"down": {"uv": [16, 0, 0, 16], "texture": "#1_0"}
			}
		},
		{
			"name": "Cube",
			"from": [0.685, 6.12, 7.04],
			"to": [0.875, 6.36, 8.96],
			"rotation": {"angle": 45, "axis": "x", "origin": [0.78, 1.8, 8]},
			"faces": {
				"north": {"uv": [16, 0, 0, 16], "texture": "#1_0"},
				"east": {"uv": [16, 0, 0, 16], "texture": "#1_0"},
				"south": {"uv": [16, 0, 0, 16], "texture": "#1_0"},
				"west": {"uv": [16, 0, 0, 16], "texture": "#1_0"},
				"up": {"uv": [16, 0, 0, 16], "texture": "#1_0"},
				"down": {"uv": [16, 0, 0, 16], "texture": "#1_0"}
			}
		},
		{
			"name": "Cube",
			"from": [0.685, 0.84, 12.32],
			"to": [0.875, 2.76, 12.56],
			"rotation": {"angle": -22.5, "axis": "x", "origin": [0.78, 1.8, 8]},
			"faces": {
				"north": {"uv": [16, 0, 0, 16], "rotation": 180, "texture": "#1_0"},
				"east": {"uv": [0, 16, 16, 0], "rotation": 90, "texture": "#1_0"},
				"south": {"uv": [16, 0, 0, 16], "texture": "#1_0"},
				"west": {"uv": [0, 16, 16, 0], "rotation": 270, "texture": "#1_0"},
				"up": {"uv": [16, 0, 0, 16], "rotation": 180, "texture": "#1_0"},
				"down": {"uv": [16, 0, 0, 16], "texture": "#1_0"}
			}
		},
		{
			"name": "Cube",
			"from": [0.685, 0.84, 12.32],
			"to": [0.875, 2.76, 12.56],
			"rotation": {"angle": 0, "axis": "x", "origin": [0.78, 1.8, 8]},
			"faces": {
				"north": {"uv": [16, 0, 0, 16], "rotation": 180, "texture": "#1_0"},
				"east": {"uv": [0, 16, 16, 0], "rotation": 90, "texture": "#1_0"},
				"south": {"uv": [16, 0, 0, 16], "texture": "#1_0"},
				"west": {"uv": [0, 16, 16, 0], "rotation": 270, "texture": "#1_0"},
				"up": {"uv": [16, 0, 0, 16], "rotation": 180, "texture": "#1_0"},
				"down": {"uv": [16, 0, 0, 16], "texture": "#1_0"}
			}
		},
		{
			"name": "Cube",
			"from": [0.685, 0.84, 12.32],
			"to": [0.875, 2.76, 12.56],
			"rotation": {"angle": 22.5, "axis": "x", "origin": [0.78, 1.8, 8]},
			"faces": {
				"north": {"uv": [16, 0, 0, 16], "rotation": 180, "texture": "#1_0"},
				"east": {"uv": [0, 16, 16, 0], "rotation": 90, "texture": "#1_0"},
				"south": {"uv": [16, 0, 0, 16], "texture": "#1_0"},
				"west": {"uv": [0, 16, 16, 0], "rotation": 270, "texture": "#1_0"},
				"up": {"uv": [16, 0, 0, 16], "rotation": 180, "texture": "#1_0"},
				"down": {"uv": [16, 0, 0, 16], "texture": "#1_0"}
			}
		},
		{
			"name": "Cube",
			"from": [0.685, 0.84, 3.44],
			"to": [0.875, 2.76, 3.68],
			"rotation": {"angle": 45, "axis": "x", "origin": [0.78, 1.8, 8]},
			"faces": {
				"north": {"uv": [16, 0, 0, 16], "rotation": 180, "texture": "#1_0"},
				"east": {"uv": [0, 16, 16, 0], "rotation": 90, "texture": "#1_0"},
				"south": {"uv": [16, 0, 0, 16], "texture": "#1_0"},
				"west": {"uv": [0, 16, 16, 0], "rotation": 270, "texture": "#1_0"},
				"up": {"uv": [16, 0, 0, 16], "rotation": 180, "texture": "#1_0"},
				"down": {"uv": [16, 0, 0, 16], "texture": "#1_0"}
			}
		},
		{
			"name": "Cube",
			"from": [0.685, 0.84, 3.44],
			"to": [0.875, 2.76, 3.68],
			"rotation": {"angle": 22.5, "axis": "x", "origin": [0.78, 1.8, 8]},
			"faces": {
				"north": {"uv": [16, 0, 0, 16], "rotation": 180, "texture": "#1_0"},
				"east": {"uv": [0, 16, 16, 0], "rotation": 90, "texture": "#1_0"},
				"south": {"uv": [16, 0, 0, 16], "texture": "#1_0"},
				"west": {"uv": [0, 16, 16, 0], "rotation": 270, "texture": "#1_0"},
				"up": {"uv": [16, 0, 0, 16], "rotation": 180, "texture": "#1_0"},
				"down": {"uv": [16, 0, 0, 16], "texture": "#1_0"}
			}
		},
		{
			"name": "Cube",
			"from": [0.685, 0.84, 3.44],
			"to": [0.875, 2.76, 3.68],
			"rotation": {"angle": 0, "axis": "x", "origin": [0.78, 1.8, 8]},
			"faces": {
				"north": {"uv": [16, 0, 0, 16], "rotation": 180, "texture": "#1_0"},
				"east": {"uv": [0, 16, 16, 0], "rotation": 90, "texture": "#1_0"},
				"south": {"uv": [16, 0, 0, 16], "texture": "#1_0"},
				"west": {"uv": [0, 16, 16, 0], "rotation": 270, "texture": "#1_0"},
				"up": {"uv": [16, 0, 0, 16], "rotation": 180, "texture": "#1_0"},
				"down": {"uv": [16, 0, 0, 16], "texture": "#1_0"}
			}
		},
		{
			"name": "Cube",
			"from": [0.685, 0.84, 3.44],
			"to": [0.875, 2.76, 3.68],
			"rotation": {"angle": -22.5, "axis": "x", "origin": [0.78, 1.8, 8]},
			"faces": {
				"north": {"uv": [16, 0, 0, 16], "rotation": 180, "texture": "#1_0"},
				"east": {"uv": [0, 16, 16, 0], "rotation": 90, "texture": "#1_0"},
				"south": {"uv": [16, 0, 0, 16], "texture": "#1_0"},
				"west": {"uv": [0, 16, 16, 0], "rotation": 270, "texture": "#1_0"},
				"up": {"uv": [16, 0, 0, 16], "rotation": 180, "texture": "#1_0"},
				"down": {"uv": [16, 0, 0, 16], "texture": "#1_0"}
			}
		},
		{
			"name": "Cube",
			"from": [0.685, -2.76, 7.04],
			"to": [0.875, -2.52, 8.96],
			"rotation": {"angle": 45, "axis": "x", "origin": [0.78, 1.8, 8]},
			"faces": {
				"north": {"uv": [16, 0, 0, 16], "texture": "#1_0"},
				"east": {"uv": [16, 0, 0, 16], "texture": "#1_0"},
				"south": {"uv": [16, 0, 0, 16], "texture": "#1_0"},
				"west": {"uv": [16, 0, 0, 16], "texture": "#1_0"},
				"up": {"uv": [16, 0, 0, 16], "texture": "#1_0"},
				"down": {"uv": [16, 0, 0, 16], "texture": "#1_0"}
			}
		},
		{
			"name": "Cube",
			"from": [0.685, -2.76, 7.04],
			"to": [0.875, -2.52, 8.96],
			"rotation": {"angle": 22.5, "axis": "x", "origin": [0.78, 1.8, 8]},
			"faces": {
				"north": {"uv": [16, 0, 0, 16], "texture": "#1_0"},
				"east": {"uv": [16, 0, 0, 16], "texture": "#1_0"},
				"south": {"uv": [16, 0, 0, 16], "texture": "#1_0"},
				"west": {"uv": [16, 0, 0, 16], "texture": "#1_0"},
				"up": {"uv": [16, 0, 0, 16], "texture": "#1_0"},
				"down": {"uv": [16, 0, 0, 16], "texture": "#1_0"}
			}
		},
		{
			"name": "Cube",
			"from": [0.685, -2.76, 7.04],
			"to": [0.875, -2.52, 8.96],
			"rotation": {"angle": 0, "axis": "x", "origin": [0.5425, -6.48, 8]},
			"faces": {
				"north": {"uv": [16, 0, 0, 16], "texture": "#1_0"},
				"east": {"uv": [16, 0, 0, 16], "texture": "#1_0"},
				"south": {"uv": [16, 0, 0, 16], "texture": "#1_0"},
				"west": {"uv": [16, 0, 0, 16], "texture": "#1_0"},
				"up": {"uv": [16, 0, 0, 16], "texture": "#1_0"},
				"down": {"uv": [16, 0, 0, 16], "texture": "#1_0"}
			}
		},
		{
			"name": "Cube",
			"from": [0.685, -2.76, 7.04],
			"to": [0.875, -2.52, 8.96],
			"rotation": {"angle": -22.5, "axis": "x", "origin": [0.78, 1.8, 8]},
			"faces": {
				"north": {"uv": [16, 0, 0, 16], "rotation": 180, "texture": "#1_0"},
				"east": {"uv": [16, 0, 0, 16], "rotation": 180, "texture": "#1_0"},
				"south": {"uv": [16, 0, 0, 16], "rotation": 180, "texture": "#1_0"},
				"west": {"uv": [16, 0, 0, 16], "rotation": 180, "texture": "#1_0"},
				"up": {"uv": [16, 0, 0, 16], "texture": "#1_0"},
				"down": {"uv": [16, 0, 0, 16], "texture": "#1_0"}
			}
		},
		{
			"name": "Cube",
			"from": [0.685, 0.84, 12.32],
			"to": [0.875, 2.76, 12.56],
			"rotation": {"angle": 45, "axis": "x", "origin": [0.78, 1.8, 8]},
			"faces": {
				"north": {"uv": [16, 0, 0, 16], "rotation": 180, "texture": "#1_0"},
				"east": {"uv": [0, 16, 16, 0], "rotation": 90, "texture": "#1_0"},
				"south": {"uv": [16, 0, 0, 16], "texture": "#1_0"},
				"west": {"uv": [0, 16, 16, 0], "rotation": 270, "texture": "#1_0"},
				"up": {"uv": [16, 0, 0, 16], "rotation": 180, "texture": "#1_0"},
				"down": {"uv": [16, 0, 0, 16], "texture": "#1_0"}
			}
		},
		{
			"name": "Cube",
			"from": [-1.125, 5.62, 7.16],
			"to": [-1.06, 5.92, 8.84],
			"rotation": {"angle": 0, "axis": "x", "origin": [-0.7925, 1.8, 8]},
			"faces": {
				"north": {"uv": [16, 0, 0, 16], "texture": "#3"},
				"east": {"uv": [16, 0, 0, 16], "texture": "#3"},
				"south": {"uv": [16, 0, 0, 16], "texture": "#3"},
				"west": {"uv": [0, 0, 16, 16], "texture": "#3"},
				"up": {"uv": [16, 0, 0, 16], "texture": "#3"},
				"down": {"uv": [16, 0, 0, 16], "texture": "#3"}
			}
		},
		{
			"name": "Cube",
			"from": [17.06, 5.62, 7.16],
			"to": [17.125, 5.92, 8.84],
			"rotation": {"angle": 0, "axis": "x", "origin": [16.7925, 1.8, 8]},
			"faces": {
				"north": {"uv": [0, 0, 16, 16], "texture": "#3"},
				"east": {"uv": [16, 0, 0, 16], "texture": "#3"},
				"south": {"uv": [0, 0, 16, 16], "texture": "#3"},
				"west": {"uv": [0, 0, 16, 16], "texture": "#3"},
				"up": {"uv": [0, 0, 16, 16], "texture": "#3"},
				"down": {"uv": [0, 0, 16, 16], "texture": "#3"}
			}
		},
		{
			"name": "Cube",
			"from": [-1.125, 5.62, 7.16],
			"to": [-1.06, 5.92, 8.84],
			"rotation": {"angle": 22.5, "axis": "x", "origin": [-0.7925, 1.8, 8]},
			"faces": {
				"north": {"uv": [16, 0, 0, 16], "texture": "#3"},
				"east": {"uv": [16, 0, 0, 16], "texture": "#3"},
				"south": {"uv": [16, 0, 0, 16], "texture": "#3"},
				"west": {"uv": [0, 0, 16, 16], "texture": "#3"},
				"up": {"uv": [16, 0, 0, 16], "texture": "#3"},
				"down": {"uv": [16, 0, 0, 16], "texture": "#3"}
			}
		},
		{
			"name": "Cube",
			"from": [17.06, 5.62, 7.16],
			"to": [17.125, 5.92, 8.84],
			"rotation": {"angle": 22.5, "axis": "x", "origin": [16.7925, 1.8, 8]},
			"faces": {
				"north": {"uv": [0, 0, 16, 16], "texture": "#3"},
				"east": {"uv": [16, 0, 0, 16], "texture": "#3"},
				"south": {"uv": [0, 0, 16, 16], "texture": "#3"},
				"west": {"uv": [0, 0, 16, 16], "texture": "#3"},
				"up": {"uv": [0, 0, 16, 16], "texture": "#3"},
				"down": {"uv": [0, 0, 16, 16], "texture": "#3"}
			}
		},
		{
			"name": "Cube",
			"from": [-1.125, 5.62, 7.16],
			"to": [-1.06, 5.92, 8.84],
			"rotation": {"angle": 45, "axis": "x", "origin": [-0.7925, 1.8, 8]},
			"faces": {
				"north": {"uv": [16, 0, 0, 16], "texture": "#3"},
				"east": {"uv": [16, 0, 0, 16], "texture": "#3"},
				"south": {"uv": [16, 0, 0, 16], "texture": "#3"},
				"west": {"uv": [0, 0, 16, 16], "texture": "#3"},
				"up": {"uv": [16, 0, 0, 16], "texture": "#3"},
				"down": {"uv": [16, 0, 0, 16], "texture": "#3"}
			}
		},
		{
			"name": "Cube",
			"from": [17.06, 5.62, 7.16],
			"to": [17.125, 5.92, 8.84],
			"rotation": {"angle": 45, "axis": "x", "origin": [16.7925, 1.8, 8]},
			"faces": {
				"north": {"uv": [0, 0, 16, 16], "texture": "#3"},
				"east": {"uv": [16, 0, 0, 16], "texture": "#3"},
				"south": {"uv": [0, 0, 16, 16], "texture": "#3"},
				"west": {"uv": [0, 0, 16, 16], "texture": "#3"},
				"up": {"uv": [0, 0, 16, 16], "texture": "#3"},
				"down": {"uv": [0, 0, 16, 16], "texture": "#3"}
			}
		},
		{
			"name": "Cube",
			"from": [-1.125, 0.96, 11.82],
			"to": [-1.06, 2.64, 12.12],
			"rotation": {"angle": -22.5, "axis": "x", "origin": [-0.7925, 1.8, 8]},
			"faces": {
				"north": {"uv": [16, 0, 0, 16], "rotation": 180, "texture": "#3"},
				"east": {"uv": [16, 0, 0, 16], "rotation": 270, "texture": "#3"},
				"south": {"uv": [16, 0, 0, 16], "texture": "#3"},
				"west": {"uv": [0, 0, 16, 16], "rotation": 90, "texture": "#3"},
				"up": {"uv": [16, 0, 0, 16], "rotation": 180, "texture": "#3"},
				"down": {"uv": [16, 0, 0, 16], "texture": "#3"}
			}
		},
		{
			"name": "Cube",
			"from": [17.06, 0.96, 11.82],
			"to": [17.125, 2.64, 12.12],
			"rotation": {"angle": -22.5, "axis": "x", "origin": [16.7925, 1.8, 8]},
			"faces": {
				"north": {"uv": [0, 0, 16, 16], "rotation": 180, "texture": "#3"},
				"east": {"uv": [0, 16, 16, 0], "rotation": 90, "texture": "#3"},
				"south": {"uv": [0, 0, 16, 16], "texture": "#3"},
				"west": {"uv": [16, 16, 0, 0], "rotation": 270, "texture": "#3"},
				"up": {"uv": [0, 0, 16, 16], "rotation": 180, "texture": "#3"},
				"down": {"uv": [0, 0, 16, 16], "texture": "#3"}
			}
		},
		{
			"name": "Cube",
			"from": [-1.125, 0.96, 11.82],
			"to": [-1.06, 2.64, 12.12],
			"rotation": {"angle": 0, "axis": "x", "origin": [-0.7925, 1.8, 8]},
			"faces": {
				"north": {"uv": [16, 0, 0, 16], "rotation": 180, "texture": "#3"},
				"east": {"uv": [16, 0, 0, 16], "rotation": 270, "texture": "#3"},
				"south": {"uv": [16, 0, 0, 16], "texture": "#3"},
				"west": {"uv": [0, 0, 16, 16], "rotation": 90, "texture": "#3"},
				"up": {"uv": [16, 0, 0, 16], "rotation": 180, "texture": "#3"},
				"down": {"uv": [16, 0, 0, 16], "texture": "#3"}
			}
		},
		{
			"name": "Cube",
			"from": [17.06, 0.96, 11.82],
			"to": [17.125, 2.64, 12.12],
			"rotation": {"angle": 0, "axis": "x", "origin": [16.7925, 1.8, 8]},
			"faces": {
				"north": {"uv": [0, 0, 16, 16], "rotation": 180, "texture": "#3"},
				"east": {"uv": [0, 16, 16, 0], "rotation": 90, "texture": "#3"},
				"south": {"uv": [0, 0, 16, 16], "texture": "#3"},
				"west": {"uv": [16, 16, 0, 0], "rotation": 270, "texture": "#3"},
				"up": {"uv": [0, 0, 16, 16], "rotation": 180, "texture": "#3"},
				"down": {"uv": [0, 0, 16, 16], "texture": "#3"}
			}
		},
		{
			"name": "Cube",
			"from": [-1.125, 0.96, 11.82],
			"to": [-1.06, 2.64, 12.12],
			"rotation": {"angle": 22.5, "axis": "x", "origin": [-0.7925, 1.8, 8]},
			"faces": {
				"north": {"uv": [16, 0, 0, 16], "rotation": 180, "texture": "#3"},
				"east": {"uv": [16, 0, 0, 16], "rotation": 270, "texture": "#3"},
				"south": {"uv": [16, 0, 0, 16], "texture": "#3"},
				"west": {"uv": [0, 0, 16, 16], "rotation": 90, "texture": "#3"},
				"up": {"uv": [16, 0, 0, 16], "rotation": 180, "texture": "#3"},
				"down": {"uv": [16, 0, 0, 16], "texture": "#3"}
			}
		},
		{
			"name": "Cube",
			"from": [17.06, 0.96, 11.82],
			"to": [17.125, 2.64, 12.12],
			"rotation": {"angle": 22.5, "axis": "x", "origin": [16.7925, 1.8, 8]},
			"faces": {
				"north": {"uv": [0, 0, 16, 16], "rotation": 180, "texture": "#3"},
				"east": {"uv": [0, 16, 16, 0], "rotation": 90, "texture": "#3"},
				"south": {"uv": [0, 0, 16, 16], "texture": "#3"},
				"west": {"uv": [16, 16, 0, 0], "rotation": 270, "texture": "#3"},
				"up": {"uv": [0, 0, 16, 16], "rotation": 180, "texture": "#3"},
				"down": {"uv": [0, 0, 16, 16], "texture": "#3"}
			}
		},
		{
			"name": "Cube",
			"from": [-1.125, 0.96, 11.82],
			"to": [-1.06, 2.64, 12.12],
			"rotation": {"angle": 45, "axis": "x", "origin": [-0.7925, 1.8, 8]},
			"faces": {
				"north": {"uv": [16, 0, 0, 16], "rotation": 180, "texture": "#3"},
				"east": {"uv": [16, 0, 0, 16], "rotation": 270, "texture": "#3"},
				"south": {"uv": [16, 0, 0, 16], "texture": "#3"},
				"west": {"uv": [0, 0, 16, 16], "rotation": 90, "texture": "#3"},
				"up": {"uv": [16, 0, 0, 16], "rotation": 180, "texture": "#3"},
				"down": {"uv": [16, 0, 0, 16], "texture": "#3"}
			}
		},
		{
			"name": "Cube",
			"from": [17.06, 0.96, 11.82],
			"to": [17.125, 2.64, 12.12],
			"rotation": {"angle": 45, "axis": "x", "origin": [16.7925, 1.8, 8]},
			"faces": {
				"north": {"uv": [0, 0, 16, 16], "rotation": 180, "texture": "#3"},
				"east": {"uv": [0, 16, 16, 0], "rotation": 90, "texture": "#3"},
				"south": {"uv": [0, 0, 16, 16], "texture": "#3"},
				"west": {"uv": [16, 16, 0, 0], "rotation": 270, "texture": "#3"},
				"up": {"uv": [0, 0, 16, 16], "rotation": 180, "texture": "#3"},
				"down": {"uv": [0, 0, 16, 16], "texture": "#3"}
			}
		},
		{
			"name": "Cube",
			"from": [-1.125, -2.32, 7.16],
			"to": [-1.06, -2.02, 8.84],
			"rotation": {"angle": -22.5, "axis": "x", "origin": [-0.7925, 1.8, 8]},
			"faces": {
				"north": {"uv": [16, 0, 0, 16], "rotation": 180, "texture": "#3"},
				"east": {"uv": [16, 0, 0, 16], "rotation": 180, "texture": "#3"},
				"south": {"uv": [16, 0, 0, 16], "rotation": 180, "texture": "#3"},
				"west": {"uv": [0, 0, 16, 16], "rotation": 180, "texture": "#3"},
				"up": {"uv": [16, 0, 0, 16], "texture": "#3"},
				"down": {"uv": [16, 0, 0, 16], "texture": "#3"}
			}
		},
		{
			"name": "Cube",
			"from": [17.06, -2.32, 7.16],
			"to": [17.125, -2.02, 8.84],
			"rotation": {"angle": -22.5, "axis": "x", "origin": [16.7925, 1.8, 8]},
			"faces": {
				"north": {"uv": [0, 0, 16, 16], "rotation": 180, "texture": "#3"},
				"east": {"uv": [16, 0, 0, 16], "rotation": 180, "texture": "#3"},
				"south": {"uv": [0, 0, 16, 16], "rotation": 180, "texture": "#3"},
				"west": {"uv": [0, 0, 16, 16], "rotation": 180, "texture": "#3"},
				"up": {"uv": [0, 0, 16, 16], "texture": "#3"},
				"down": {"uv": [0, 0, 16, 16], "texture": "#3"}
			}
		},
		{
			"name": "Cube",
			"from": [-1.125, -2.32, 7.16],
			"to": [-1.06, -2.02, 8.84],
			"rotation": {"angle": 0, "axis": "x", "origin": [-0.7925, 1.8, 8]},
			"faces": {
				"north": {"uv": [16, 0, 0, 16], "rotation": 180, "texture": "#3"},
				"east": {"uv": [16, 0, 0, 16], "rotation": 180, "texture": "#3"},
				"south": {"uv": [16, 0, 0, 16], "rotation": 180, "texture": "#3"},
				"west": {"uv": [0, 0, 16, 16], "rotation": 180, "texture": "#3"},
				"up": {"uv": [16, 0, 0, 16], "texture": "#3"},
				"down": {"uv": [16, 0, 0, 16], "texture": "#3"}
			}
		},
		{
			"name": "Cube",
			"from": [17.06, -2.32, 7.16],
			"to": [17.125, -2.02, 8.84],
			"rotation": {"angle": 0, "axis": "x", "origin": [16.7925, 1.8, 8]},
			"faces": {
				"north": {"uv": [0, 0, 16, 16], "rotation": 180, "texture": "#3"},
				"east": {"uv": [16, 0, 0, 16], "rotation": 180, "texture": "#3"},
				"south": {"uv": [0, 0, 16, 16], "rotation": 180, "texture": "#3"},
				"west": {"uv": [0, 0, 16, 16], "rotation": 180, "texture": "#3"},
				"up": {"uv": [0, 0, 16, 16], "texture": "#3"},
				"down": {"uv": [0, 0, 16, 16], "texture": "#3"}
			}
		},
		{
			"name": "Cube",
			"from": [-1.125, -2.32, 7.16],
			"to": [-1.06, -2.02, 8.84],
			"rotation": {"angle": 22.5, "axis": "x", "origin": [-0.7925, 1.8, 8]},
			"faces": {
				"north": {"uv": [16, 0, 0, 16], "rotation": 180, "texture": "#3"},
				"east": {"uv": [16, 0, 0, 16], "rotation": 180, "texture": "#3"},
				"south": {"uv": [16, 0, 0, 16], "rotation": 180, "texture": "#3"},
				"west": {"uv": [0, 0, 16, 16], "rotation": 180, "texture": "#3"},
				"up": {"uv": [16, 0, 0, 16], "texture": "#3"},
				"down": {"uv": [16, 0, 0, 16], "texture": "#3"}
			}
		},
		{
			"name": "Cube",
			"from": [17.06, -2.32, 7.16],
			"to": [17.125, -2.02, 8.84],
			"rotation": {"angle": 22.5, "axis": "x", "origin": [16.7925, 1.8, 8]},
			"faces": {
				"north": {"uv": [0, 0, 16, 16], "rotation": 180, "texture": "#3"},
				"east": {"uv": [16, 0, 0, 16], "rotation": 180, "texture": "#3"},
				"south": {"uv": [0, 0, 16, 16], "rotation": 180, "texture": "#3"},
				"west": {"uv": [0, 0, 16, 16], "rotation": 180, "texture": "#3"},
				"up": {"uv": [0, 0, 16, 16], "texture": "#3"},
				"down": {"uv": [0, 0, 16, 16], "texture": "#3"}
			}
		},
		{
			"name": "Cube",
			"from": [-1.125, -2.32, 7.16],
			"to": [-1.06, -2.02, 8.84],
			"rotation": {"angle": 45, "axis": "x", "origin": [-0.7925, 1.8, 8]},
			"faces": {
				"north": {"uv": [16, 0, 0, 16], "rotation": 180, "texture": "#3"},
				"east": {"uv": [16, 0, 0, 16], "rotation": 180, "texture": "#3"},
				"south": {"uv": [16, 0, 0, 16], "rotation": 180, "texture": "#3"},
				"west": {"uv": [0, 0, 16, 16], "rotation": 180, "texture": "#3"},
				"up": {"uv": [16, 0, 0, 16], "texture": "#3"},
				"down": {"uv": [16, 0, 0, 16], "texture": "#3"}
			}
		},
		{
			"name": "Cube",
			"from": [17.06, -2.32, 7.16],
			"to": [17.125, -2.02, 8.84],
			"rotation": {"angle": 45, "axis": "x", "origin": [16.7925, 1.8, 8]},
			"faces": {
				"north": {"uv": [0, 0, 16, 16], "rotation": 180, "texture": "#3"},
				"east": {"uv": [16, 0, 0, 16], "rotation": 180, "texture": "#3"},
				"south": {"uv": [0, 0, 16, 16], "rotation": 180, "texture": "#3"},
				"west": {"uv": [0, 0, 16, 16], "rotation": 180, "texture": "#3"},
				"up": {"uv": [0, 0, 16, 16], "texture": "#3"},
				"down": {"uv": [0, 0, 16, 16], "texture": "#3"}
			}
		},
		{
			"name": "Cube",
			"from": [-1.125, 0.96, 3.88],
			"to": [-1.06, 2.64, 4.18],
			"rotation": {"angle": -22.5, "axis": "x", "origin": [-0.7925, 1.8, 8]},
			"faces": {
				"north": {"uv": [16, 0, 0, 16], "rotation": 180, "texture": "#3"},
				"east": {"uv": [16, 0, 0, 16], "rotation": 90, "texture": "#3"},
				"south": {"uv": [16, 0, 0, 16], "texture": "#3"},
				"west": {"uv": [0, 0, 16, 16], "rotation": 270, "texture": "#3"},
				"up": {"uv": [16, 0, 0, 16], "texture": "#3"},
				"down": {"uv": [16, 0, 0, 16], "rotation": 180, "texture": "#3"}
			}
		},
		{
			"name": "Cube",
			"from": [17.06, 0.96, 3.88],
			"to": [17.125, 2.64, 4.18],
			"rotation": {"angle": -22.5, "axis": "x", "origin": [16.7925, 1.8, 8]},
			"faces": {
				"north": {"uv": [0, 0, 16, 16], "rotation": 180, "texture": "#3"},
				"east": {"uv": [0, 16, 16, 0], "rotation": 270, "texture": "#3"},
				"south": {"uv": [0, 0, 16, 16], "texture": "#3"},
				"west": {"uv": [16, 16, 0, 0], "rotation": 90, "texture": "#3"},
				"up": {"uv": [0, 0, 16, 16], "texture": "#3"},
				"down": {"uv": [0, 0, 16, 16], "rotation": 180, "texture": "#3"}
			}
		},
		{
			"name": "Cube",
			"from": [-1.125, 0.96, 3.88],
			"to": [-1.06, 2.64, 4.18],
			"rotation": {"angle": 0, "axis": "x", "origin": [-0.7925, 1.8, 8]},
			"faces": {
				"north": {"uv": [16, 0, 0, 16], "rotation": 180, "texture": "#3"},
				"east": {"uv": [16, 0, 0, 16], "rotation": 90, "texture": "#3"},
				"south": {"uv": [16, 0, 0, 16], "texture": "#3"},
				"west": {"uv": [0, 0, 16, 16], "rotation": 270, "texture": "#3"},
				"up": {"uv": [16, 0, 0, 16], "texture": "#3"},
				"down": {"uv": [16, 0, 0, 16], "rotation": 180, "texture": "#3"}
			}
		},
		{
			"name": "Cube",
			"from": [17.06, 0.96, 3.88],
			"to": [17.125, 2.64, 4.18],
			"rotation": {"angle": 0, "axis": "x", "origin": [16.7925, 1.8, 8]},
			"faces": {
				"north": {"uv": [0, 0, 16, 16], "rotation": 180, "texture": "#3"},
				"east": {"uv": [0, 16, 16, 0], "rotation": 270, "texture": "#3"},
				"south": {"uv": [0, 0, 16, 16], "texture": "#3"},
				"west": {"uv": [16, 16, 0, 0], "rotation": 90, "texture": "#3"},
				"up": {"uv": [0, 0, 16, 16], "texture": "#3"},
				"down": {"uv": [0, 0, 16, 16], "rotation": 180, "texture": "#3"}
			}
		},
		{
			"name": "Cube",
			"from": [-1.125, 0.96, 3.88],
			"to": [-1.06, 2.64, 4.18],
			"rotation": {"angle": 22.5, "axis": "x", "origin": [-0.7925, 1.8, 8]},
			"faces": {
				"north": {"uv": [16, 0, 0, 16], "rotation": 180, "texture": "#3"},
				"east": {"uv": [16, 0, 0, 16], "rotation": 90, "texture": "#3"},
				"south": {"uv": [16, 0, 0, 16], "texture": "#3"},
				"west": {"uv": [0, 0, 16, 16], "rotation": 270, "texture": "#3"},
				"up": {"uv": [16, 0, 0, 16], "texture": "#3"},
				"down": {"uv": [16, 0, 0, 16], "rotation": 180, "texture": "#3"}
			}
		},
		{
			"name": "Cube",
			"from": [17.06, 0.96, 3.88],
			"to": [17.125, 2.64, 4.18],
			"rotation": {"angle": 22.5, "axis": "x", "origin": [16.7925, 1.8, 8]},
			"faces": {
				"north": {"uv": [0, 0, 16, 16], "rotation": 180, "texture": "#3"},
				"east": {"uv": [0, 16, 16, 0], "rotation": 270, "texture": "#3"},
				"south": {"uv": [0, 0, 16, 16], "texture": "#3"},
				"west": {"uv": [16, 16, 0, 0], "rotation": 90, "texture": "#3"},
				"up": {"uv": [0, 0, 16, 16], "texture": "#3"},
				"down": {"uv": [0, 0, 16, 16], "rotation": 180, "texture": "#3"}
			}
		},
		{
			"name": "Cube",
			"from": [-1.125, 0.96, 3.88],
			"to": [-1.06, 2.64, 4.18],
			"rotation": {"angle": 45, "axis": "x", "origin": [-0.7925, 1.8, 8]},
			"faces": {
				"north": {"uv": [16, 0, 0, 16], "rotation": 180, "texture": "#3"},
				"east": {"uv": [16, 0, 0, 16], "rotation": 90, "texture": "#3"},
				"south": {"uv": [16, 0, 0, 16], "texture": "#3"},
				"west": {"uv": [0, 0, 16, 16], "rotation": 270, "texture": "#3"},
				"up": {"uv": [16, 0, 0, 16], "texture": "#3"},
				"down": {"uv": [16, 0, 0, 16], "rotation": 180, "texture": "#3"}
			}
		},
		{
			"name": "Cube",
			"from": [17.06, 0.96, 3.88],
			"to": [17.125, 2.64, 4.18],
			"rotation": {"angle": 45, "axis": "x", "origin": [16.7925, 1.8, 8]},
			"faces": {
				"north": {"uv": [0, 0, 16, 16], "rotation": 180, "texture": "#3"},
				"east": {"uv": [0, 16, 16, 0], "rotation": 270, "texture": "#3"},
				"south": {"uv": [0, 0, 16, 16], "texture": "#3"},
				"west": {"uv": [16, 16, 0, 0], "rotation": 90, "texture": "#3"},
				"up": {"uv": [0, 0, 16, 16], "texture": "#3"},
				"down": {"uv": [0, 0, 16, 16], "rotation": 180, "texture": "#3"}
			}
		},
		{
			"name": "Cube",
			"from": [-1.125, 5.62, 7.16],
			"to": [-1.06, 5.92, 8.84],
			"rotation": {"angle": -22.5, "axis": "x", "origin": [-0.7925, 1.8, 8]},
			"faces": {
				"north": {"uv": [16, 0, 0, 16], "texture": "#3"},
				"east": {"uv": [16, 0, 0, 16], "texture": "#3"},
				"south": {"uv": [16, 0, 0, 16], "texture": "#3"},
				"west": {"uv": [0, 0, 16, 16], "texture": "#3"},
				"up": {"uv": [16, 0, 0, 16], "texture": "#3"},
				"down": {"uv": [16, 0, 0, 16], "texture": "#3"}
			}
		},
		{
			"name": "Cube",
			"from": [17.06, 5.62, 7.16],
			"to": [17.125, 5.92, 8.84],
			"rotation": {"angle": -22.5, "axis": "x", "origin": [16.7925, 1.8, 8]},
			"faces": {
				"north": {"uv": [0, 0, 16, 16], "texture": "#3"},
				"east": {"uv": [16, 0, 0, 16], "texture": "#3"},
				"south": {"uv": [0, 0, 16, 16], "texture": "#3"},
				"west": {"uv": [0, 0, 16, 16], "texture": "#3"},
				"up": {"uv": [0, 0, 16, 16], "texture": "#3"},
				"down": {"uv": [0, 0, 16, 16], "texture": "#3"}
			}
		},
		{
			"name": "Cube",
			"from": [-1.025, 5.52, 7.16],
			"to": [0.74, 6.12, 8.84],
			"rotation": {"angle": 0, "axis": "x", "origin": [-0.6925, 1.8, 8]},
			"faces": {
				"north": {"uv": [16, 0, 0, 16], "texture": "#1_0"},
				"east": {"uv": [16, 0, 0, 16], "texture": "#1_0"},
				"south": {"uv": [16, 0, 0, 16], "texture": "#1_0"},
				"west": {"uv": [16, 0, 0, 16], "texture": "#1_0"},
				"up": {"uv": [16, 0, 0, 16], "texture": "#1_0"},
				"down": {"uv": [16, 0, 0, 16], "texture": "#1_0"}
			}
		},
		{
			"name": "Cube",
			"from": [15.26, 5.52, 7.16],
			"to": [17.025, 6.12, 8.84],
			"rotation": {"angle": -22.5, "axis": "x", "origin": [16.6925, 1.8, 8]},
			"faces": {
				"north": {"uv": [0, 0, 16, 16], "rotation": 180, "texture": "#1_0"},
				"east": {"uv": [0, 0, 16, 16], "rotation": 180, "texture": "#1_0"},
				"south": {"uv": [0, 0, 16, 16], "rotation": 180, "texture": "#1_0"},
				"west": {"uv": [0, 0, 16, 16], "rotation": 180, "texture": "#1_0"},
				"up": {"uv": [0, 0, 16, 16], "texture": "#1_0"},
				"down": {"uv": [0, 0, 16, 16], "texture": "#1_0"}
			}
		},
		{
			"name": "Cube",
			"from": [15.225, -2.42, 7.76],
			"to": [16.36, 6.02, 8.24],
			"rotation": {"angle": 0, "axis": "y", "origin": [15.7425, 1.8, 8]},
			"faces": {
				"north": {"uv": [0, 0, 16, 16], "texture": "#2", "tintindex": 0},
				"east": {"uv": [16, 0, 0, 16], "texture": "#2", "tintindex": 0},
				"south": {"uv": [0, 0, 16, 16], "texture": "#2", "tintindex": 0},
				"west": {"uv": [0, 0, 16, 16], "texture": "#2", "tintindex": 0},
				"up": {"uv": [0, 0, 16, 16], "texture": "#2", "tintindex": 0},
				"down": {"uv": [0, 0, 16, 16], "texture": "#2", "tintindex": 0}
			}
		},
		{
			"name": "Cube",
			"from": [15.225, -2.42, 7.76],
			"to": [16.36, 6.02, 8.24],
			"rotation": {"angle": 22.5, "axis": "x", "origin": [15.7425, 1.8, 8]},
			"faces": {
				"north": {"uv": [0, 0, 16, 16], "texture": "#2", "tintindex": 0},
				"east": {"uv": [16, 0, 0, 16], "texture": "#2", "tintindex": 0},
				"south": {"uv": [0, 0, 16, 16], "texture": "#2", "tintindex": 0},
				"west": {"uv": [0, 0, 16, 16], "texture": "#2", "tintindex": 0},
				"up": {"uv": [0, 0, 16, 16], "texture": "#2", "tintindex": 0},
				"down": {"uv": [0, 0, 16, 16], "texture": "#2", "tintindex": 0}
			}
		},
		{
			"name": "Cube",
			"from": [15.225, -2.42, 7.76],
			"to": [16.36, 6.02, 8.24],
			"rotation": {"angle": 45, "axis": "x", "origin": [15.7425, 1.8, 8]},
			"faces": {
				"north": {"uv": [0, 0, 16, 16], "texture": "#2", "tintindex": 0},
				"east": {"uv": [16, 0, 0, 16], "texture": "#2", "tintindex": 0},
				"south": {"uv": [0, 0, 16, 16], "texture": "#2", "tintindex": 0},
				"west": {"uv": [0, 0, 16, 16], "texture": "#2", "tintindex": 0},
				"up": {"uv": [0, 0, 16, 16], "texture": "#2", "tintindex": 0},
				"down": {"uv": [0, 0, 16, 16], "texture": "#2", "tintindex": 0}
			}
		},
		{
			"name": "Cube",
			"from": [15.225, 1.56, 3.78],
			"to": [16.36, 2.04, 12.22],
			"rotation": {"angle": -22.5, "axis": "x", "origin": [15.7925, 1.8, 8]},
			"faces": {
				"north": {"uv": [0, 0, 16, 16], "rotation": 180, "texture": "#2", "tintindex": 0},
				"east": {"uv": [0, 16, 16, 0], "rotation": 90, "texture": "#2", "tintindex": 0},
				"south": {"uv": [0, 0, 16, 16], "texture": "#2", "tintindex": 0},
				"west": {"uv": [16, 16, 0, 0], "rotation": 270, "texture": "#2", "tintindex": 0},
				"up": {"uv": [0, 0, 16, 16], "rotation": 180, "texture": "#2", "tintindex": 0},
				"down": {"uv": [0, 0, 16, 16], "texture": "#2", "tintindex": 0}
			}
		},
		{
			"name": "Cube",
			"from": [15.225, 1.56, 3.78],
			"to": [16.36, 2.04, 12.22],
			"rotation": {"angle": 0, "axis": "x", "origin": [15.7425, 1.8, 8]},
			"faces": {
				"north": {"uv": [0, 0, 16, 16], "rotation": 180, "texture": "#2", "tintindex": 0},
				"east": {"uv": [0, 16, 16, 0], "rotation": 90, "texture": "#2", "tintindex": 0},
				"south": {"uv": [0, 0, 16, 16], "texture": "#2", "tintindex": 0},
				"west": {"uv": [16, 16, 0, 0], "rotation": 270, "texture": "#2", "tintindex": 0},
				"up": {"uv": [0, 0, 16, 16], "rotation": 180, "texture": "#2", "tintindex": 0},
				"down": {"uv": [0, 0, 16, 16], "texture": "#2", "tintindex": 0}
			}
		},
		{
			"name": "Cube",
			"from": [15.225, 1.56, 3.78],
			"to": [16.36, 2.04, 12.22],
			"rotation": {"angle": 22.5, "axis": "x", "origin": [15.7425, 1.8, 8]},
			"faces": {
				"north": {"uv": [0, 0, 16, 16], "rotation": 180, "texture": "#2", "tintindex": 0},
				"east": {"uv": [0, 16, 16, 0], "rotation": 90, "texture": "#2", "tintindex": 0},
				"south": {"uv": [0, 0, 16, 16], "texture": "#2", "tintindex": 0},
				"west": {"uv": [16, 16, 0, 0], "rotation": 270, "texture": "#2", "tintindex": 0},
				"up": {"uv": [0, 0, 16, 16], "rotation": 180, "texture": "#2", "tintindex": 0},
				"down": {"uv": [0, 0, 16, 16], "texture": "#2", "tintindex": 0}
			}
		},
		{
			"name": "Cube",
			"from": [15.225, 1.56, 3.78],
			"to": [16.36, 2.04, 12.22],
			"rotation": {"angle": 45, "axis": "x", "origin": [15.7425, 1.8, 8]},
			"faces": {
				"north": {"uv": [0, 0, 16, 16], "rotation": 180, "texture": "#2", "tintindex": 0},
				"east": {"uv": [0, 16, 16, 0], "rotation": 90, "texture": "#2", "tintindex": 0},
				"south": {"uv": [0, 0, 16, 16], "texture": "#2", "tintindex": 0},
				"west": {"uv": [16, 16, 0, 0], "rotation": 270, "texture": "#2", "tintindex": 0},
				"up": {"uv": [0, 0, 16, 16], "rotation": 180, "texture": "#2", "tintindex": 0},
				"down": {"uv": [0, 0, 16, 16], "texture": "#2", "tintindex": 0}
			}
		},
		{
			"name": "Cube",
			"from": [15.225, -2.42, 7.76],
			"to": [16.36, 6.02, 8.24],
			"rotation": {"angle": -22.5, "axis": "x", "origin": [15.7425, 1.8, 8]},
			"faces": {
				"north": {"uv": [0, 0, 16, 16], "rotation": 180, "texture": "#2", "tintindex": 0},
				"east": {"uv": [16, 0, 0, 16], "rotation": 180, "texture": "#2", "tintindex": 0},
				"south": {"uv": [0, 0, 16, 16], "rotation": 180, "texture": "#2", "tintindex": 0},
				"west": {"uv": [0, 0, 16, 16], "rotation": 180, "texture": "#2", "tintindex": 0},
				"up": {"uv": [0, 0, 16, 16], "texture": "#2", "tintindex": 0},
				"down": {"uv": [0, 0, 16, 16], "texture": "#2", "tintindex": 0}
			}
		},
		{
			"name": "Cube",
			"from": [15.26, 5.52, 7.16],
			"to": [17.025, 6.12, 8.84],
			"rotation": {"angle": 22.5, "axis": "x", "origin": [16.6925, 1.8, 8]},
			"faces": {
				"north": {"uv": [0, 0, 16, 16], "texture": "#1_0"},
				"east": {"uv": [0, 0, 16, 16], "texture": "#1_0"},
				"south": {"uv": [0, 0, 16, 16], "texture": "#1_0"},
				"west": {"uv": [0, 0, 16, 16], "texture": "#1_0"},
				"up": {"uv": [0, 0, 16, 16], "texture": "#1_0"},
				"down": {"uv": [0, 0, 16, 16], "texture": "#1_0"}
			}
		},
		{
			"name": "Cube",
			"from": [15.26, 5.52, 7.16],
			"to": [17.025, 6.12, 8.84],
			"rotation": {"angle": 45, "axis": "x", "origin": [16.6925, 1.8, 8]},
			"faces": {
				"north": {"uv": [0, 0, 16, 16], "texture": "#1_0"},
				"east": {"uv": [0, 0, 16, 16], "texture": "#1_0"},
				"south": {"uv": [0, 0, 16, 16], "texture": "#1_0"},
				"west": {"uv": [0, 0, 16, 16], "texture": "#1_0"},
				"up": {"uv": [0, 0, 16, 16], "texture": "#1_0"},
				"down": {"uv": [0, 0, 16, 16], "texture": "#1_0"}
			}
		},
		{
			"name": "Cube",
			"from": [15.26, 0.96, 3.68],
			"to": [17.025, 2.64, 4.28],
			"rotation": {"angle": 45, "axis": "x", "origin": [16.6925, 1.8, 8]},
			"faces": {
				"north": {"uv": [0, 0, 16, 16], "rotation": 180, "texture": "#1_0"},
				"east": {"uv": [0, 0, 16, 16], "rotation": 270, "texture": "#1_0"},
				"south": {"uv": [0, 0, 16, 16], "texture": "#1_0"},
				"west": {"uv": [0, 0, 16, 16], "rotation": 90, "texture": "#1_0"},
				"up": {"uv": [0, 0, 16, 16], "rotation": 180, "texture": "#1_0"},
				"down": {"uv": [0, 0, 16, 16], "texture": "#1_0"}
			}
		},
		{
			"name": "Cube",
			"from": [15.26, 0.96, 3.68],
			"to": [17.025, 2.64, 4.28],
			"rotation": {"angle": 22.5, "axis": "x", "origin": [16.6925, 1.8, 8]},
			"faces": {
				"north": {"uv": [0, 0, 16, 16], "rotation": 180, "texture": "#1_0"},
				"east": {"uv": [0, 0, 16, 16], "rotation": 270, "texture": "#1_0"},
				"south": {"uv": [0, 0, 16, 16], "texture": "#1_0"},
				"west": {"uv": [0, 0, 16, 16], "rotation": 90, "texture": "#1_0"},
				"up": {"uv": [0, 0, 16, 16], "rotation": 180, "texture": "#1_0"},
				"down": {"uv": [0, 0, 16, 16], "texture": "#1_0"}
			}
		},
		{
			"name": "Cube",
			"from": [15.26, 0.96, 3.68],
			"to": [17.025, 2.64, 4.28],
			"rotation": {"angle": 0, "axis": "x", "origin": [16.6925, 1.8, 8]},
			"faces": {
				"north": {"uv": [0, 0, 16, 16], "rotation": 180, "texture": "#1_0"},
				"east": {"uv": [0, 0, 16, 16], "rotation": 270, "texture": "#1_0"},
				"south": {"uv": [0, 0, 16, 16], "texture": "#1_0"},
				"west": {"uv": [0, 0, 16, 16], "rotation": 90, "texture": "#1_0"},
				"up": {"uv": [0, 0, 16, 16], "rotation": 180, "texture": "#1_0"},
				"down": {"uv": [0, 0, 16, 16], "texture": "#1_0"}
			}
		},
		{
			"name": "Cube",
			"from": [15.26, 0.96, 3.68],
			"to": [17.025, 2.64, 4.28],
			"rotation": {"angle": -22.5, "axis": "x", "origin": [16.6925, 1.8, 8]},
			"faces": {
				"north": {"uv": [0, 0, 16, 16], "rotation": 180, "texture": "#1_0"},
				"east": {"uv": [0, 0, 16, 16], "rotation": 270, "texture": "#1_0"},
				"south": {"uv": [0, 0, 16, 16], "texture": "#1_0"},
				"west": {"uv": [0, 0, 16, 16], "rotation": 90, "texture": "#1_0"},
				"up": {"uv": [0, 0, 16, 16], "rotation": 180, "texture": "#1_0"},
				"down": {"uv": [0, 0, 16, 16], "texture": "#1_0"}
			}
		},
		{
			"name": "Cube",
			"from": [15.26, -2.52, 7.16],
			"to": [17.025, -1.92, 8.84],
			"rotation": {"angle": 45, "axis": "x", "origin": [16.6925, 1.8, 8]},
			"faces": {
				"north": {"uv": [0, 0, 16, 16], "texture": "#1_0"},
				"east": {"uv": [0, 0, 16, 16], "texture": "#1_0"},
				"south": {"uv": [0, 0, 16, 16], "texture": "#1_0"},
				"west": {"uv": [0, 0, 16, 16], "texture": "#1_0"},
				"up": {"uv": [0, 0, 16, 16], "texture": "#1_0"},
				"down": {"uv": [0, 0, 16, 16], "texture": "#1_0"}
			}
		},
		{
			"name": "Cube",
			"from": [15.26, -2.52, 7.16],
			"to": [17.025, -1.92, 8.84],
			"rotation": {"angle": 0, "axis": "x", "origin": [16.6925, 1.8, 8]},
			"faces": {
				"north": {"uv": [0, 0, 16, 16], "texture": "#1_0"},
				"east": {"uv": [0, 0, 16, 16], "texture": "#1_0"},
				"south": {"uv": [0, 0, 16, 16], "texture": "#1_0"},
				"west": {"uv": [0, 0, 16, 16], "texture": "#1_0"},
				"up": {"uv": [0, 0, 16, 16], "texture": "#1_0"},
				"down": {"uv": [0, 0, 16, 16], "texture": "#1_0"}
			}
		},
		{
			"name": "Cube",
			"from": [15.26, -2.52, 7.16],
			"to": [17.025, -1.92, 8.84],
			"rotation": {"angle": 22.5, "axis": "x", "origin": [16.6925, 1.8, 8]},
			"faces": {
				"north": {"uv": [0, 0, 16, 16], "texture": "#1_0"},
				"east": {"uv": [0, 0, 16, 16], "texture": "#1_0"},
				"south": {"uv": [0, 0, 16, 16], "texture": "#1_0"},
				"west": {"uv": [0, 0, 16, 16], "texture": "#1_0"},
				"up": {"uv": [0, 0, 16, 16], "texture": "#1_0"},
				"down": {"uv": [0, 0, 16, 16], "texture": "#1_0"}
			}
		},
		{
			"name": "Cube",
			"from": [15.26, -2.52, 7.16],
			"to": [17.025, -1.92, 8.84],
			"rotation": {"angle": -22.5, "axis": "x", "origin": [16.6925, 1.8, 8]},
			"faces": {
				"north": {"uv": [0, 0, 16, 16], "rotation": 180, "texture": "#1_0"},
				"east": {"uv": [0, 0, 16, 16], "rotation": 180, "texture": "#1_0"},
				"south": {"uv": [0, 0, 16, 16], "rotation": 180, "texture": "#1_0"},
				"west": {"uv": [0, 0, 16, 16], "rotation": 180, "texture": "#1_0"},
				"up": {"uv": [0, 0, 16, 16], "texture": "#1_0"},
				"down": {"uv": [0, 0, 16, 16], "texture": "#1_0"}
			}
		},
		{
			"name": "Cube",
			"from": [15.26, 0.96, 11.72],
			"to": [17.025, 2.64, 12.32],
			"rotation": {"angle": 45, "axis": "x", "origin": [16.6925, 1.8, 8]},
			"faces": {
				"north": {"uv": [0, 0, 16, 16], "rotation": 180, "texture": "#1_0"},
				"east": {"uv": [0, 0, 16, 16], "rotation": 270, "texture": "#1_0"},
				"south": {"uv": [0, 0, 16, 16], "texture": "#1_0"},
				"west": {"uv": [0, 0, 16, 16], "rotation": 90, "texture": "#1_0"},
				"up": {"uv": [0, 0, 16, 16], "rotation": 180, "texture": "#1_0"},
				"down": {"uv": [0, 0, 16, 16], "texture": "#1_0"}
			}
		},
		{
			"name": "Cube",
			"from": [15.26, 0.96, 11.72],
			"to": [17.025, 2.64, 12.32],
			"rotation": {"angle": 22.5, "axis": "x", "origin": [16.6925, 1.8, 8]},
			"faces": {
				"north": {"uv": [0, 0, 16, 16], "rotation": 180, "texture": "#1_0"},
				"east": {"uv": [0, 0, 16, 16], "rotation": 270, "texture": "#1_0"},
				"south": {"uv": [0, 0, 16, 16], "texture": "#1_0"},
				"west": {"uv": [0, 0, 16, 16], "rotation": 90, "texture": "#1_0"},
				"up": {"uv": [0, 0, 16, 16], "rotation": 180, "texture": "#1_0"},
				"down": {"uv": [0, 0, 16, 16], "texture": "#1_0"}
			}
		},
		{
			"name": "Cube",
			"from": [15.26, 0.96, 11.72],
			"to": [17.025, 2.64, 12.32],
			"rotation": {"angle": 0, "axis": "x", "origin": [16.6925, 1.8, 8]},
			"faces": {
				"north": {"uv": [0, 0, 16, 16], "rotation": 180, "texture": "#1_0"},
				"east": {"uv": [0, 0, 16, 16], "rotation": 270, "texture": "#1_0"},
				"south": {"uv": [0, 0, 16, 16], "texture": "#1_0"},
				"west": {"uv": [0, 0, 16, 16], "rotation": 90, "texture": "#1_0"},
				"up": {"uv": [0, 0, 16, 16], "rotation": 180, "texture": "#1_0"},
				"down": {"uv": [0, 0, 16, 16], "texture": "#1_0"}
			}
		},
		{
			"name": "Cube",
			"from": [15.26, 0.96, 11.72],
			"to": [17.025, 2.64, 12.32],
			"rotation": {"angle": -22.5, "axis": "x", "origin": [16.6925, 1.8, 8]},
			"faces": {
				"north": {"uv": [0, 0, 16, 16], "rotation": 180, "texture": "#1_0"},
				"east": {"uv": [0, 0, 16, 16], "rotation": 270, "texture": "#1_0"},
				"south": {"uv": [0, 0, 16, 16], "texture": "#1_0"},
				"west": {"uv": [0, 0, 16, 16], "rotation": 90, "texture": "#1_0"},
				"up": {"uv": [0, 0, 16, 16], "rotation": 180, "texture": "#1_0"},
				"down": {"uv": [0, 0, 16, 16], "texture": "#1_0"}
			}
		},
		{
			"name": "Cube",
			"from": [15.125, 6.12, 7.04],
			"to": [15.315, 6.36, 8.96],
			"rotation": {"angle": 0, "axis": "x", "origin": [15.4575, 2.4, 8]},
			"faces": {
				"north": {"uv": [0, 0, 16, 16], "texture": "#1_0"},
				"east": {"uv": [0, 0, 16, 16], "texture": "#1_0"},
				"south": {"uv": [0, 0, 16, 16], "texture": "#1_0"},
				"west": {"uv": [0, 0, 16, 16], "texture": "#1_0"},
				"up": {"uv": [0, 0, 16, 16], "texture": "#1_0"},
				"down": {"uv": [0, 0, 16, 16], "texture": "#1_0"}
			}
		},
		{
			"name": "Cube",
			"from": [15.125, 6.12, 7.04],
			"to": [15.315, 6.36, 8.96],
			"rotation": {"angle": -22.5, "axis": "x", "origin": [15.22, 1.8, 8]},
			"faces": {
				"north": {"uv": [0, 0, 16, 16], "rotation": 180, "texture": "#1_0"},
				"east": {"uv": [0, 0, 16, 16], "rotation": 180, "texture": "#1_0"},
				"south": {"uv": [0, 0, 16, 16], "rotation": 180, "texture": "#1_0"},
				"west": {"uv": [0, 0, 16, 16], "rotation": 180, "texture": "#1_0"},
				"up": {"uv": [0, 0, 16, 16], "texture": "#1_0"},
				"down": {"uv": [0, 0, 16, 16], "texture": "#1_0"}
			}
		},
		{
			"name": "Cube",
			"from": [15.125, 6.12, 7.04],
			"to": [15.315, 6.36, 8.96],
			"rotation": {"angle": 22.5, "axis": "x", "origin": [15.22, 1.8, 8]},
			"faces": {
				"north": {"uv": [0, 0, 16, 16], "texture": "#1_0"},
				"east": {"uv": [0, 0, 16, 16], "texture": "#1_0"},
				"south": {"uv": [0, 0, 16, 16], "texture": "#1_0"},
				"west": {"uv": [0, 0, 16, 16], "texture": "#1_0"},
				"up": {"uv": [0, 0, 16, 16], "texture": "#1_0"},
				"down": {"uv": [0, 0, 16, 16], "texture": "#1_0"}
			}
		},
		{
			"name": "Cube",
			"from": [15.125, 6.12, 7.04],
			"to": [15.315, 6.36, 8.96],
			"rotation": {"angle": 45, "axis": "x", "origin": [15.22, 1.8, 8]},
			"faces": {
				"north": {"uv": [0, 0, 16, 16], "texture": "#1_0"},
				"east": {"uv": [0, 0, 16, 16], "texture": "#1_0"},
				"south": {"uv": [0, 0, 16, 16], "texture": "#1_0"},
				"west": {"uv": [0, 0, 16, 16], "texture": "#1_0"},
				"up": {"uv": [0, 0, 16, 16], "texture": "#1_0"},
				"down": {"uv": [0, 0, 16, 16], "texture": "#1_0"}
			}
		},
		{
			"name": "Cube",
			"from": [15.125, 0.84, 12.32],
			"to": [15.315, 2.76, 12.56],
			"rotation": {"angle": -22.5, "axis": "x", "origin": [15.22, 1.8, 8]},
			"faces": {
				"north": {"uv": [0, 0, 16, 16], "rotation": 180, "texture": "#1_0"},
				"east": {"uv": [0, 0, 16, 16], "rotation": 270, "texture": "#1_0"},
				"south": {"uv": [0, 0, 16, 16], "texture": "#1_0"},
				"west": {"uv": [0, 0, 16, 16], "rotation": 90, "texture": "#1_0"},
				"up": {"uv": [0, 0, 16, 16], "rotation": 180, "texture": "#1_0"},
				"down": {"uv": [0, 0, 16, 16], "texture": "#1_0"}
			}
		},
		{
			"name": "Cube",
			"from": [15.125, 0.84, 12.32],
			"to": [15.315, 2.76, 12.56],
			"rotation": {"angle": 0, "axis": "x", "origin": [15.22, 1.8, 8]},
			"faces": {
				"north": {"uv": [0, 0, 16, 16], "rotation": 180, "texture": "#1_0"},
				"east": {"uv": [0, 0, 16, 16], "rotation": 270, "texture": "#1_0"},
				"south": {"uv": [0, 0, 16, 16], "texture": "#1_0"},
				"west": {"uv": [0, 0, 16, 16], "rotation": 90, "texture": "#1_0"},
				"up": {"uv": [0, 0, 16, 16], "rotation": 180, "texture": "#1_0"},
				"down": {"uv": [0, 0, 16, 16], "texture": "#1_0"}
			}
		},
		{
			"name": "Cube",
			"from": [15.125, 0.84, 12.32],
			"to": [15.315, 2.76, 12.56],
			"rotation": {"angle": 22.5, "axis": "x", "origin": [15.22, 1.8, 8]},
			"faces": {
				"north": {"uv": [0, 0, 16, 16], "rotation": 180, "texture": "#1_0"},
				"east": {"uv": [0, 0, 16, 16], "rotation": 270, "texture": "#1_0"},
				"south": {"uv": [0, 0, 16, 16], "texture": "#1_0"},
				"west": {"uv": [0, 0, 16, 16], "rotation": 90, "texture": "#1_0"},
				"up": {"uv": [0, 0, 16, 16], "rotation": 180, "texture": "#1_0"},
				"down": {"uv": [0, 0, 16, 16], "texture": "#1_0"}
			}
		},
		{
			"name": "Cube",
			"from": [15.125, 0.84, 3.44],
			"to": [15.315, 2.76, 3.68],
			"rotation": {"angle": 45, "axis": "x", "origin": [15.22, 1.8, 8]},
			"faces": {
				"north": {"uv": [0, 0, 16, 16], "rotation": 180, "texture": "#1_0"},
				"east": {"uv": [0, 0, 16, 16], "rotation": 270, "texture": "#1_0"},
				"south": {"uv": [0, 0, 16, 16], "texture": "#1_0"},
				"west": {"uv": [0, 0, 16, 16], "rotation": 90, "texture": "#1_0"},
				"up": {"uv": [0, 0, 16, 16], "rotation": 180, "texture": "#1_0"},
				"down": {"uv": [0, 0, 16, 16], "texture": "#1_0"}
			}
		},
		{
			"name": "Cube",
			"from": [15.125, 0.84, 3.44],
			"to": [15.315, 2.76, 3.68],
			"rotation": {"angle": 22.5, "axis": "x", "origin": [15.22, 1.8, 8]},
			"faces": {
				"north": {"uv": [0, 0, 16, 16], "rotation": 180, "texture": "#1_0"},
				"east": {"uv": [0, 0, 16, 16], "rotation": 270, "texture": "#1_0"},
				"south": {"uv": [0, 0, 16, 16], "texture": "#1_0"},
				"west": {"uv": [0, 0, 16, 16], "rotation": 90, "texture": "#1_0"},
				"up": {"uv": [0, 0, 16, 16], "rotation": 180, "texture": "#1_0"},
				"down": {"uv": [0, 0, 16, 16], "texture": "#1_0"}
			}
		},
		{
			"name": "Cube",
			"from": [15.125, 0.84, 3.44],
			"to": [15.315, 2.76, 3.68],
			"rotation": {"angle": 0, "axis": "x", "origin": [15.22, 1.8, 8]},
			"faces": {
				"north": {"uv": [0, 0, 16, 16], "rotation": 180, "texture": "#1_0"},
				"east": {"uv": [0, 0, 16, 16], "rotation": 270, "texture": "#1_0"},
				"south": {"uv": [0, 0, 16, 16], "texture": "#1_0"},
				"west": {"uv": [0, 0, 16, 16], "rotation": 90, "texture": "#1_0"},
				"up": {"uv": [0, 0, 16, 16], "rotation": 180, "texture": "#1_0"},
				"down": {"uv": [0, 0, 16, 16], "texture": "#1_0"}
			}
		},
		{
			"name": "Cube",
			"from": [15.125, 0.84, 3.44],
			"to": [15.315, 2.76, 3.68],
			"rotation": {"angle": -22.5, "axis": "x", "origin": [15.22, 1.8, 8]},
			"faces": {
				"north": {"uv": [0, 0, 16, 16], "rotation": 180, "texture": "#1_0"},
				"east": {"uv": [0, 0, 16, 16], "rotation": 270, "texture": "#1_0"},
				"south": {"uv": [0, 0, 16, 16], "texture": "#1_0"},
				"west": {"uv": [0, 0, 16, 16], "rotation": 90, "texture": "#1_0"},
				"up": {"uv": [0, 0, 16, 16], "rotation": 180, "texture": "#1_0"},
				"down": {"uv": [0, 0, 16, 16], "texture": "#1_0"}
			}
		},
		{
			"name": "Cube",
			"from": [15.125, -2.76, 7.04],
			"to": [15.315, -2.52, 8.96],
			"rotation": {"angle": 45, "axis": "x", "origin": [15.22, 1.8, 8]},
			"faces": {
				"north": {"uv": [0, 0, 16, 16], "texture": "#1_0"},
				"east": {"uv": [0, 0, 16, 16], "texture": "#1_0"},
				"south": {"uv": [0, 0, 16, 16], "texture": "#1_0"},
				"west": {"uv": [0, 0, 16, 16], "texture": "#1_0"},
				"up": {"uv": [0, 0, 16, 16], "texture": "#1_0"},
				"down": {"uv": [0, 0, 16, 16], "texture": "#1_0"}
			}
		},
		{
			"name": "Cube",
			"from": [15.125, -2.76, 7.04],
			"to": [15.315, -2.52, 8.96],
			"rotation": {"angle": 22.5, "axis": "x", "origin": [15.22, 1.8, 8]},
			"faces": {
				"north": {"uv": [0, 0, 16, 16], "texture": "#1_0"},
				"east": {"uv": [0, 0, 16, 16], "texture": "#1_0"},
				"south": {"uv": [0, 0, 16, 16], "texture": "#1_0"},
				"west": {"uv": [0, 0, 16, 16], "texture": "#1_0"},
				"up": {"uv": [0, 0, 16, 16], "texture": "#1_0"},
				"down": {"uv": [0, 0, 16, 16], "texture": "#1_0"}
			}
		},
		{
			"name": "Cube",
			"from": [15.125, -2.76, 7.04],
			"to": [15.315, -2.52, 8.96],
			"rotation": {"angle": 0, "axis": "x", "origin": [15.4575, -6.48, 8]},
			"faces": {
				"north": {"uv": [0, 0, 16, 16], "texture": "#1_0"},
				"east": {"uv": [0, 0, 16, 16], "texture": "#1_0"},
				"south": {"uv": [0, 0, 16, 16], "texture": "#1_0"},
				"west": {"uv": [0, 0, 16, 16], "texture": "#1_0"},
				"up": {"uv": [0, 0, 16, 16], "texture": "#1_0"},
				"down": {"uv": [0, 0, 16, 16], "texture": "#1_0"}
			}
		},
		{
			"name": "Cube",
			"from": [15.125, -2.76, 7.04],
			"to": [15.315, -2.52, 8.96],
			"rotation": {"angle": -22.5, "axis": "x", "origin": [15.22, 1.8, 8]},
			"faces": {
				"north": {"uv": [0, 0, 16, 16], "rotation": 180, "texture": "#1_0"},
				"east": {"uv": [0, 0, 16, 16], "rotation": 180, "texture": "#1_0"},
				"south": {"uv": [0, 0, 16, 16], "rotation": 180, "texture": "#1_0"},
				"west": {"uv": [0, 0, 16, 16], "rotation": 180, "texture": "#1_0"},
				"up": {"uv": [0, 0, 16, 16], "texture": "#1_0"},
				"down": {"uv": [0, 0, 16, 16], "texture": "#1_0"}
			}
		},
		{
			"name": "Cube",
			"from": [15.125, 0.84, 12.32],
			"to": [15.315, 2.76, 12.56],
			"rotation": {"angle": 45, "axis": "x", "origin": [15.22, 1.8, 8]},
			"faces": {
				"north": {"uv": [0, 0, 16, 16], "rotation": 180, "texture": "#1_0"},
				"east": {"uv": [0, 0, 16, 16], "rotation": 270, "texture": "#1_0"},
				"south": {"uv": [0, 0, 16, 16], "texture": "#1_0"},
				"west": {"uv": [0, 0, 16, 16], "rotation": 90, "texture": "#1_0"},
				"up": {"uv": [0, 0, 16, 16], "rotation": 180, "texture": "#1_0"},
				"down": {"uv": [0, 0, 16, 16], "texture": "#1_0"}
			}
		},
		{
			"name": "Cube",
			"from": [15.26, 5.52, 7.16],
			"to": [17.025, 6.12, 8.84],
			"rotation": {"angle": 0, "axis": "x", "origin": [16.6925, 1.8, 8]},
			"faces": {
				"north": {"uv": [0, 0, 16, 16], "texture": "#1_0"},
				"east": {"uv": [0, 0, 16, 16], "texture": "#1_0"},
				"south": {"uv": [0, 0, 16, 16], "texture": "#1_0"},
				"west": {"uv": [0, 0, 16, 16], "texture": "#1_0"},
				"up": {"uv": [0, 0, 16, 16], "texture": "#1_0"},
				"down": {"uv": [0, 0, 16, 16], "texture": "#1_0"}
			}
		},
		{
			"name": "Cube",
			"from": [1.425, 5.92, 3.49504],
			"to": [2.28, 7.84, 12.45504],
			"rotation": {"angle": 0, "axis": "y", "origin": [8.55, 12.4, 22.97504]},
			"faces": {
				"north": {"uv": [16, 0, 0, 2], "texture": "#1"},
				"east": {"uv": [16, 0, 0, 2], "texture": "#1"},
				"south": {"uv": [16, 0, 0, 2], "texture": "#1"},
				"west": {"uv": [16, 0, 0, 2], "texture": "#1"},
				"up": {"uv": [16, 0, 0, 16], "texture": "#1"},
				"down": {"uv": [16, 0, 0, 16], "texture": "#1"}
			}
		},
		{
			"name": "Cube",
			"from": [1.425, 2.32, 3.41504],
			"to": [2.28, 4.24, 12.53504],
			"rotation": {"angle": 0, "axis": "y", "origin": [8.55, 8.8, 22.73504]},
			"faces": {
				"north": {"uv": [16, 0, 0, 2], "texture": "#1"},
				"east": {"uv": [16, 0, 0, 2], "texture": "#1"},
				"south": {"uv": [16, 0, 0, 2], "texture": "#1"},
				"west": {"uv": [16, 0, 0, 2], "texture": "#1"},
				"up": {"uv": [16, 0, 0, 16], "texture": "#1"},
				"down": {"uv": [16, 0, 0, 16], "texture": "#1"}
			}
		},
		{
			"name": "Cube",
			"from": [1.425, 0.42, 5.41504],
			"to": [2.28, 2.34, 10.53504],
			"rotation": {"angle": 0, "axis": "y", "origin": [8.55, 6.9, 22.73504]},
			"faces": {
				"north": {"uv": [16, 0, 0, 2], "texture": "#1"},
				"east": {"uv": [16, 0, 0, 2], "texture": "#1"},
				"south": {"uv": [16, 0, 0, 2], "texture": "#1"},
				"west": {"uv": [16, 0, 0, 2], "texture": "#1"},
				"up": {"uv": [16, 0, 0, 16], "texture": "#1"},
				"down": {"uv": [16, 0, 0, 16], "texture": "#1"}
			}
		},
		{
			"name": "Cube",
			"from": [1.52, 2.53691, 2.27314],
			"to": [2.28, 7.57691, 4.91314],
			"rotation": {"angle": 0, "axis": "x", "origin": [1.9, 5.05691, 3.59314]},
			"faces": {
				"north": {"uv": [16, 0, 0, 2], "texture": "#1"},
				"east": {"uv": [16, 0, 0, 2], "texture": "#1"},
				"south": {"uv": [16, 0, 0, 2], "texture": "#1"},
				"west": {"uv": [16, 0, 0, 2], "texture": "#1"},
				"up": {"uv": [16, 0, 0, 16], "texture": "#1"},
				"down": {"uv": [16, 0, 0, 16], "texture": "#1"}
			}
		},
		{
			"name": "Cube",
			"from": [1.52, 2.53691, 11.08686],
			"to": [2.28, 7.57691, 13.72686],
			"rotation": {"angle": 0, "axis": "x", "origin": [1.9, 5.05691, 12.40686]},
			"faces": {
				"north": {"uv": [0, 0, 16, 2], "texture": "#1"},
				"east": {"uv": [0, 0, 16, 2], "texture": "#1"},
				"south": {"uv": [0, 0, 16, 2], "texture": "#1"},
				"west": {"uv": [0, 0, 16, 2], "texture": "#1"},
				"up": {"uv": [16, 16, 0, 0], "texture": "#1"},
				"down": {"uv": [16, 16, 0, 0], "texture": "#1"}
			}
		},
		{
			"name": "Cube",
			"from": [1.045, 5.68, 8.33504],
			"to": [2.375, 5.92, 10.13504],
			"rotation": {"angle": 0, "axis": "y", "origin": [8.55, 11.08, 20.69504]},
			"faces": {
				"north": {"uv": [16, 0, 0, 16], "texture": "#1_0"},
				"east": {"uv": [16, 0, 0, 16], "texture": "#1_0"},
				"south": {"uv": [16, 0, 0, 16], "texture": "#1_0"},
				"west": {"uv": [16, 0, 0, 16], "texture": "#1_0"},
				"up": {"uv": [16, 0, 0, 16], "texture": "#1_0"},
				"down": {"uv": [16, 0, 0, 16], "texture": "#1_0"}
			}
		},
		{
			"name": "Cube",
			"from": [1.045, 5.68, 5.81504],
			"to": [2.375, 5.92, 7.61504],
			"rotation": {"angle": 0, "axis": "y", "origin": [8.55, 11.08, 18.05504]},
			"faces": {
				"north": {"uv": [16, 0, 0, 16], "texture": "#1_0"},
				"east": {"uv": [16, 0, 0, 16], "texture": "#1_0"},
				"south": {"uv": [16, 0, 0, 16], "texture": "#1_0"},
				"west": {"uv": [16, 0, 0, 16], "texture": "#1_0"},
				"up": {"uv": [16, 0, 0, 16], "texture": "#1_0"},
				"down": {"uv": [16, 0, 0, 16], "texture": "#1_0"}
			}
		},
		{
			"name": "Cube",
			"from": [1.045, 5.32, 5.81504],
			"to": [2.375, 5.56, 7.61504],
			"rotation": {"angle": 0, "axis": "y", "origin": [8.55, 10.72, 18.05504]},
			"faces": {
				"north": {"uv": [16, 0, 0, 16], "texture": "#1_0"},
				"east": {"uv": [16, 0, 0, 16], "texture": "#1_0"},
				"south": {"uv": [16, 0, 0, 16], "texture": "#1_0"},
				"west": {"uv": [16, 0, 0, 16], "texture": "#1_0"},
				"up": {"uv": [16, 0, 0, 16], "texture": "#1_0"},
				"down": {"uv": [16, 0, 0, 16], "texture": "#1_0"}
			}
		},
		{
			"name": "Cube",
			"from": [1.045, 4.96, 5.81504],
			"to": [2.375, 5.2, 7.61504],
			"rotation": {"angle": 0, "axis": "y", "origin": [8.55, 10.36, 18.05504]},
			"faces": {
				"north": {"uv": [16, 0, 0, 16], "texture": "#1_0"},
				"east": {"uv": [16, 0, 0, 16], "texture": "#1_0"},
				"south": {"uv": [16, 0, 0, 16], "texture": "#1_0"},
				"west": {"uv": [16, 0, 0, 16], "texture": "#1_0"},
				"up": {"uv": [16, 0, 0, 16], "texture": "#1_0"},
				"down": {"uv": [16, 0, 0, 16], "texture": "#1_0"}
			}
		},
		{
			"name": "Cube",
			"from": [1.045, 4.6, 5.81504],
			"to": [2.375, 4.84, 7.61504],
			"rotation": {"angle": 0, "axis": "y", "origin": [8.55, 10, 18.05504]},
			"faces": {
				"north": {"uv": [16, 0, 0, 16], "texture": "#1_0"},
				"east": {"uv": [16, 0, 0, 16], "texture": "#1_0"},
				"south": {"uv": [16, 0, 0, 16], "texture": "#1_0"},
				"west": {"uv": [16, 0, 0, 16], "texture": "#1_0"},
				"up": {"uv": [16, 0, 0, 16], "texture": "#1_0"},
				"down": {"uv": [16, 0, 0, 16], "texture": "#1_0"}
			}
		},
		{
			"name": "Cube",
			"from": [1.045, 4.24, 5.81504],
			"to": [2.375, 4.48, 7.61504],
			"rotation": {"angle": 0, "axis": "y", "origin": [8.55, 9.64, 18.05504]},
			"faces": {
				"north": {"uv": [16, 0, 0, 16], "texture": "#1_0"},
				"east": {"uv": [16, 0, 0, 16], "texture": "#1_0"},
				"south": {"uv": [16, 0, 0, 16], "texture": "#1_0"},
				"west": {"uv": [16, 0, 0, 16], "texture": "#1_0"},
				"up": {"uv": [16, 0, 0, 16], "texture": "#1_0"},
				"down": {"uv": [16, 0, 0, 16], "texture": "#1_0"}
			}
		},
		{
			"name": "Cube",
			"from": [1.235, 4.24, 6.05504],
			"to": [2.185, 5.92, 7.37504],
			"rotation": {"angle": 0, "axis": "y", "origin": [8.55, 9.64, 18.17504]},
			"faces": {
				"north": {"uv": [16, 0, 0, 16], "texture": "#1_0"},
				"east": {"uv": [16, 0, 0, 16], "texture": "#1_0"},
				"south": {"uv": [16, 0, 0, 16], "texture": "#1_0"},
				"west": {"uv": [16, 0, 0, 16], "texture": "#1_0"},
				"up": {"uv": [16, 0, 0, 16], "texture": "#1_0"},
				"down": {"uv": [16, 0, 0, 16], "texture": "#1_0"}
			}
		},
		{
			"name": "Cube",
			"from": [1.045, 5.32, 8.33504],
			"to": [2.375, 5.56, 10.13504],
			"rotation": {"angle": 0, "axis": "y", "origin": [8.55, 10.72, 20.69504]},
			"faces": {
				"north": {"uv": [16, 0, 0, 16], "texture": "#1_0"},
				"east": {"uv": [16, 0, 0, 16], "texture": "#1_0"},
				"south": {"uv": [16, 0, 0, 16], "texture": "#1_0"},
				"west": {"uv": [16, 0, 0, 16], "texture": "#1_0"},
				"up": {"uv": [16, 0, 0, 16], "texture": "#1_0"},
				"down": {"uv": [16, 0, 0, 16], "texture": "#1_0"}
			}
		},
		{
			"name": "Cube",
			"from": [1.235, 4.24, 8.57504],
			"to": [2.185, 5.92, 9.89504],
			"rotation": {"angle": 0, "axis": "y", "origin": [8.55, 9.64, 20.69504]},
			"faces": {
				"north": {"uv": [16, 0, 0, 16], "texture": "#1_0"},
				"east": {"uv": [16, 0, 0, 16], "texture": "#1_0"},
				"south": {"uv": [16, 0, 0, 16], "texture": "#1_0"},
				"west": {"uv": [16, 0, 0, 16], "texture": "#1_0"},
				"up": {"uv": [16, 0, 0, 16], "texture": "#1_0"},
				"down": {"uv": [16, 0, 0, 16], "texture": "#1_0"}
			}
		},
		{
			"name": "Cube",
			"from": [1.045, 4.96, 8.33504],
			"to": [2.375, 5.2, 10.13504],
			"rotation": {"angle": 0, "axis": "y", "origin": [8.55, 10.36, 20.69504]},
			"faces": {
				"north": {"uv": [16, 0, 0, 16], "texture": "#1_0"},
				"east": {"uv": [16, 0, 0, 16], "texture": "#1_0"},
				"south": {"uv": [16, 0, 0, 16], "texture": "#1_0"},
				"west": {"uv": [16, 0, 0, 16], "texture": "#1_0"},
				"up": {"uv": [16, 0, 0, 16], "texture": "#1_0"},
				"down": {"uv": [16, 0, 0, 16], "texture": "#1_0"}
			}
		},
		{
			"name": "Cube",
			"from": [1.045, 4.6, 8.33504],
			"to": [2.375, 4.84, 10.13504],
			"rotation": {"angle": 0, "axis": "y", "origin": [8.55, 10, 20.69504]},
			"faces": {
				"north": {"uv": [16, 0, 0, 16], "texture": "#1_0"},
				"east": {"uv": [16, 0, 0, 16], "texture": "#1_0"},
				"south": {"uv": [16, 0, 0, 16], "texture": "#1_0"},
				"west": {"uv": [16, 0, 0, 16], "texture": "#1_0"},
				"up": {"uv": [16, 0, 0, 16], "texture": "#1_0"},
				"down": {"uv": [16, 0, 0, 16], "texture": "#1_0"}
			}
		},
		{
			"name": "Cube",
			"from": [1.045, 4.24, 8.33504],
			"to": [2.375, 4.48, 10.13504],
			"rotation": {"angle": 0, "axis": "y", "origin": [8.55, 9.64, 20.69504]},
			"faces": {
				"north": {"uv": [16, 0, 0, 16], "texture": "#1_0"},
				"east": {"uv": [16, 0, 0, 16], "texture": "#1_0"},
				"south": {"uv": [16, 0, 0, 16], "texture": "#1_0"},
				"west": {"uv": [16, 0, 0, 16], "texture": "#1_0"},
				"up": {"uv": [16, 0, 0, 16], "texture": "#1_0"},
				"down": {"uv": [16, 0, 0, 16], "texture": "#1_0"}
			}
		},
		{
			"name": "Cube",
			"from": [13.72, 5.92, 3.49504],
			"to": [14.575, 7.84, 12.45504],
			"rotation": {"angle": 0, "axis": "y", "origin": [7.45, 12.4, 22.97504]},
			"faces": {
				"north": {"uv": [0, 0, 16, 2], "texture": "#1"},
				"east": {"uv": [0, 0, 16, 2], "texture": "#1"},
				"south": {"uv": [0, 0, 16, 2], "texture": "#1"},
				"west": {"uv": [0, 0, 16, 2], "texture": "#1"},
				"up": {"uv": [0, 0, 16, 16], "texture": "#1"},
				"down": {"uv": [0, 0, 16, 16], "texture": "#1"}
			}
		},
		{
			"name": "Cube",
			"from": [13.72, 2.32, 3.41504],
			"to": [14.575, 4.24, 12.53504],
			"rotation": {"angle": 0, "axis": "y", "origin": [7.45, 8.8, 22.73504]},
			"faces": {
				"north": {"uv": [0, 0, 16, 2], "texture": "#1"},
				"east": {"uv": [0, 0, 16, 2], "texture": "#1"},
				"south": {"uv": [0, 0, 16, 2], "texture": "#1"},
				"west": {"uv": [0, 0, 16, 2], "texture": "#1"},
				"up": {"uv": [0, 0, 16, 16], "texture": "#1"},
				"down": {"uv": [0, 0, 16, 16], "texture": "#1"}
			}
		},
		{
			"name": "Cube",
			"from": [13.72, 0.42, 5.41504],
			"to": [14.575, 2.34, 10.53504],
			"rotation": {"angle": 0, "axis": "y", "origin": [7.45, 6.9, 22.73504]},
			"faces": {
				"north": {"uv": [0, 0, 16, 2], "texture": "#1"},
				"east": {"uv": [0, 0, 16, 2], "texture": "#1"},
				"south": {"uv": [0, 0, 16, 2], "texture": "#1"},
				"west": {"uv": [0, 0, 16, 2], "texture": "#1"},
				"up": {"uv": [0, 0, 16, 16], "texture": "#1"},
				"down": {"uv": [0, 0, 16, 16], "texture": "#1"}
			}
		},
		{
			"name": "Cube",
			"from": [13.72, 2.53691, 2.27314],
			"to": [14.48, 7.57691, 4.91314],
			"rotation": {"angle": 0, "axis": "x", "origin": [14.1, 5.05691, 3.59314]},
			"faces": {
				"north": {"uv": [0, 0, 16, 2], "texture": "#1"},
				"east": {"uv": [0, 0, 16, 2], "texture": "#1"},
				"south": {"uv": [0, 0, 16, 2], "texture": "#1"},
				"west": {"uv": [0, 0, 16, 2], "texture": "#1"},
				"up": {"uv": [0, 0, 16, 16], "texture": "#1"},
				"down": {"uv": [0, 0, 16, 16], "texture": "#1"}
			}
		},
		{
			"name": "Cube",
			"from": [13.72, 2.53691, 11.08686],
			"to": [14.48, 7.57691, 13.72686],
			"rotation": {"angle": 0, "axis": "x", "origin": [14.1, 5.05691, 12.40686]},
			"faces": {
				"north": {"uv": [16, 0, 0, 2], "texture": "#1"},
				"east": {"uv": [16, 0, 0, 2], "texture": "#1"},
				"south": {"uv": [16, 0, 0, 2], "texture": "#1"},
				"west": {"uv": [16, 0, 0, 2], "texture": "#1"},
				"up": {"uv": [0, 16, 16, 0], "texture": "#1"},
				"down": {"uv": [0, 16, 16, 0], "texture": "#1"}
			}
		},
		{
			"name": "Cube",
			"from": [13.625, 5.68, 8.33504],
			"to": [14.955, 5.92, 10.13504],
			"rotation": {"angle": 0, "axis": "y", "origin": [7.45, 11.08, 20.69504]},
			"faces": {
				"north": {"uv": [0, 0, 16, 16], "texture": "#1_0"},
				"east": {"uv": [0, 0, 16, 16], "texture": "#1_0"},
				"south": {"uv": [0, 0, 16, 16], "texture": "#1_0"},
				"west": {"uv": [0, 0, 16, 16], "texture": "#1_0"},
				"up": {"uv": [0, 0, 16, 16], "texture": "#1_0"},
				"down": {"uv": [0, 0, 16, 16], "texture": "#1_0"}
			}
		},
		{
			"name": "Cube",
			"from": [13.625, 5.68, 5.81504],
			"to": [14.955, 5.92, 7.61504],
			"rotation": {"angle": 0, "axis": "y", "origin": [7.45, 11.08, 18.05504]},
			"faces": {
				"north": {"uv": [0, 0, 16, 16], "texture": "#1_0"},
				"east": {"uv": [0, 0, 16, 16], "texture": "#1_0"},
				"south": {"uv": [0, 0, 16, 16], "texture": "#1_0"},
				"west": {"uv": [0, 0, 16, 16], "texture": "#1_0"},
				"up": {"uv": [0, 0, 16, 16], "texture": "#1_0"},
				"down": {"uv": [0, 0, 16, 16], "texture": "#1_0"}
			}
		},
		{
			"name": "Cube",
			"from": [13.625, 5.32, 5.81504],
			"to": [14.955, 5.56, 7.61504],
			"rotation": {"angle": 0, "axis": "y", "origin": [7.45, 10.72, 18.05504]},
			"faces": {
				"north": {"uv": [0, 0, 16, 16], "texture": "#1_0"},
				"east": {"uv": [0, 0, 16, 16], "texture": "#1_0"},
				"south": {"uv": [0, 0, 16, 16], "texture": "#1_0"},
				"west": {"uv": [0, 0, 16, 16], "texture": "#1_0"},
				"up": {"uv": [0, 0, 16, 16], "texture": "#1_0"},
				"down": {"uv": [0, 0, 16, 16], "texture": "#1_0"}
			}
		},
		{
			"name": "Cube",
			"from": [13.625, 4.96, 5.81504],
			"to": [14.955, 5.2, 7.61504],
			"rotation": {"angle": 0, "axis": "y", "origin": [7.45, 10.36, 18.05504]},
			"faces": {
				"north": {"uv": [0, 0, 16, 16], "texture": "#1_0"},
				"east": {"uv": [0, 0, 16, 16], "texture": "#1_0"},
				"south": {"uv": [0, 0, 16, 16], "texture": "#1_0"},
				"west": {"uv": [0, 0, 16, 16], "texture": "#1_0"},
				"up": {"uv": [0, 0, 16, 16], "texture": "#1_0"},
				"down": {"uv": [0, 0, 16, 16], "texture": "#1_0"}
			}
		},
		{
			"name": "Cube",
			"from": [13.625, 4.6, 5.81504],
			"to": [14.955, 4.84, 7.61504],
			"rotation": {"angle": 0, "axis": "y", "origin": [7.45, 10, 18.05504]},
			"faces": {
				"north": {"uv": [0, 0, 16, 16], "texture": "#1_0"},
				"east": {"uv": [0, 0, 16, 16], "texture": "#1_0"},
				"south": {"uv": [0, 0, 16, 16], "texture": "#1_0"},
				"west": {"uv": [0, 0, 16, 16], "texture": "#1_0"},
				"up": {"uv": [0, 0, 16, 16], "texture": "#1_0"},
				"down": {"uv": [0, 0, 16, 16], "texture": "#1_0"}
			}
		},
		{
			"name": "Cube",
			"from": [13.625, 4.24, 5.81504],
			"to": [14.955, 4.48, 7.61504],
			"rotation": {"angle": 0, "axis": "y", "origin": [7.45, 9.64, 18.05504]},
			"faces": {
				"north": {"uv": [0, 0, 16, 16], "texture": "#1_0"},
				"east": {"uv": [0, 0, 16, 16], "texture": "#1_0"},
				"south": {"uv": [0, 0, 16, 16], "texture": "#1_0"},
				"west": {"uv": [0, 0, 16, 16], "texture": "#1_0"},
				"up": {"uv": [0, 0, 16, 16], "texture": "#1_0"},
				"down": {"uv": [0, 0, 16, 16], "texture": "#1_0"}
			}
		},
		{
			"name": "Cube",
			"from": [13.815, 4.24, 6.05504],
			"to": [14.765, 5.92, 7.37504],
			"rotation": {"angle": 0, "axis": "y", "origin": [7.45, 9.64, 18.17504]},
			"faces": {
				"north": {"uv": [0, 0, 16, 16], "texture": "#1_0"},
				"east": {"uv": [0, 0, 16, 16], "texture": "#1_0"},
				"south": {"uv": [0, 0, 16, 16], "texture": "#1_0"},
				"west": {"uv": [0, 0, 16, 16], "texture": "#1_0"},
				"up": {"uv": [0, 0, 16, 16], "texture": "#1_0"},
				"down": {"uv": [0, 0, 16, 16], "texture": "#1_0"}
			}
		},
		{
			"name": "Cube",
			"from": [13.625, 5.32, 8.33504],
			"to": [14.955, 5.56, 10.13504],
			"rotation": {"angle": 0, "axis": "y", "origin": [7.45, 10.72, 20.69504]},
			"faces": {
				"north": {"uv": [0, 0, 16, 16], "texture": "#1_0"},
				"east": {"uv": [0, 0, 16, 16], "texture": "#1_0"},
				"south": {"uv": [0, 0, 16, 16], "texture": "#1_0"},
				"west": {"uv": [0, 0, 16, 16], "texture": "#1_0"},
				"up": {"uv": [0, 0, 16, 16], "texture": "#1_0"},
				"down": {"uv": [0, 0, 16, 16], "texture": "#1_0"}
			}
		},
		{
			"name": "Cube",
			"from": [13.815, 4.24, 8.57504],
			"to": [14.765, 5.92, 9.89504],
			"rotation": {"angle": 0, "axis": "y", "origin": [7.45, 9.64, 20.69504]},
			"faces": {
				"north": {"uv": [0, 0, 16, 16], "texture": "#1_0"},
				"east": {"uv": [0, 0, 16, 16], "texture": "#1_0"},
				"south": {"uv": [0, 0, 16, 16], "texture": "#1_0"},
				"west": {"uv": [0, 0, 16, 16], "texture": "#1_0"},
				"up": {"uv": [0, 0, 16, 16], "texture": "#1_0"},
				"down": {"uv": [0, 0, 16, 16], "texture": "#1_0"}
			}
		},
		{
			"name": "Cube",
			"from": [13.625, 4.96, 8.33504],
			"to": [14.955, 5.2, 10.13504],
			"rotation": {"angle": 0, "axis": "y", "origin": [7.45, 10.36, 20.69504]},
			"faces": {
				"north": {"uv": [0, 0, 16, 16], "texture": "#1_0"},
				"east": {"uv": [0, 0, 16, 16], "texture": "#1_0"},
				"south": {"uv": [0, 0, 16, 16], "texture": "#1_0"},
				"west": {"uv": [0, 0, 16, 16], "texture": "#1_0"},
				"up": {"uv": [0, 0, 16, 16], "texture": "#1_0"},
				"down": {"uv": [0, 0, 16, 16], "texture": "#1_0"}
			}
		},
		{
			"name": "Cube",
			"from": [13.625, 4.6, 8.33504],
			"to": [14.955, 4.84, 10.13504],
			"rotation": {"angle": 0, "axis": "y", "origin": [7.45, 10, 20.69504]},
			"faces": {
				"north": {"uv": [0, 0, 16, 16], "texture": "#1_0"},
				"east": {"uv": [0, 0, 16, 16], "texture": "#1_0"},
				"south": {"uv": [0, 0, 16, 16], "texture": "#1_0"},
				"west": {"uv": [0, 0, 16, 16], "texture": "#1_0"},
				"up": {"uv": [0, 0, 16, 16], "texture": "#1_0"},
				"down": {"uv": [0, 0, 16, 16], "texture": "#1_0"}
			}
		},
		{
			"name": "Cube",
			"from": [13.625, 4.24, 8.33504],
			"to": [14.955, 4.48, 10.13504],
			"rotation": {"angle": 0, "axis": "y", "origin": [7.45, 9.64, 20.69504]},
			"faces": {
				"north": {"uv": [0, 0, 16, 16], "texture": "#1_0"},
				"east": {"uv": [0, 0, 16, 16], "texture": "#1_0"},
				"south": {"uv": [0, 0, 16, 16], "texture": "#1_0"},
				"west": {"uv": [0, 0, 16, 16], "texture": "#1_0"},
				"up": {"uv": [0, 0, 16, 16], "texture": "#1_0"},
				"down": {"uv": [0, 0, 16, 16], "texture": "#1_0"}
			}
		}
	],
	"display": {
		"head": {
			"translation": [0, -20, -5],
			"scale": [4, 3.5, 3.5]
		}
	},
	"groups": [
		{
			"name": "bogie",
			"origin": [8, 8, 8],
			"children": [0, 1, 2, 3,
				{
					"name": "Wheel",
					"origin": [15.6, 1.5, 3],
					"children": [4, 5, 6, 7, 8, 9, 10, 11, 12, 13, 14, 15, 16, 17, 18, 19, 20, 21, 22, 23, 24, 25, 26, 27, 28, 29, 30, 31, 32, 33, 34, 35, 36, 37, 38, 39, 40, 41, 42, 43, 44, 45, 46, 47, 48, 49, 50, 51, 52, 53, 54, 55, 56, 57, 58, 59, 60, 61, 62, 63, 64, 65, 66, 67, 68, 69, 70, 71, 72, 73, 74, 75]
				},
				{
					"name": "Wheel",
					"origin": [15.6, 1.5, 3],
					"children": [76, 77, 78, 79, 80, 81, 82, 83, 84, 85, 86, 87, 88, 89, 90, 91, 92, 93, 94, 95, 96, 97, 98, 99, 100, 101, 102, 103, 104, 105, 106, 107, 108, 109, 110, 111, 112, 113, 114, 115]
				},
				{
					"name": "Side",
					"origin": [11, 5.7, 18.6],
					"children": [116, 117, 118, 119, 120, 121, 122, 123, 124, 125, 126, 127, 128, 129, 130, 131, 132]
				},
				{
					"name": "Side",
					"origin": [11, 5.7, 18.6],
					"children": [133, 134, 135, 136, 137, 138, 139, 140, 141, 142, 143, 144, 145, 146, 147, 148, 149]
				}
			]
		}
	]
}