{"transport_mode":"TRAIN","length":13,"width":2,"door_max":18,"parts":[{"name":"wheels","stage":"EXTERIOR","mirror":false,"skip_rendering_if_too_far":false,"door_offset":"NONE","render_condition":"ALL","positions":[[0,0]],"whitelisted_cars":"","blacklisted_cars":""},{"name":"1","stage":"EXTERIOR","mirror":false,"skip_rendering_if_too_far":false,"door_offset":"NONE","render_condition":"ALL","positions":[[0.0,0.0]],"whitelisted_cars":"1","blacklisted_cars":"%2,%2+1"},{"name":"2","stage":"EXTERIOR","mirror":false,"skip_rendering_if_too_far":false,"door_offset":"NONE","render_condition":"ALL","positions":[[0.0,0.0]],"whitelisted_cars":"2","blacklisted_cars":"52,%2+1"},{"name":"1","stage":"EXTERIOR","mirror":true,"skip_rendering_if_too_far":false,"door_offset":"NONE","render_condition":"ALL","positions":[[0.0,0.0]],"whitelisted_cars":"3","blacklisted_cars":"%2,%2+1"},{"name":"light2","stage":"LIGHTS","mirror":false,"skip_rendering_if_too_far":false,"door_offset":"NONE","render_condition":"ALL","positions":[[0.0,0.0]],"whitelisted_cars":"2","blacklisted_cars":"%2,%2+1"},{"name":"door1left","stage":"EXTERIOR","mirror":false,"skip_rendering_if_too_far":false,"door_offset":"LEFT_POSITIVE","render_condition":"ALL","positions":[[0.0,0.0]],"whitelisted_cars":"1","blacklisted_cars":"%2,%2+1"},{"name":"door1right","stage":"EXTERIOR","mirror":false,"skip_rendering_if_too_far":false,"door_offset":"RIGHT_POSITIVE","render_condition":"ALL","positions":[[0.0,0.0]],"whitelisted_cars":"1","blacklisted_cars":"%2,%2+1"},{"name":"door2right","stage":"EXTERIOR","mirror":false,"skip_rendering_if_too_far":false,"door_offset":"RIGHT_NEGATIVE","render_condition":"ALL","positions":[[0.0,0.0]],"whitelisted_cars":"2","blacklisted_cars":"%2,%2+1"},{"name":"door2left","stage":"EXTERIOR","mirror":false,"skip_rendering_if_too_far":false,"door_offset":"LEFT_NEGATIVE","render_condition":"ALL","positions":[[0.0,0.0]],"whitelisted_cars":"2","blacklisted_cars":"%2,%2+1"},{"name":"light","stage":"LIGHTS","mirror":false,"skip_rendering_if_too_far":false,"door_offset":"NONE","render_condition":"ALL","positions":[[0.0,0.0]],"whitelisted_cars":"1","blacklisted_cars":"%2,%2+1"},{"name":"light","stage":"LIGHTS","mirror":true,"skip_rendering_if_too_far":false,"door_offset":"NONE","render_condition":"ALL","positions":[[0.0,0.0]],"whitelisted_cars":"3","blacklisted_cars":"%2,%2+1"},{"name":"neibu1","stage":"INTERIOR","mirror":false,"skip_rendering_if_too_far":false,"door_offset":"NONE","render_condition":"ALL","positions":[[0.0,0.0]],"whitelisted_cars":"1","blacklisted_cars":"%2,%2+1"},{"name":"neibu1","stage":"INTERIOR","mirror":true,"skip_rendering_if_too_far":false,"door_offset":"NONE","render_condition":"ALL","positions":[[0.0,-1.0]],"whitelisted_cars":"3","blacklisted_cars":"%2,%2+1"},{"name":"neibu2","stage":"INTERIOR","mirror":false,"skip_rendering_if_too_far":false,"door_offset":"NONE","render_condition":"ALL","positions":[[0.0,0.0]],"whitelisted_cars":"2","blacklisted_cars":"%2,%2+1"},{"name":"door1left","stage":"EXTERIOR","mirror":false,"skip_rendering_if_too_far":false,"door_offset":"LEFT_POSITIVE","render_condition":"ALL","positions":[[0.0,-66.0]],"whitelisted_cars":"3","blacklisted_cars":"%2,%2+1"},{"name":"door1right","stage":"EXTERIOR","mirror":false,"skip_rendering_if_too_far":false,"door_offset":"RIGHT_POSITIVE","render_condition":"ALL","positions":[[0.0,-66.0]],"whitelisted_cars":"3","blacklisted_cars":"%2,%2+1"}]}