{
	"credit": "Made with Blockbench",
	"texture_size": [64, 64],
	"textures": {
		"0": "block/camel",
		"particle": "block/camel"
	},
	"elements": [
		{
			"from": [7.1, 7.6, -0.6],
			"to": [8.9, 9.5, 1.15],
			"rotation": {"angle": 0, "axis": "y", "origin": [1.5, 0, 7.5]},
			"faces": {
				"north": {"uv": [3.75, 3.75, 4.1875, 4.25], "texture": "#0"},
				"east": {"uv": [1.5, 4, 1.9375, 4.5], "texture": "#0"},
				"south": {"uv": [2, 4, 2.4375, 4.5], "texture": "#0"},
				"west": {"uv": [4.25, 0, 4.6875, 0.5], "texture": "#0"},
				"up": {"uv": [4.9375, 2.1875, 4.5, 1.75], "texture": "#0"},
				"down": {"uv": [3.4375, 4.5, 3, 4.9375], "texture": "#0"}
			}
		},
		{
			"from": [7, 7.5, 1.15],
			"to": [9, 9.6, 2.5],
			"rotation": {"angle": 0, "axis": "y", "origin": [1.5, 0, 7.5]},
			"faces": {
				"north": {"uv": [3.75, 0.75, 4.25, 1.25], "texture": "#0"},
				"east": {"uv": [5.25, 2, 5.5625, 2.5], "texture": "#0"},
				"south": {"uv": [1, 3.75, 1.5, 4.25], "texture": "#0"},
				"west": {"uv": [2.5, 5.25, 2.8125, 5.75], "texture": "#0"},
				"up": {"uv": [5.75, 2.8125, 5.25, 2.5], "texture": "#0"},
				"down": {"uv": [5.75, 3, 5.25, 3.3125], "texture": "#0"}
			}
		},
		{
			"from": [7, 9, 0.65],
			"to": [9, 9.6, 1.15],
			"rotation": {"angle": 0, "axis": "y", "origin": [1.5, 0, 7.5]},
			"faces": {
				"north": {"uv": [6.5, 1, 7, 1.125], "texture": "#0"},
				"east": {"uv": [7.25, 1.5, 7.375, 1.625], "texture": "#0"},
				"south": {"uv": [6.5, 1.25, 7, 1.375], "texture": "#0"},
				"west": {"uv": [1.75, 7.25, 1.875, 7.375], "texture": "#0"},
				"up": {"uv": [7, 1.625, 6.5, 1.5], "texture": "#0"},
				"down": {"uv": [7, 1.75, 6.5, 1.875], "texture": "#0"}
			}
		},
		{
			"from": [7.5, 9.5, 0.3],
			"to": [8.5, 9.6, 0.65],
			"rotation": {"angle": 0, "axis": "y", "origin": [1.5, 0, 7.5]},
			"faces": {
				"north": {"uv": [7.25, 1.75, 7.5, 1.8125], "texture": "#0"},
				"east": {"uv": [8.25, 2.25, 8.3125, 2.3125], "texture": "#0"},
				"south": {"uv": [2, 7.25, 2.25, 7.3125], "texture": "#0"},
				"west": {"uv": [2.5, 8.25, 2.5625, 8.3125], "texture": "#0"},
				"up": {"uv": [7.5, 2.0625, 7.25, 2], "texture": "#0"},
				"down": {"uv": [2.5, 7.25, 2.25, 7.3125], "texture": "#0"}
			}
		},
		{
			"from": [7.5, 7.5, 0.3],
			"to": [8.5, 7.6, 0.65],
			"rotation": {"angle": 0, "axis": "y", "origin": [1.5, 0, 7.5]},
			"faces": {
				"north": {"uv": [7.25, 2.25, 7.5, 2.3125], "texture": "#0"},
				"east": {"uv": [8.25, 2.5, 8.3125, 2.5625], "texture": "#0"},
				"south": {"uv": [2.5, 7.25, 2.75, 7.3125], "texture": "#0"},
				"west": {"uv": [2.75, 8.25, 2.8125, 8.3125], "texture": "#0"},
				"up": {"uv": [7.5, 2.5625, 7.25, 2.5], "texture": "#0"},
				"down": {"uv": [3, 7.25, 2.75, 7.3125], "texture": "#0"}
			}
		},
		{
			"from": [7, 7.5, 0.65],
			"to": [9, 8.1, 1.15],
			"rotation": {"angle": 0, "axis": "y", "origin": [1.5, 0, 7.5]},
			"faces": {
				"north": {"uv": [6.5, 2, 7, 2.125], "texture": "#0"},
				"east": {"uv": [7.25, 2.75, 7.375, 2.875], "texture": "#0"},
				"south": {"uv": [6.5, 2.25, 7, 2.375], "texture": "#0"},
				"west": {"uv": [3, 7.25, 3.125, 7.375], "texture": "#0"},
				"up": {"uv": [7, 3.625, 6.5, 3.5], "texture": "#0"},
				"down": {"uv": [4.25, 6.5, 3.75, 6.625], "texture": "#0"}
			}
		},
		{
			"from": [7, 8.1, 1],
			"to": [9, 8.25, 1.15],
			"rotation": {"angle": 0, "axis": "y", "origin": [1.5, 0, 7.5]},
			"faces": {
				"north": {"uv": [5.25, 6.75, 5.75, 6.8125], "texture": "#0"},
				"east": {"uv": [8.25, 2.75, 8.3125, 2.8125], "texture": "#0"},
				"south": {"uv": [6.75, 5.25, 7.25, 5.3125], "texture": "#0"},
				"west": {"uv": [3, 8.25, 3.0625, 8.3125], "texture": "#0"},
				"up": {"uv": [7.25, 5.5625, 6.75, 5.5], "texture": "#0"},
				"down": {"uv": [6.25, 6.75, 5.75, 6.8125], "texture": "#0"}
			}
		},
		{
			"from": [7, 8.85, 1],
			"to": [9, 9, 1.15],
			"rotation": {"angle": 0, "axis": "y", "origin": [1.5, 0, 7.5]},
			"faces": {
				"north": {"uv": [6.75, 5.75, 7.25, 5.8125], "texture": "#0"},
				"east": {"uv": [8.25, 3, 8.3125, 3.0625], "texture": "#0"},
				"south": {"uv": [6.75, 6, 7.25, 6.0625], "texture": "#0"},
				"west": {"uv": [3.25, 8.25, 3.3125, 8.3125], "texture": "#0"},
				"up": {"uv": [6.75, 6.8125, 6.25, 6.75], "texture": "#0"},
				"down": {"uv": [7.25, 6.25, 6.75, 6.3125], "texture": "#0"}
			}
		},
		{
			"from": [8.5, 9.5, 0.5],
			"to": [8.75, 9.6, 0.65],
			"rotation": {"angle": 0, "axis": "y", "origin": [1.5, 0, 7.5]},
			"faces": {
				"north": {"uv": [8.25, 3.25, 8.3125, 3.3125], "texture": "#0"},
				"east": {"uv": [3.5, 8.25, 3.5625, 8.3125], "texture": "#0"},
				"south": {"uv": [8.25, 3.5, 8.3125, 3.5625], "texture": "#0"},
				"west": {"uv": [3.75, 8.25, 3.8125, 8.3125], "texture": "#0"},
				"up": {"uv": [8.3125, 3.8125, 8.25, 3.75], "texture": "#0"},
				"down": {"uv": [4.0625, 8.25, 4, 8.3125], "texture": "#0"}
			}
		},
		{
			"from": [7.25, 9.5, 0.5],
			"to": [7.5, 9.6, 0.65],
			"rotation": {"angle": 0, "axis": "y", "origin": [1.5, 0, 7.5]},
			"faces": {
				"north": {"uv": [8.25, 4, 8.3125, 4.0625], "texture": "#0"},
				"east": {"uv": [4.25, 8.25, 4.3125, 8.3125], "texture": "#0"},
				"south": {"uv": [8.25, 4.25, 8.3125, 4.3125], "texture": "#0"},
				"west": {"uv": [4.5, 8.25, 4.5625, 8.3125], "texture": "#0"},
				"up": {"uv": [8.3125, 4.5625, 8.25, 4.5], "texture": "#0"},
				"down": {"uv": [4.8125, 8.25, 4.75, 8.3125], "texture": "#0"}
			}
		},
		{
			"from": [8.5, 7.5, 0.5],
			"to": [8.75, 7.6, 0.65],
			"rotation": {"angle": 0, "axis": "y", "origin": [1.5, 0, 7.5]},
			"faces": {
				"north": {"uv": [8.25, 4.75, 8.3125, 4.8125], "texture": "#0"},
				"east": {"uv": [5, 8.25, 5.0625, 8.3125], "texture": "#0"},
				"south": {"uv": [8.25, 5, 8.3125, 5.0625], "texture": "#0"},
				"west": {"uv": [5.25, 8.25, 5.3125, 8.3125], "texture": "#0"},
				"up": {"uv": [8.3125, 5.3125, 8.25, 5.25], "texture": "#0"},
				"down": {"uv": [5.5625, 8.25, 5.5, 8.3125], "texture": "#0"}
			}
		},
		{
			"from": [7.25, 7.5, 0.5],
			"to": [7.5, 7.6, 0.65],
			"rotation": {"angle": 0, "axis": "y", "origin": [1.5, 0, 7.5]},
			"faces": {
				"north": {"uv": [8.25, 5.5, 8.3125, 5.5625], "texture": "#0"},
				"east": {"uv": [5.75, 8.25, 5.8125, 8.3125], "texture": "#0"},
				"south": {"uv": [8.25, 5.75, 8.3125, 5.8125], "texture": "#0"},
				"west": {"uv": [6, 8.25, 6.0625, 8.3125], "texture": "#0"},
				"up": {"uv": [8.3125, 6.0625, 8.25, 6], "texture": "#0"},
				"down": {"uv": [6.3125, 8.25, 6.25, 8.3125], "texture": "#0"}
			}
		},
		{
			"from": [7.35, 7.6, -2.1],
			"to": [8.65, 9, -0.6],
			"rotation": {"angle": 0, "axis": "y", "origin": [1.5, 0, 7.5]},
			"faces": {
				"north": {"uv": [3.75, 6, 4.0625, 6.375], "texture": "#0"},
				"east": {"uv": [3.75, 5.5, 4.125, 5.875], "texture": "#0"},
				"south": {"uv": [6.25, 0, 6.5625, 0.375], "texture": "#0"},
				"west": {"uv": [5.75, 0, 6.125, 0.375], "texture": "#0"},
				"up": {"uv": [0.8125, 6.625, 0.5, 6.25], "texture": "#0"},
				"down": {"uv": [6.5625, 0.5, 6.25, 0.875], "texture": "#0"}
			}
		},
		{
			"from": [8.9125, 9.075, 1.78125],
			"to": [9.1, 10.15, 1.96875],
			"rotation": {"angle": -45, "axis": "z", "origin": [9.25, 10, 2.375]},
			"faces": {
				"north": {"uv": [5, 7.5, 5.0625, 7.75], "texture": "#0"},
				"east": {"uv": [7.5, 5, 7.5625, 5.25], "texture": "#0"},
				"south": {"uv": [5.25, 7.5, 5.3125, 7.75], "texture": "#0"},
				"west": {"uv": [7.5, 5.25, 7.5625, 5.5], "texture": "#0"},
				"up": {"uv": [5.8125, 8.5625, 5.75, 8.5], "texture": "#0"},
				"down": {"uv": [8.5625, 5.75, 8.5, 5.8125], "texture": "#0"}
			}
		},
		{
			"from": [8.9625, 9.075, 1.59375],
			"to": [9.15, 10.075, 1.78125],
			"rotation": {"angle": -45, "axis": "z", "origin": [9.25, 10, 2.375]},
			"faces": {
				"north": {"uv": [5.5, 7.5, 5.5625, 7.75], "texture": "#0"},
				"east": {"uv": [7.5, 5.5, 7.5625, 5.75], "texture": "#0"},
				"south": {"uv": [5.75, 7.5, 5.8125, 7.75], "texture": "#0"},
				"west": {"uv": [7.5, 5.75, 7.5625, 6], "texture": "#0"},
				"up": {"uv": [6.0625, 8.5625, 6, 8.5], "texture": "#0"},
				"down": {"uv": [8.5625, 6, 8.5, 6.0625], "texture": "#0"}
			}
		},
		{
			"from": [8.9625, 9.075, 1.96875],
			"to": [9.15, 10.075, 2.15625],
			"rotation": {"angle": -45, "axis": "z", "origin": [9.25, 10, 2.375]},
			"faces": {
				"north": {"uv": [6, 7.5, 6.0625, 7.75], "texture": "#0"},
				"east": {"uv": [7.5, 6, 7.5625, 6.25], "texture": "#0"},
				"south": {"uv": [6.25, 7.5, 6.3125, 7.75], "texture": "#0"},
				"west": {"uv": [7.5, 6.25, 7.5625, 6.5], "texture": "#0"},
				"up": {"uv": [6.3125, 8.5625, 6.25, 8.5], "texture": "#0"},
				"down": {"uv": [8.5625, 6.25, 8.5, 6.3125], "texture": "#0"}
			}
		},
		{
			"from": [9.15, 9.075, 1.40625],
			"to": [9.3375, 9.925, 1.59375],
			"rotation": {"angle": -45, "axis": "z", "origin": [9.25, 10, 2.375]},
			"faces": {
				"north": {"uv": [7.75, 4.25, 7.8125, 4.4375], "texture": "#0"},
				"east": {"uv": [4.5, 7.75, 4.5625, 7.9375], "texture": "#0"},
				"south": {"uv": [7.75, 4.5, 7.8125, 4.6875], "texture": "#0"},
				"west": {"uv": [4.75, 7.75, 4.8125, 7.9375], "texture": "#0"},
				"up": {"uv": [6.5625, 8.5625, 6.5, 8.5], "texture": "#0"},
				"down": {"uv": [8.5625, 6.5, 8.5, 6.5625], "texture": "#0"}
			}
		},
		{
			"from": [9.15, 9.075, 2.15625],
			"to": [9.3375, 9.925, 2.34375],
			"rotation": {"angle": -45, "axis": "z", "origin": [9.25, 10, 2.375]},
			"faces": {
				"north": {"uv": [7.75, 4.75, 7.8125, 4.9375], "texture": "#0"},
				"east": {"uv": [5, 7.75, 5.0625, 7.9375], "texture": "#0"},
				"south": {"uv": [7.75, 5, 7.8125, 5.1875], "texture": "#0"},
				"west": {"uv": [5.25, 7.75, 5.3125, 7.9375], "texture": "#0"},
				"up": {"uv": [6.8125, 8.5625, 6.75, 8.5], "texture": "#0"},
				"down": {"uv": [8.5625, 6.75, 8.5, 6.8125], "texture": "#0"}
			}
		},
		{
			"from": [9.3375, 9.075, 1.40625],
			"to": [9.525, 9.85, 1.59375],
			"rotation": {"angle": -45, "axis": "z", "origin": [9.25, 10, 2.375]},
			"faces": {
				"north": {"uv": [7.75, 5.25, 7.8125, 5.4375], "texture": "#0"},
				"east": {"uv": [5.5, 7.75, 5.5625, 7.9375], "texture": "#0"},
				"south": {"uv": [7.75, 5.5, 7.8125, 5.6875], "texture": "#0"},
				"west": {"uv": [5.75, 7.75, 5.8125, 7.9375], "texture": "#0"},
				"up": {"uv": [7.0625, 8.5625, 7, 8.5], "texture": "#0"},
				"down": {"uv": [8.5625, 7, 8.5, 7.0625], "texture": "#0"}
			}
		},
		{
			"from": [9.3375, 9.075, 2.15625],
			"to": [9.525, 9.85, 2.34375],
			"rotation": {"angle": -45, "axis": "z", "origin": [9.25, 10, 2.375]},
			"faces": {
				"north": {"uv": [7.75, 5.75, 7.8125, 5.9375], "texture": "#0"},
				"east": {"uv": [6, 7.75, 6.0625, 7.9375], "texture": "#0"},
				"south": {"uv": [7.75, 6, 7.8125, 6.1875], "texture": "#0"},
				"west": {"uv": [6.25, 7.75, 6.3125, 7.9375], "texture": "#0"},
				"up": {"uv": [7.3125, 8.5625, 7.25, 8.5], "texture": "#0"},
				"down": {"uv": [8.5625, 7.25, 8.5, 7.3125], "texture": "#0"}
			}
		},
		{
			"from": [9.525, 9.075, 1.59375],
			"to": [9.7125, 9.7, 1.78125],
			"rotation": {"angle": -45, "axis": "z", "origin": [9.25, 10, 2.375]},
			"faces": {
				"north": {"uv": [7.75, 6.25, 7.8125, 6.4375], "texture": "#0"},
				"east": {"uv": [6.5, 7.75, 6.5625, 7.9375], "texture": "#0"},
				"south": {"uv": [7.75, 6.5, 7.8125, 6.6875], "texture": "#0"},
				"west": {"uv": [6.75, 7.75, 6.8125, 7.9375], "texture": "#0"},
				"up": {"uv": [7.5625, 8.5625, 7.5, 8.5], "texture": "#0"},
				"down": {"uv": [8.5625, 7.5, 8.5, 7.5625], "texture": "#0"}
			}
		},
		{
			"from": [9.525, 9.075, 1.96875],
			"to": [9.7125, 9.7, 2.15625],
			"rotation": {"angle": -45, "axis": "z", "origin": [9.25, 10, 2.375]},
			"faces": {
				"north": {"uv": [7.75, 6.75, 7.8125, 6.9375], "texture": "#0"},
				"east": {"uv": [7, 7.75, 7.0625, 7.9375], "texture": "#0"},
				"south": {"uv": [7.75, 7, 7.8125, 7.1875], "texture": "#0"},
				"west": {"uv": [7.25, 7.75, 7.3125, 7.9375], "texture": "#0"},
				"up": {"uv": [7.8125, 8.5625, 7.75, 8.5], "texture": "#0"},
				"down": {"uv": [8.5625, 7.75, 8.5, 7.8125], "texture": "#0"}
			}
		},
		{
			"from": [9.525, 9.075, 1.48125],
			"to": [9.6375, 9.775, 1.59375],
			"rotation": {"angle": -45, "axis": "z", "origin": [9.25, 10, 2.375]},
			"faces": {
				"north": {"uv": [7.75, 7.25, 7.8125, 7.4375], "texture": "#0"},
				"east": {"uv": [7.5, 7.75, 7.5625, 7.9375], "texture": "#0"},
				"south": {"uv": [7.75, 7.5, 7.8125, 7.6875], "texture": "#0"},
				"west": {"uv": [7.75, 7.75, 7.8125, 7.9375], "texture": "#0"},
				"up": {"uv": [8.0625, 8.5625, 8, 8.5], "texture": "#0"},
				"down": {"uv": [8.5625, 8, 8.5, 8.0625], "texture": "#0"}
			}
		},
		{
			"from": [9.525, 9.075, 2.15625],
			"to": [9.6375, 9.775, 2.26875],
			"rotation": {"angle": -45, "axis": "z", "origin": [9.25, 10, 2.375]},
			"faces": {
				"north": {"uv": [0, 8, 0.0625, 8.1875], "texture": "#0"},
				"east": {"uv": [8, 0, 8.0625, 0.1875], "texture": "#0"},
				"south": {"uv": [0.25, 8, 0.3125, 8.1875], "texture": "#0"},
				"west": {"uv": [8, 0.25, 8.0625, 0.4375], "texture": "#0"},
				"up": {"uv": [8.3125, 8.5625, 8.25, 8.5], "texture": "#0"},
				"down": {"uv": [8.5625, 8.25, 8.5, 8.3125], "texture": "#0"}
			}
		},
		{
			"from": [9.0375, 9.075, 1.48125],
			"to": [9.15, 10, 1.59375],
			"rotation": {"angle": -45, "axis": "z", "origin": [9.25, 10, 2.375]},
			"faces": {
				"north": {"uv": [6.5, 7.5, 6.5625, 7.75], "texture": "#0"},
				"east": {"uv": [7.5, 6.5, 7.5625, 6.75], "texture": "#0"},
				"south": {"uv": [6.75, 7.5, 6.8125, 7.75], "texture": "#0"},
				"west": {"uv": [7.5, 6.75, 7.5625, 7], "texture": "#0"},
				"up": {"uv": [8.5625, 8.5625, 8.5, 8.5], "texture": "#0"},
				"down": {"uv": [0.0625, 8.75, 0, 8.8125], "texture": "#0"}
			}
		},
		{
			"from": [9.0375, 9.075, 2.15625],
			"to": [9.15, 10, 2.26875],
			"rotation": {"angle": -45, "axis": "z", "origin": [9.25, 10, 2.375]},
			"faces": {
				"north": {"uv": [7, 7.5, 7.0625, 7.75], "texture": "#0"},
				"east": {"uv": [7.5, 7, 7.5625, 7.25], "texture": "#0"},
				"south": {"uv": [7.25, 7.5, 7.3125, 7.75], "texture": "#0"},
				"west": {"uv": [7.5, 7.25, 7.5625, 7.5], "texture": "#0"},
				"up": {"uv": [8.8125, 0.0625, 8.75, 0], "texture": "#0"},
				"down": {"uv": [0.3125, 8.75, 0.25, 8.8125], "texture": "#0"}
			}
		},
		{
			"from": [9.45, 9.075, 1.59375],
			"to": [9.525, 9.775, 1.66875],
			"rotation": {"angle": -45, "axis": "z", "origin": [9.25, 10, 2.375]},
			"faces": {
				"north": {"uv": [0.5, 8, 0.5625, 8.1875], "texture": "#0"},
				"east": {"uv": [8, 0.5, 8.0625, 0.6875], "texture": "#0"},
				"south": {"uv": [0.75, 8, 0.8125, 8.1875], "texture": "#0"},
				"west": {"uv": [8, 0.75, 8.0625, 0.9375], "texture": "#0"},
				"up": {"uv": [8.8125, 0.3125, 8.75, 0.25], "texture": "#0"},
				"down": {"uv": [0.5625, 8.75, 0.5, 8.8125], "texture": "#0"}
			}
		},
		{
			"from": [9.45, 9.075, 2.08125],
			"to": [9.525, 9.775, 2.15625],
			"rotation": {"angle": -45, "axis": "z", "origin": [9.25, 10, 2.375]},
			"faces": {
				"north": {"uv": [1, 8, 1.0625, 8.1875], "texture": "#0"},
				"east": {"uv": [8, 1, 8.0625, 1.1875], "texture": "#0"},
				"south": {"uv": [1.25, 8, 1.3125, 8.1875], "texture": "#0"},
				"west": {"uv": [8, 1.25, 8.0625, 1.4375], "texture": "#0"},
				"up": {"uv": [8.8125, 0.5625, 8.75, 0.5], "texture": "#0"},
				"down": {"uv": [0.8125, 8.75, 0.75, 8.8125], "texture": "#0"}
			}
		},
		{
			"from": [9.15, 9.075, 1.59375],
			"to": [9.225, 10, 1.66875],
			"rotation": {"angle": -45, "axis": "z", "origin": [9.25, 10, 2.375]},
			"faces": {
				"north": {"uv": [7.5, 7.5, 7.5625, 7.75], "texture": "#0"},
				"east": {"uv": [0, 7.75, 0.0625, 8], "texture": "#0"},
				"south": {"uv": [7.75, 0, 7.8125, 0.25], "texture": "#0"},
				"west": {"uv": [0.25, 7.75, 0.3125, 8], "texture": "#0"},
				"up": {"uv": [8.8125, 0.8125, 8.75, 0.75], "texture": "#0"},
				"down": {"uv": [1.0625, 8.75, 1, 8.8125], "texture": "#0"}
			}
		},
		{
			"from": [9.15, 9.075, 2.08125],
			"to": [9.225, 10, 2.15625],
			"rotation": {"angle": -45, "axis": "z", "origin": [9.25, 10, 2.375]},
			"faces": {
				"north": {"uv": [7.75, 0.25, 7.8125, 0.5], "texture": "#0"},
				"east": {"uv": [0.5, 7.75, 0.5625, 8], "texture": "#0"},
				"south": {"uv": [7.75, 0.5, 7.8125, 0.75], "texture": "#0"},
				"west": {"uv": [0.75, 7.75, 0.8125, 8], "texture": "#0"},
				"up": {"uv": [8.8125, 1.0625, 8.75, 1], "texture": "#0"},
				"down": {"uv": [1.3125, 8.75, 1.25, 8.8125], "texture": "#0"}
			}
		},
		{
			"from": [6.9, 9.075, 1.78125],
			"to": [7.0875, 10.15, 1.96875],
			"rotation": {"angle": 45, "axis": "z", "origin": [6.75, 10, 2.375]},
			"faces": {
				"north": {"uv": [7.75, 0.75, 7.8125, 1], "texture": "#0"},
				"east": {"uv": [1, 7.75, 1.0625, 8], "texture": "#0"},
				"south": {"uv": [7.75, 1, 7.8125, 1.25], "texture": "#0"},
				"west": {"uv": [1.25, 7.75, 1.3125, 8], "texture": "#0"},
				"up": {"uv": [8.8125, 1.3125, 8.75, 1.25], "texture": "#0"},
				"down": {"uv": [1.5625, 8.75, 1.5, 8.8125], "texture": "#0"}
			}
		},
		{
			"from": [6.85, 9.075, 1.59375],
			"to": [7.0375, 10.075, 1.78125],
			"rotation": {"angle": 45, "axis": "z", "origin": [6.75, 10, 2.375]},
			"faces": {
				"north": {"uv": [7.75, 1.25, 7.8125, 1.5], "texture": "#0"},
				"east": {"uv": [1.5, 7.75, 1.5625, 8], "texture": "#0"},
				"south": {"uv": [7.75, 1.5, 7.8125, 1.75], "texture": "#0"},
				"west": {"uv": [1.75, 7.75, 1.8125, 8], "texture": "#0"},
				"up": {"uv": [8.8125, 1.5625, 8.75, 1.5], "texture": "#0"},
				"down": {"uv": [1.8125, 8.75, 1.75, 8.8125], "texture": "#0"}
			}
		},
		{
			"from": [6.85, 9.075, 1.96875],
			"to": [7.0375, 10.075, 2.15625],
			"rotation": {"angle": 45, "axis": "z", "origin": [6.75, 10, 2.375]},
			"faces": {
				"north": {"uv": [7.75, 1.75, 7.8125, 2], "texture": "#0"},
				"east": {"uv": [2, 7.75, 2.0625, 8], "texture": "#0"},
				"south": {"uv": [7.75, 2, 7.8125, 2.25], "texture": "#0"},
				"west": {"uv": [2.25, 7.75, 2.3125, 8], "texture": "#0"},
				"up": {"uv": [8.8125, 1.8125, 8.75, 1.75], "texture": "#0"},
				"down": {"uv": [2.0625, 8.75, 2, 8.8125], "texture": "#0"}
			}
		},
		{
			"from": [6.6625, 9.075, 1.40625],
			"to": [6.85, 9.925, 1.59375],
			"rotation": {"angle": 45, "axis": "z", "origin": [6.75, 10, 2.375]},
			"faces": {
				"north": {"uv": [1.5, 8, 1.5625, 8.1875], "texture": "#0"},
				"east": {"uv": [8, 1.5, 8.0625, 1.6875], "texture": "#0"},
				"south": {"uv": [1.75, 8, 1.8125, 8.1875], "texture": "#0"},
				"west": {"uv": [8, 1.75, 8.0625, 1.9375], "texture": "#0"},
				"up": {"uv": [8.8125, 2.0625, 8.75, 2], "texture": "#0"},
				"down": {"uv": [2.3125, 8.75, 2.25, 8.8125], "texture": "#0"}
			}
		},
		{
			"from": [6.6625, 9.075, 2.15625],
			"to": [6.85, 9.925, 2.34375],
			"rotation": {"angle": 45, "axis": "z", "origin": [6.75, 10, 2.375]},
			"faces": {
				"north": {"uv": [2, 8, 2.0625, 8.1875], "texture": "#0"},
				"east": {"uv": [8, 2, 8.0625, 2.1875], "texture": "#0"},
				"south": {"uv": [2.25, 8, 2.3125, 8.1875], "texture": "#0"},
				"west": {"uv": [8, 2.25, 8.0625, 2.4375], "texture": "#0"},
				"up": {"uv": [8.8125, 2.3125, 8.75, 2.25], "texture": "#0"},
				"down": {"uv": [2.5625, 8.75, 2.5, 8.8125], "texture": "#0"}
			}
		},
		{
			"from": [6.475, 9.075, 1.40625],
			"to": [6.6625, 9.85, 1.59375],
			"rotation": {"angle": 45, "axis": "z", "origin": [6.75, 10, 2.375]},
			"faces": {
				"north": {"uv": [2.5, 8, 2.5625, 8.1875], "texture": "#0"},
				"east": {"uv": [8, 2.5, 8.0625, 2.6875], "texture": "#0"},
				"south": {"uv": [2.75, 8, 2.8125, 8.1875], "texture": "#0"},
				"west": {"uv": [8, 2.75, 8.0625, 2.9375], "texture": "#0"},
				"up": {"uv": [8.8125, 2.5625, 8.75, 2.5], "texture": "#0"},
				"down": {"uv": [2.8125, 8.75, 2.75, 8.8125], "texture": "#0"}
			}
		},
		{
			"from": [6.475, 9.075, 2.15625],
			"to": [6.6625, 9.85, 2.34375],
			"rotation": {"angle": 45, "axis": "z", "origin": [6.75, 10, 2.375]},
			"faces": {
				"north": {"uv": [3, 8, 3.0625, 8.1875], "texture": "#0"},
				"east": {"uv": [8, 3, 8.0625, 3.1875], "texture": "#0"},
				"south": {"uv": [3.25, 8, 3.3125, 8.1875], "texture": "#0"},
				"west": {"uv": [8, 3.25, 8.0625, 3.4375], "texture": "#0"},
				"up": {"uv": [8.8125, 2.8125, 8.75, 2.75], "texture": "#0"},
				"down": {"uv": [3.0625, 8.75, 3, 8.8125], "texture": "#0"}
			}
		},
		{
			"from": [6.2875, 9.075, 1.59375],
			"to": [6.475, 9.7, 1.78125],
			"rotation": {"angle": 45, "axis": "z", "origin": [6.75, 10, 2.375]},
			"faces": {
				"north": {"uv": [3.5, 8, 3.5625, 8.1875], "texture": "#0"},
				"east": {"uv": [8, 3.5, 8.0625, 3.6875], "texture": "#0"},
				"south": {"uv": [3.75, 8, 3.8125, 8.1875], "texture": "#0"},
				"west": {"uv": [8, 3.75, 8.0625, 3.9375], "texture": "#0"},
				"up": {"uv": [8.8125, 3.0625, 8.75, 3], "texture": "#0"},
				"down": {"uv": [3.3125, 8.75, 3.25, 8.8125], "texture": "#0"}
			}
		},
		{
			"from": [6.2875, 9.075, 1.96875],
			"to": [6.475, 9.7, 2.15625],
			"rotation": {"angle": 45, "axis": "z", "origin": [6.75, 10, 2.375]},
			"faces": {
				"north": {"uv": [4, 8, 4.0625, 8.1875], "texture": "#0"},
				"east": {"uv": [8, 4, 8.0625, 4.1875], "texture": "#0"},
				"south": {"uv": [4.25, 8, 4.3125, 8.1875], "texture": "#0"},
				"west": {"uv": [8, 4.25, 8.0625, 4.4375], "texture": "#0"},
				"up": {"uv": [8.8125, 3.3125, 8.75, 3.25], "texture": "#0"},
				"down": {"uv": [3.5625, 8.75, 3.5, 8.8125], "texture": "#0"}
			}
		},
		{
			"from": [6.3625, 9.075, 1.48125],
			"to": [6.475, 9.775, 1.59375],
			"rotation": {"angle": 45, "axis": "z", "origin": [6.75, 10, 2.375]},
			"faces": {
				"north": {"uv": [4.5, 8, 4.5625, 8.1875], "texture": "#0"},
				"east": {"uv": [8, 4.5, 8.0625, 4.6875], "texture": "#0"},
				"south": {"uv": [4.75, 8, 4.8125, 8.1875], "texture": "#0"},
				"west": {"uv": [8, 4.75, 8.0625, 4.9375], "texture": "#0"},
				"up": {"uv": [8.8125, 3.5625, 8.75, 3.5], "texture": "#0"},
				"down": {"uv": [3.8125, 8.75, 3.75, 8.8125], "texture": "#0"}
			}
		},
		{
			"from": [6.3625, 9.075, 2.15625],
			"to": [6.475, 9.775, 2.26875],
			"rotation": {"angle": 45, "axis": "z", "origin": [6.75, 10, 2.375]},
			"faces": {
				"north": {"uv": [5, 8, 5.0625, 8.1875], "texture": "#0"},
				"east": {"uv": [8, 5, 8.0625, 5.1875], "texture": "#0"},
				"south": {"uv": [5.25, 8, 5.3125, 8.1875], "texture": "#0"},
				"west": {"uv": [8, 5.25, 8.0625, 5.4375], "texture": "#0"},
				"up": {"uv": [8.8125, 3.8125, 8.75, 3.75], "texture": "#0"},
				"down": {"uv": [4.0625, 8.75, 4, 8.8125], "texture": "#0"}
			}
		},
		{
			"from": [6.85, 9.075, 1.48125],
			"to": [6.9625, 10, 1.59375],
			"rotation": {"angle": 45, "axis": "z", "origin": [6.75, 10, 2.375]},
			"faces": {
				"north": {"uv": [7.75, 2.25, 7.8125, 2.5], "texture": "#0"},
				"east": {"uv": [2.5, 7.75, 2.5625, 8], "texture": "#0"},
				"south": {"uv": [7.75, 2.5, 7.8125, 2.75], "texture": "#0"},
				"west": {"uv": [2.75, 7.75, 2.8125, 8], "texture": "#0"},
				"up": {"uv": [8.8125, 4.0625, 8.75, 4], "texture": "#0"},
				"down": {"uv": [4.3125, 8.75, 4.25, 8.8125], "texture": "#0"}
			}
		},
		{
			"from": [6.85, 9.075, 2.15625],
			"to": [6.9625, 10, 2.26875],
			"rotation": {"angle": 45, "axis": "z", "origin": [6.75, 10, 2.375]},
			"faces": {
				"north": {"uv": [7.75, 2.75, 7.8125, 3], "texture": "#0"},
				"east": {"uv": [3, 7.75, 3.0625, 8], "texture": "#0"},
				"south": {"uv": [7.75, 3, 7.8125, 3.25], "texture": "#0"},
				"west": {"uv": [3.25, 7.75, 3.3125, 8], "texture": "#0"},
				"up": {"uv": [8.8125, 4.3125, 8.75, 4.25], "texture": "#0"},
				"down": {"uv": [4.5625, 8.75, 4.5, 8.8125], "texture": "#0"}
			}
		},
		{
			"from": [6.475, 9.075, 1.59375],
			"to": [6.55, 9.775, 1.66875],
			"rotation": {"angle": 45, "axis": "z", "origin": [6.75, 10, 2.375]},
			"faces": {
				"north": {"uv": [5.5, 8, 5.5625, 8.1875], "texture": "#0"},
				"east": {"uv": [8, 5.5, 8.0625, 5.6875], "texture": "#0"},
				"south": {"uv": [5.75, 8, 5.8125, 8.1875], "texture": "#0"},
				"west": {"uv": [8, 5.75, 8.0625, 5.9375], "texture": "#0"},
				"up": {"uv": [8.8125, 4.5625, 8.75, 4.5], "texture": "#0"},
				"down": {"uv": [4.8125, 8.75, 4.75, 8.8125], "texture": "#0"}
			}
		},
		{
			"from": [6.475, 9.075, 2.08125],
			"to": [6.55, 9.775, 2.15625],
			"rotation": {"angle": 45, "axis": "z", "origin": [6.75, 10, 2.375]},
			"faces": {
				"north": {"uv": [6, 8, 6.0625, 8.1875], "texture": "#0"},
				"east": {"uv": [8, 6, 8.0625, 6.1875], "texture": "#0"},
				"south": {"uv": [6.25, 8, 6.3125, 8.1875], "texture": "#0"},
				"west": {"uv": [8, 6.25, 8.0625, 6.4375], "texture": "#0"},
				"up": {"uv": [8.8125, 4.8125, 8.75, 4.75], "texture": "#0"},
				"down": {"uv": [5.0625, 8.75, 5, 8.8125], "texture": "#0"}
			}
		},
		{
			"from": [6.775, 9.075, 1.59375],
			"to": [6.85, 10, 1.66875],
			"rotation": {"angle": 45, "axis": "z", "origin": [6.75, 10, 2.375]},
			"faces": {
				"north": {"uv": [7.75, 3.25, 7.8125, 3.5], "texture": "#0"},
				"east": {"uv": [3.5, 7.75, 3.5625, 8], "texture": "#0"},
				"south": {"uv": [7.75, 3.5, 7.8125, 3.75], "texture": "#0"},
				"west": {"uv": [3.75, 7.75, 3.8125, 8], "texture": "#0"},
				"up": {"uv": [8.8125, 5.0625, 8.75, 5], "texture": "#0"},
				"down": {"uv": [5.3125, 8.75, 5.25, 8.8125], "texture": "#0"}
			}
		},
		{
			"from": [6.775, 9.075, 2.08125],
			"to": [6.85, 10, 2.15625],
			"rotation": {"angle": 45, "axis": "z", "origin": [6.75, 10, 2.375]},
			"faces": {
				"north": {"uv": [7.75, 3.75, 7.8125, 4], "texture": "#0"},
				"east": {"uv": [4, 7.75, 4.0625, 8], "texture": "#0"},
				"south": {"uv": [7.75, 4, 7.8125, 4.25], "texture": "#0"},
				"west": {"uv": [4.25, 7.75, 4.3125, 8], "texture": "#0"},
				"up": {"uv": [8.8125, 5.3125, 8.75, 5.25], "texture": "#0"},
				"down": {"uv": [5.5625, 8.75, 5.5, 8.8125], "texture": "#0"}
			}
		},
		{
			"from": [7.35, 5.86155, 0.1992],
			"to": [8.65, 7.76155, 1.4992],
			"rotation": {"angle": 22.5, "axis": "x", "origin": [8, 5.53655, 1.4492]},
			"faces": {
				"north": {"uv": [5.25, 0.5, 5.5625, 1], "texture": "#0"},
				"east": {"uv": [1, 5.25, 1.3125, 5.75], "texture": "#0"},
				"south": {"uv": [1.5, 5.25, 1.8125, 5.75], "texture": "#0"},
				"west": {"uv": [2, 5.25, 2.3125, 5.75], "texture": "#0"},
				"up": {"uv": [5.0625, 6.5625, 4.75, 6.25], "texture": "#0"},
				"down": {"uv": [6.5625, 5, 6.25, 5.3125], "texture": "#0"}
			}
		},
		{
			"from": [7.3, 4.725, 1.025],
			"to": [8.7, 6.975, 2.425],
			"rotation": {"angle": -22.5, "axis": "x", "origin": [8, 5, 2.375]},
			"faces": {
				"north": {"uv": [4.5, 1, 4.875, 1.5625], "texture": "#0"},
				"east": {"uv": [1.5, 4.5, 1.875, 5.0625], "texture": "#0"},
				"south": {"uv": [2, 4.5, 2.375, 5.0625], "texture": "#0"},
				"west": {"uv": [2.5, 4.5, 2.875, 5.0625], "texture": "#0"},
				"up": {"uv": [5.875, 1.375, 5.5, 1], "texture": "#0"},
				"down": {"uv": [5.875, 1.5, 5.5, 1.875], "texture": "#0"}
			}
		},
		{
			"from": [7.25, 4, 1.25],
			"to": [8.75, 5.75, 3.5],
			"rotation": {"angle": 0, "axis": "x", "origin": [8, 5.375, 2.625]},
			"faces": {
				"north": {"uv": [5.25, 0, 5.625, 0.4375], "texture": "#0"},
				"east": {"uv": [3.75, 1.25, 4.3125, 1.6875], "texture": "#0"},
				"south": {"uv": [0.5, 5.25, 0.875, 5.6875], "texture": "#0"},
				"west": {"uv": [3.75, 1.75, 4.3125, 2.1875], "texture": "#0"},
				"up": {"uv": [0.375, 5.0625, 0, 4.5], "texture": "#0"},
				"down": {"uv": [0.875, 4.5, 0.5, 5.0625], "texture": "#0"}
			}
		},
		{
			"from": [6.5, 3.75, 3.5],
			"to": [9.5, 7, 6.25],
			"rotation": {"angle": 0, "axis": "y", "origin": [1.5, 0, 7.5]},
			"faces": {
				"north": {"uv": [0, 0, 0.75, 0.8125], "texture": "#0"},
				"east": {"uv": [1.5, 1.5, 2.1875, 2.3125], "texture": "#0"},
				"south": {"uv": [0.75, 0, 1.5, 0.8125], "texture": "#0"},
				"west": {"uv": [0, 2, 0.6875, 2.8125], "texture": "#0"},
				"up": {"uv": [3, 1.6875, 2.25, 1], "texture": "#0"},
				"down": {"uv": [3, 1.75, 2.25, 2.4375], "texture": "#0"}
			}
		},
		{
			"from": [6.5, 3.65, 6.25],
			"to": [9.5, 6.75, 8.5],
			"rotation": {"angle": 0, "axis": "y", "origin": [1.5, 0, 7.75]},
			"faces": {
				"north": {"uv": [1.5, 0, 2.25, 0.75], "texture": "#0"},
				"east": {"uv": [0, 3, 0.5625, 3.75], "texture": "#0"},
				"south": {"uv": [1.5, 0.75, 2.25, 1.5], "texture": "#0"},
				"west": {"uv": [3, 0, 3.5625, 0.75], "texture": "#0"},
				"up": {"uv": [1.5, 3.5625, 0.75, 3], "texture": "#0"},
				"down": {"uv": [3.75, 0.75, 3, 1.3125], "texture": "#0"}
			}
		},
		{
			"from": [6.5, 3.75, 8.5],
			"to": [9.5, 7, 11.25],
			"rotation": {"angle": 0, "axis": "y", "origin": [1.5, 0, 7.75]},
			"faces": {
				"north": {"uv": [0, 1, 0.75, 1.8125], "texture": "#0"},
				"east": {"uv": [0.75, 2, 1.4375, 2.8125], "texture": "#0"},
				"south": {"uv": [0.75, 1, 1.5, 1.8125], "texture": "#0"},
				"west": {"uv": [2.25, 0, 2.9375, 0.8125], "texture": "#0"},
				"up": {"uv": [2.25, 3.1875, 1.5, 2.5], "texture": "#0"},
				"down": {"uv": [3, 2.5, 2.25, 3.1875], "texture": "#0"}
			}
		},
		{
			"from": [6.75, 7, 3.75],
			"to": [9.25, 8, 6],
			"rotation": {"angle": 0, "axis": "y", "origin": [1.5, 0, 7.5]},
			"faces": {
				"north": {"uv": [3.5, 5.25, 4.125, 5.5], "texture": "#0"},
				"east": {"uv": [3, 5.5, 3.5625, 5.75], "texture": "#0"},
				"south": {"uv": [5.25, 3.5, 5.875, 3.75], "texture": "#0"},
				"west": {"uv": [5.5, 4.75, 6.0625, 5], "texture": "#0"},
				"up": {"uv": [3.625, 2.0625, 3, 1.5], "texture": "#0"},
				"down": {"uv": [3.625, 2.25, 3, 2.8125], "texture": "#0"}
			}
		},
		{
			"from": [7, 8, 4],
			"to": [9, 9.75, 5.75],
			"rotation": {"angle": 0, "axis": "y", "origin": [1.5, 0, 7.5]},
			"faces": {
				"north": {"uv": [4.25, 0.5, 4.75, 0.9375], "texture": "#0"},
				"east": {"uv": [4.75, 0, 5.1875, 0.4375], "texture": "#0"},
				"south": {"uv": [1, 4.25, 1.5, 4.6875], "texture": "#0"},
				"west": {"uv": [4.75, 0.5, 5.1875, 0.9375], "texture": "#0"},
				"up": {"uv": [4.75, 2.6875, 4.25, 2.25], "texture": "#0"},
				"down": {"uv": [4.75, 2.75, 4.25, 3.1875], "texture": "#0"}
			}
		},
		{
			"from": [7.25, 9.75, 4.25],
			"to": [8.75, 10, 5.5],
			"rotation": {"angle": 0, "axis": "y", "origin": [1.5, 0, 7.5]},
			"faces": {
				"north": {"uv": [3.25, 7, 3.625, 7.0625], "texture": "#0"},
				"east": {"uv": [0.75, 7.25, 1.0625, 7.3125], "texture": "#0"},
				"south": {"uv": [7, 3.5, 7.375, 3.5625], "texture": "#0"},
				"west": {"uv": [7.25, 1, 7.5625, 1.0625], "texture": "#0"},
				"up": {"uv": [0.375, 6.3125, 0, 6], "texture": "#0"},
				"down": {"uv": [6.375, 1, 6, 1.3125], "texture": "#0"}
			}
		},
		{
			"from": [7.25, 9.75, 9.25],
			"to": [8.75, 10, 10.5],
			"rotation": {"angle": 0, "axis": "y", "origin": [1.5, 0, 7.25]},
			"faces": {
				"north": {"uv": [3.75, 7, 4.125, 7.0625], "texture": "#0"},
				"east": {"uv": [1.25, 7.25, 1.5625, 7.3125], "texture": "#0"},
				"south": {"uv": [4.25, 7, 4.625, 7.0625], "texture": "#0"},
				"west": {"uv": [7.25, 1.25, 7.5625, 1.3125], "texture": "#0"},
				"up": {"uv": [6.375, 1.8125, 6, 1.5], "texture": "#0"},
				"down": {"uv": [6.375, 3.5, 6, 3.8125], "texture": "#0"}
			}
		},
		{
			"from": [7, 8, 9],
			"to": [9, 9.75, 10.75],
			"rotation": {"angle": 0, "axis": "y", "origin": [1.5, 0, 7.25]},
			"faces": {
				"north": {"uv": [4.25, 3.25, 4.75, 3.6875], "texture": "#0"},
				"east": {"uv": [1, 4.75, 1.4375, 5.1875], "texture": "#0"},
				"south": {"uv": [3.75, 4.25, 4.25, 4.6875], "texture": "#0"},
				"west": {"uv": [4.75, 2.25, 5.1875, 2.6875], "texture": "#0"},
				"up": {"uv": [4.75, 4.1875, 4.25, 3.75], "texture": "#0"},
				"down": {"uv": [4.75, 4.25, 4.25, 4.6875], "texture": "#0"}
			}
		},
		{
			"from": [6.75, 7, 8.75],
			"to": [9.25, 8, 11],
			"rotation": {"angle": 0, "axis": "y", "origin": [1.5, 0, 7.25]},
			"faces": {
				"north": {"uv": [5.25, 3.75, 5.875, 4], "texture": "#0"},
				"east": {"uv": [5.5, 5, 6.0625, 5.25], "texture": "#0"},
				"south": {"uv": [5.25, 4, 5.875, 4.25], "texture": "#0"},
				"west": {"uv": [0, 5.75, 0.5625, 6], "texture": "#0"},
				"up": {"uv": [3.625, 3.5625, 3, 3], "texture": "#0"},
				"down": {"uv": [2.125, 3.25, 1.5, 3.8125], "texture": "#0"}
			}
		},
		{
			"from": [6.2, 0, 3.45],
			"to": [7.3, 0.5, 4.55],
			"rotation": {"angle": 0, "axis": "y", "origin": [2.25, 0, 7.5]},
			"faces": {
				"north": {"uv": [6.75, 6.5, 7, 6.625], "texture": "#0"},
				"east": {"uv": [6.75, 6.75, 7, 6.875], "texture": "#0"},
				"south": {"uv": [0, 7, 0.25, 7.125], "texture": "#0"},
				"west": {"uv": [7, 0, 7.25, 0.125], "texture": "#0"},
				"up": {"uv": [4.5, 1.25, 4.25, 1], "texture": "#0"},
				"down": {"uv": [3.75, 4.5, 3.5, 4.75], "texture": "#0"}
			}
		},
		{
			"from": [6.25, 0.25, 3.55],
			"to": [7.25, 2, 4.55],
			"rotation": {"angle": 22.5, "axis": "x", "origin": [6.75, 0.5, 4.05]},
			"faces": {
				"north": {"uv": [2.75, 3.25, 3, 3.6875], "texture": "#0"},
				"east": {"uv": [2.5, 4, 2.75, 4.4375], "texture": "#0"},
				"south": {"uv": [1, 6.25, 1.25, 6.6875], "texture": "#0"},
				"west": {"uv": [1.25, 6.25, 1.5, 6.6875], "texture": "#0"},
				"up": {"uv": [5.25, 2.25, 5, 2], "texture": "#0"},
				"down": {"uv": [0.75, 6, 0.5, 6.25], "texture": "#0"}
			}
		},
		{
			"from": [6.2, 0, 2.85],
			"to": [6.7, 0.5, 3.45],
			"rotation": {"angle": 0, "axis": "y", "origin": [2.25, 0, 6.4]},
			"faces": {
				"north": {"uv": [7.25, 3, 7.375, 3.125], "texture": "#0"},
				"east": {"uv": [3.25, 7.25, 3.375, 7.375], "texture": "#0"},
				"south": {"uv": [7.25, 3.25, 7.375, 3.375], "texture": "#0"},
				"west": {"uv": [3.5, 7.25, 3.625, 7.375], "texture": "#0"},
				"up": {"uv": [3.875, 7.375, 3.75, 7.25], "texture": "#0"},
				"down": {"uv": [7.375, 3.75, 7.25, 3.875], "texture": "#0"}
			}
		},
		{
			"from": [6.8, 0, 2.85],
			"to": [7.3, 0.5, 3.45],
			"rotation": {"angle": 0, "axis": "y", "origin": [2.85, 0, 6.4]},
			"faces": {
				"north": {"uv": [4, 7.25, 4.125, 7.375], "texture": "#0"},
				"east": {"uv": [7.25, 4, 7.375, 4.125], "texture": "#0"},
				"south": {"uv": [4.25, 7.25, 4.375, 7.375], "texture": "#0"},
				"west": {"uv": [7.25, 4.25, 7.375, 4.375], "texture": "#0"},
				"up": {"uv": [4.625, 7.375, 4.5, 7.25], "texture": "#0"},
				"down": {"uv": [7.375, 4.5, 7.25, 4.625], "texture": "#0"}
			}
		},
		{
			"from": [6.9, 0, 2.65],
			"to": [7.2, 0.3, 2.85],
			"rotation": {"angle": 0, "axis": "y", "origin": [2.85, 0, 5.8]},
			"faces": {
				"north": {"uv": [8.25, 6.25, 8.3125, 6.3125], "texture": "#0"},
				"east": {"uv": [6.5, 8.25, 6.5625, 8.3125], "texture": "#0"},
				"south": {"uv": [8.25, 6.5, 8.3125, 6.5625], "texture": "#0"},
				"west": {"uv": [6.75, 8.25, 6.8125, 8.3125], "texture": "#0"},
				"up": {"uv": [8.3125, 6.8125, 8.25, 6.75], "texture": "#0"},
				"down": {"uv": [7.0625, 8.25, 7, 8.3125], "texture": "#0"}
			}
		},
		{
			"from": [6.3, 0, 2.65],
			"to": [6.6, 0.3, 2.85],
			"rotation": {"angle": 0, "axis": "y", "origin": [2.25, 0, 5.8]},
			"faces": {
				"north": {"uv": [8.25, 7, 8.3125, 7.0625], "texture": "#0"},
				"east": {"uv": [7.25, 8.25, 7.3125, 8.3125], "texture": "#0"},
				"south": {"uv": [8.25, 7.25, 8.3125, 7.3125], "texture": "#0"},
				"west": {"uv": [7.5, 8.25, 7.5625, 8.3125], "texture": "#0"},
				"up": {"uv": [8.3125, 7.5625, 8.25, 7.5], "texture": "#0"},
				"down": {"uv": [7.8125, 8.25, 7.75, 8.3125], "texture": "#0"}
			}
		},
		{
			"from": [7.3, 0, 2.95],
			"to": [7.4, 0.4, 4.1],
			"rotation": {"angle": 0, "axis": "y", "origin": [3.35, 0, 6.4]},
			"faces": {
				"north": {"uv": [6.5, 8, 6.5625, 8.125], "texture": "#0"},
				"east": {"uv": [6.75, 0.75, 7.0625, 0.875], "texture": "#0"},
				"south": {"uv": [8, 6.5, 8.0625, 6.625], "texture": "#0"},
				"west": {"uv": [6.75, 2.5, 7.0625, 2.625], "texture": "#0"},
				"up": {"uv": [4.8125, 7.3125, 4.75, 7], "texture": "#0"},
				"down": {"uv": [5.0625, 7, 5, 7.3125], "texture": "#0"}
			}
		},
		{
			"from": [6.1, 0, 2.95],
			"to": [6.2, 0.4, 4.1],
			"rotation": {"angle": 0, "axis": "y", "origin": [2.15, 0, 6.4]},
			"faces": {
				"north": {"uv": [6.75, 8, 6.8125, 8.125], "texture": "#0"},
				"east": {"uv": [2.75, 6.75, 3.0625, 6.875], "texture": "#0"},
				"south": {"uv": [8, 6.75, 8.0625, 6.875], "texture": "#0"},
				"west": {"uv": [6.75, 2.75, 7.0625, 2.875], "texture": "#0"},
				"up": {"uv": [5.3125, 7.3125, 5.25, 7], "texture": "#0"},
				"down": {"uv": [5.5625, 7, 5.5, 7.3125], "texture": "#0"}
			}
		},
		{
			"from": [6.15, 2, 3.45],
			"to": [7.35, 3.75, 4.65],
			"rotation": {"angle": 22.5, "axis": "x", "origin": [6.75, 0.5, 4.05]},
			"faces": {
				"north": {"uv": [5.75, 0.5, 6.0625, 0.9375], "texture": "#0"},
				"east": {"uv": [0.75, 5.75, 1.0625, 6.1875], "texture": "#0"},
				"south": {"uv": [1.25, 5.75, 1.5625, 6.1875], "texture": "#0"},
				"west": {"uv": [1.75, 5.75, 2.0625, 6.1875], "texture": "#0"},
				"up": {"uv": [2.5625, 6.5625, 2.25, 6.25], "texture": "#0"},
				"down": {"uv": [6.5625, 2.5, 6.25, 2.8125], "texture": "#0"}
			}
		},
		{
			"from": [6, 2.86921, 4.65887],
			"to": [7.5, 4.86921, 6.15887],
			"rotation": {"angle": -22.5, "axis": "x", "origin": [6.75, 2.69421, 4.95887]},
			"faces": {
				"north": {"uv": [4.75, 2.75, 5.125, 3.25], "texture": "#0"},
				"east": {"uv": [4.75, 3.25, 5.125, 3.75], "texture": "#0"},
				"south": {"uv": [3.5, 4.75, 3.875, 5.25], "texture": "#0"},
				"west": {"uv": [4.75, 3.75, 5.125, 4.25], "texture": "#0"},
				"up": {"uv": [4.625, 5.625, 4.25, 5.25], "texture": "#0"},
				"down": {"uv": [5.625, 4.25, 5.25, 4.625], "texture": "#0"}
			}
		},
		{
			"from": [8.5, 2.86921, 4.65887],
			"to": [10, 4.86921, 6.15887],
			"rotation": {"angle": -22.5, "axis": "x", "origin": [9.25, 2.69421, 4.95887]},
			"faces": {
				"north": {"uv": [5, 1.5, 5.375, 2], "texture": "#0"},
				"east": {"uv": [3, 5, 3.375, 5.5], "texture": "#0"},
				"south": {"uv": [5, 4.75, 5.375, 5.25], "texture": "#0"},
				"west": {"uv": [0, 5.25, 0.375, 5.75], "texture": "#0"},
				"up": {"uv": [5.125, 5.625, 4.75, 5.25], "texture": "#0"},
				"down": {"uv": [5.625, 5.25, 5.25, 5.625], "texture": "#0"}
			}
		},
		{
			"from": [8.65, 2, 3.45],
			"to": [9.85, 3.75, 4.65],
			"rotation": {"angle": 22.5, "axis": "x", "origin": [9.25, 0.5, 4.05]},
			"faces": {
				"north": {"uv": [4.75, 5.75, 5.0625, 6.1875], "texture": "#0"},
				"east": {"uv": [5.25, 5.75, 5.5625, 6.1875], "texture": "#0"},
				"south": {"uv": [5.75, 5.25, 6.0625, 5.6875], "texture": "#0"},
				"west": {"uv": [5.75, 5.75, 6.0625, 6.1875], "texture": "#0"},
				"up": {"uv": [4.5625, 6.5625, 4.25, 6.25], "texture": "#0"},
				"down": {"uv": [6.5625, 4.5, 6.25, 4.8125], "texture": "#0"}
			}
		},
		{
			"from": [9.8, 0, 2.95],
			"to": [9.9, 0.4, 4.1],
			"rotation": {"angle": 0, "axis": "y", "origin": [13.85, 0, 6.4]},
			"faces": {
				"north": {"uv": [8, 8, 8.0625, 8.125], "texture": "#0"},
				"east": {"uv": [6.75, 4.5, 7.0625, 4.625], "texture": "#0"},
				"south": {"uv": [0, 8.25, 0.0625, 8.375], "texture": "#0"},
				"west": {"uv": [4.75, 6.75, 5.0625, 6.875], "texture": "#0"},
				"up": {"uv": [7.3125, 0.3125, 7.25, 0], "texture": "#0"},
				"down": {"uv": [0.3125, 7.25, 0.25, 7.5625], "texture": "#0"}
			}
		},
		{
			"from": [8.6, 0, 2.95],
			"to": [8.7, 0.4, 4.1],
			"rotation": {"angle": 0, "axis": "y", "origin": [12.65, 0, 6.4]},
			"faces": {
				"north": {"uv": [8.25, 0, 8.3125, 0.125], "texture": "#0"},
				"east": {"uv": [6.75, 4.75, 7.0625, 4.875], "texture": "#0"},
				"south": {"uv": [0.25, 8.25, 0.3125, 8.375], "texture": "#0"},
				"west": {"uv": [6.75, 5, 7.0625, 5.125], "texture": "#0"},
				"up": {"uv": [0.5625, 7.5625, 0.5, 7.25], "texture": "#0"},
				"down": {"uv": [7.3125, 0.5, 7.25, 0.8125], "texture": "#0"}
			}
		},
		{
			"from": [9.4, 0, 2.65],
			"to": [9.7, 0.3, 2.85],
			"rotation": {"angle": 0, "axis": "y", "origin": [13.75, 0, 5.8]},
			"faces": {
				"north": {"uv": [2.5, 8.5, 2.5625, 8.5625], "texture": "#0"},
				"east": {"uv": [8.5, 2.5, 8.5625, 2.5625], "texture": "#0"},
				"south": {"uv": [2.75, 8.5, 2.8125, 8.5625], "texture": "#0"},
				"west": {"uv": [8.5, 2.75, 8.5625, 2.8125], "texture": "#0"},
				"up": {"uv": [3.0625, 8.5625, 3, 8.5], "texture": "#0"},
				"down": {"uv": [8.5625, 3, 8.5, 3.0625], "texture": "#0"}
			}
		},
		{
			"from": [8.8, 0, 2.65],
			"to": [9.1, 0.3, 2.85],
			"rotation": {"angle": 0, "axis": "y", "origin": [13.15, 0, 5.8]},
			"faces": {
				"north": {"uv": [3.25, 8.5, 3.3125, 8.5625], "texture": "#0"},
				"east": {"uv": [8.5, 3.25, 8.5625, 3.3125], "texture": "#0"},
				"south": {"uv": [3.5, 8.5, 3.5625, 8.5625], "texture": "#0"},
				"west": {"uv": [8.5, 3.5, 8.5625, 3.5625], "texture": "#0"},
				"up": {"uv": [3.8125, 8.5625, 3.75, 8.5], "texture": "#0"},
				"down": {"uv": [8.5625, 3.75, 8.5, 3.8125], "texture": "#0"}
			}
		},
		{
			"from": [8.7, 0, 2.85],
			"to": [9.2, 0.5, 3.45],
			"rotation": {"angle": 0, "axis": "y", "origin": [13.15, 0, 6.4]},
			"faces": {
				"north": {"uv": [2.25, 7.5, 2.375, 7.625], "texture": "#0"},
				"east": {"uv": [7.5, 2.25, 7.625, 2.375], "texture": "#0"},
				"south": {"uv": [2.5, 7.5, 2.625, 7.625], "texture": "#0"},
				"west": {"uv": [7.5, 2.5, 7.625, 2.625], "texture": "#0"},
				"up": {"uv": [2.875, 7.625, 2.75, 7.5], "texture": "#0"},
				"down": {"uv": [7.625, 2.75, 7.5, 2.875], "texture": "#0"}
			}
		},
		{
			"from": [9.3, 0, 2.85],
			"to": [9.8, 0.5, 3.45],
			"rotation": {"angle": 0, "axis": "y", "origin": [13.75, 0, 6.4]},
			"faces": {
				"north": {"uv": [3, 7.5, 3.125, 7.625], "texture": "#0"},
				"east": {"uv": [7.5, 3, 7.625, 3.125], "texture": "#0"},
				"south": {"uv": [3.25, 7.5, 3.375, 7.625], "texture": "#0"},
				"west": {"uv": [7.5, 3.25, 7.625, 3.375], "texture": "#0"},
				"up": {"uv": [3.625, 7.625, 3.5, 7.5], "texture": "#0"},
				"down": {"uv": [7.625, 3.5, 7.5, 3.625], "texture": "#0"}
			}
		},
		{
			"from": [8.75, 0.25, 3.55],
			"to": [9.75, 2, 4.55],
			"rotation": {"angle": 22.5, "axis": "x", "origin": [9.25, 0.5, 4.05]},
			"faces": {
				"north": {"uv": [1.5, 6.25, 1.75, 6.6875], "texture": "#0"},
				"east": {"uv": [1.75, 6.25, 2, 6.6875], "texture": "#0"},
				"south": {"uv": [2, 6.25, 2.25, 6.6875], "texture": "#0"},
				"west": {"uv": [6.25, 2, 6.5, 2.4375], "texture": "#0"},
				"up": {"uv": [7, 0.25, 6.75, 0], "texture": "#0"},
				"down": {"uv": [7, 0.25, 6.75, 0.5], "texture": "#0"}
			}
		},
		{
			"from": [8.7, 0, 3.45],
			"to": [9.8, 0.5, 4.55],
			"rotation": {"angle": 0, "axis": "y", "origin": [13.75, 0, 7.5]},
			"faces": {
				"north": {"uv": [7, 2, 7.25, 2.125], "texture": "#0"},
				"east": {"uv": [7, 2.25, 7.25, 2.375], "texture": "#0"},
				"south": {"uv": [2.75, 7, 3, 7.125], "texture": "#0"},
				"west": {"uv": [3, 7, 3.25, 7.125], "texture": "#0"},
				"up": {"uv": [0.75, 7, 0.5, 6.75], "texture": "#0"},
				"down": {"uv": [7, 0.5, 6.75, 0.75], "texture": "#0"}
			}
		},
		{
			"from": [6.1, 0, 8.95],
			"to": [6.2, 0.4, 10.1],
			"rotation": {"angle": 0, "axis": "y", "origin": [2.15, 0, 12.4]},
			"faces": {
				"north": {"uv": [7, 8, 7.0625, 8.125], "texture": "#0"},
				"east": {"uv": [6.75, 3, 7.0625, 3.125], "texture": "#0"},
				"south": {"uv": [8, 7, 8.0625, 7.125], "texture": "#0"},
				"west": {"uv": [3.25, 6.75, 3.5625, 6.875], "texture": "#0"},
				"up": {"uv": [5.8125, 7.3125, 5.75, 7], "texture": "#0"},
				"down": {"uv": [6.0625, 7, 6, 7.3125], "texture": "#0"}
			}
		},
		{
			"from": [7.3, 0, 8.95],
			"to": [7.4, 0.4, 10.1],
			"rotation": {"angle": 0, "axis": "y", "origin": [3.35, 0, 12.4]},
			"faces": {
				"north": {"uv": [7.25, 8, 7.3125, 8.125], "texture": "#0"},
				"east": {"uv": [6.75, 3.25, 7.0625, 3.375], "texture": "#0"},
				"south": {"uv": [8, 7.25, 8.0625, 7.375], "texture": "#0"},
				"west": {"uv": [3.75, 6.75, 4.0625, 6.875], "texture": "#0"},
				"up": {"uv": [6.3125, 7.3125, 6.25, 7], "texture": "#0"},
				"down": {"uv": [6.5625, 7, 6.5, 7.3125], "texture": "#0"}
			}
		},
		{
			"from": [6.3, 0, 8.65],
			"to": [6.6, 0.3, 8.85],
			"rotation": {"angle": 0, "axis": "y", "origin": [2.25, 0, 11.8]},
			"faces": {
				"north": {"uv": [8.25, 7.75, 8.3125, 7.8125], "texture": "#0"},
				"east": {"uv": [8, 8.25, 8.0625, 8.3125], "texture": "#0"},
				"south": {"uv": [8.25, 8, 8.3125, 8.0625], "texture": "#0"},
				"west": {"uv": [8.25, 8.25, 8.3125, 8.3125], "texture": "#0"},
				"up": {"uv": [0.0625, 8.5625, 0, 8.5], "texture": "#0"},
				"down": {"uv": [8.5625, 0, 8.5, 0.0625], "texture": "#0"}
			}
		},
		{
			"from": [6.9, 0, 8.65],
			"to": [7.2, 0.3, 8.85],
			"rotation": {"angle": 0, "axis": "y", "origin": [2.85, 0, 11.8]},
			"faces": {
				"north": {"uv": [0.25, 8.5, 0.3125, 8.5625], "texture": "#0"},
				"east": {"uv": [8.5, 0.25, 8.5625, 0.3125], "texture": "#0"},
				"south": {"uv": [0.5, 8.5, 0.5625, 8.5625], "texture": "#0"},
				"west": {"uv": [8.5, 0.5, 8.5625, 0.5625], "texture": "#0"},
				"up": {"uv": [0.8125, 8.5625, 0.75, 8.5], "texture": "#0"},
				"down": {"uv": [8.5625, 0.75, 8.5, 0.8125], "texture": "#0"}
			}
		},
		{
			"from": [6.8, 0, 8.85],
			"to": [7.3, 0.5, 9.45],
			"rotation": {"angle": 0, "axis": "y", "origin": [2.85, 0, 12.4]},
			"faces": {
				"north": {"uv": [7.25, 4.75, 7.375, 4.875], "texture": "#0"},
				"east": {"uv": [7.25, 5, 7.375, 5.125], "texture": "#0"},
				"south": {"uv": [7.25, 5.25, 7.375, 5.375], "texture": "#0"},
				"west": {"uv": [7.25, 5.5, 7.375, 5.625], "texture": "#0"},
				"up": {"uv": [7.375, 5.875, 7.25, 5.75], "texture": "#0"},
				"down": {"uv": [7.375, 6, 7.25, 6.125], "texture": "#0"}
			}
		},
		{
			"from": [6.2, 0, 8.85],
			"to": [6.7, 0.5, 9.45],
			"rotation": {"angle": 0, "axis": "y", "origin": [2.25, 0, 12.4]},
			"faces": {
				"north": {"uv": [7.25, 6.25, 7.375, 6.375], "texture": "#0"},
				"east": {"uv": [7.25, 6.5, 7.375, 6.625], "texture": "#0"},
				"south": {"uv": [7.25, 6.75, 7.375, 6.875], "texture": "#0"},
				"west": {"uv": [7.25, 7, 7.375, 7.125], "texture": "#0"},
				"up": {"uv": [7.375, 7.375, 7.25, 7.25], "texture": "#0"},
				"down": {"uv": [7.625, 0, 7.5, 0.125], "texture": "#0"}
			}
		},
		{
			"from": [6.25, 0.25, 9.55],
			"to": [7.25, 1.75, 10.55],
			"rotation": {"angle": 22.5, "axis": "x", "origin": [6.75, 0.5, 10.05]},
			"faces": {
				"north": {"uv": [5.25, 6.25, 5.5, 6.625], "texture": "#0"},
				"east": {"uv": [5.5, 6.25, 5.75, 6.625], "texture": "#0"},
				"south": {"uv": [6.25, 5.5, 6.5, 5.875], "texture": "#0"},
				"west": {"uv": [5.75, 6.25, 6, 6.625], "texture": "#0"},
				"up": {"uv": [6.25, 4.25, 6, 4], "texture": "#0"},
				"down": {"uv": [6.75, 3.75, 6.5, 4], "texture": "#0"}
			}
		},
		{
			"from": [6.2, 0, 9.45],
			"to": [7.3, 0.5, 10.55],
			"rotation": {"angle": 0, "axis": "y", "origin": [2.25, 0, 13.5]},
			"faces": {
				"north": {"uv": [0.25, 7, 0.5, 7.125], "texture": "#0"},
				"east": {"uv": [7, 0.25, 7.25, 0.375], "texture": "#0"},
				"south": {"uv": [0.5, 7, 0.75, 7.125], "texture": "#0"},
				"west": {"uv": [7, 0.5, 7.25, 0.625], "texture": "#0"},
				"up": {"uv": [6.75, 5.75, 6.5, 5.5], "texture": "#0"},
				"down": {"uv": [6.75, 5.75, 6.5, 6], "texture": "#0"}
			}
		},
		{
			"from": [6.15, 1.75, 9.45],
			"to": [7.35, 3.5, 10.65],
			"rotation": {"angle": 22.5, "axis": "x", "origin": [6.75, 0.5, 10.05]},
			"faces": {
				"north": {"uv": [5.75, 2, 6.0625, 2.4375], "texture": "#0"},
				"east": {"uv": [2.25, 5.75, 2.5625, 6.1875], "texture": "#0"},
				"south": {"uv": [5.75, 2.5, 6.0625, 2.9375], "texture": "#0"},
				"west": {"uv": [2.75, 5.75, 3.0625, 6.1875], "texture": "#0"},
				"up": {"uv": [3.0625, 6.5625, 2.75, 6.25], "texture": "#0"},
				"down": {"uv": [6.5625, 3, 6.25, 3.3125], "texture": "#0"}
			}
		},
		{
			"from": [6.05, 2.6263, 10.17186],
			"to": [7.45, 5.1263, 12.12186],
			"rotation": {"angle": -22.5, "axis": "x", "origin": [6.75, 2.0013, 10.87186]},
			"faces": {
				"north": {"uv": [3.75, 2.25, 4.125, 2.875], "texture": "#0"},
				"east": {"uv": [2.25, 3.25, 2.75, 3.875], "texture": "#0"},
				"south": {"uv": [2.75, 3.75, 3.125, 4.375], "texture": "#0"},
				"west": {"uv": [0, 3.75, 0.5, 4.375], "texture": "#0"},
				"up": {"uv": [4.375, 5.25, 4, 4.75], "texture": "#0"},
				"down": {"uv": [5.125, 4.25, 4.75, 4.75], "texture": "#0"}
			}
		},
		{
			"from": [8.55, 2.6263, 10.17186],
			"to": [9.95, 5.1263, 12.12186],
			"rotation": {"angle": -22.5, "axis": "x", "origin": [9.25, 2.0013, 10.87186]},
			"faces": {
				"north": {"uv": [3.75, 3, 4.125, 3.625], "texture": "#0"},
				"east": {"uv": [3.75, 0, 4.25, 0.625], "texture": "#0"},
				"south": {"uv": [3.25, 3.75, 3.625, 4.375], "texture": "#0"},
				"west": {"uv": [0.5, 3.75, 1, 4.375], "texture": "#0"},
				"up": {"uv": [4.875, 5.25, 4.5, 4.75], "texture": "#0"},
				"down": {"uv": [5.375, 1, 5, 1.5], "texture": "#0"}
			}
		},
		{
			"from": [8.65, 1.75, 9.45],
			"to": [9.85, 3.5, 10.65],
			"rotation": {"angle": 22.5, "axis": "x", "origin": [9.25, 0.5, 10.05]},
			"faces": {
				"north": {"uv": [5.75, 3, 6.0625, 3.4375], "texture": "#0"},
				"east": {"uv": [3.25, 5.75, 3.5625, 6.1875], "texture": "#0"},
				"south": {"uv": [4.25, 5.75, 4.5625, 6.1875], "texture": "#0"},
				"west": {"uv": [5.75, 4.25, 6.0625, 4.6875], "texture": "#0"},
				"up": {"uv": [3.5625, 6.5625, 3.25, 6.25], "texture": "#0"},
				"down": {"uv": [6.5625, 4, 6.25, 4.3125], "texture": "#0"}
			}
		},
		{
			"from": [8.7, 0, 9.45],
			"to": [9.8, 0.5, 10.55],
			"rotation": {"angle": 0, "axis": "y", "origin": [13.75, 0, 13.5]},
			"faces": {
				"north": {"uv": [7, 1, 7.25, 1.125], "texture": "#0"},
				"east": {"uv": [7, 1.25, 7.25, 1.375], "texture": "#0"},
				"south": {"uv": [7, 1.5, 7.25, 1.625], "texture": "#0"},
				"west": {"uv": [7, 1.75, 7.25, 1.875], "texture": "#0"},
				"up": {"uv": [6.75, 6.25, 6.5, 6], "texture": "#0"},
				"down": {"uv": [6.5, 6.5, 6.25, 6.75], "texture": "#0"}
			}
		},
		{
			"from": [8.75, 0.25, 9.55],
			"to": [9.75, 1.75, 10.55],
			"rotation": {"angle": 22.5, "axis": "x", "origin": [9.25, 0.5, 10.05]},
			"faces": {
				"north": {"uv": [6, 6.25, 6.25, 6.625], "texture": "#0"},
				"east": {"uv": [6.25, 6, 6.5, 6.375], "texture": "#0"},
				"south": {"uv": [0, 6.5, 0.25, 6.875], "texture": "#0"},
				"west": {"uv": [0.25, 6.5, 0.5, 6.875], "texture": "#0"},
				"up": {"uv": [6.75, 6.5, 6.5, 6.25], "texture": "#0"},
				"down": {"uv": [6.75, 6.5, 6.5, 6.75], "texture": "#0"}
			}
		},
		{
			"from": [9.3, 0, 8.85],
			"to": [9.8, 0.5, 9.45],
			"rotation": {"angle": 0, "axis": "y", "origin": [13.75, 0, 12.4]},
			"faces": {
				"north": {"uv": [7.5, 0.25, 7.625, 0.375], "texture": "#0"},
				"east": {"uv": [7.5, 0.5, 7.625, 0.625], "texture": "#0"},
				"south": {"uv": [0.75, 7.5, 0.875, 7.625], "texture": "#0"},
				"west": {"uv": [7.5, 0.75, 7.625, 0.875], "texture": "#0"},
				"up": {"uv": [1.125, 7.625, 1, 7.5], "texture": "#0"},
				"down": {"uv": [1.375, 7.5, 1.25, 7.625], "texture": "#0"}
			}
		},
		{
			"from": [8.7, 0, 8.85],
			"to": [9.2, 0.5, 9.45],
			"rotation": {"angle": 0, "axis": "y", "origin": [13.15, 0, 12.4]},
			"faces": {
				"north": {"uv": [1.5, 7.5, 1.625, 7.625], "texture": "#0"},
				"east": {"uv": [7.5, 1.5, 7.625, 1.625], "texture": "#0"},
				"south": {"uv": [1.75, 7.5, 1.875, 7.625], "texture": "#0"},
				"west": {"uv": [7.5, 1.75, 7.625, 1.875], "texture": "#0"},
				"up": {"uv": [2.125, 7.625, 2, 7.5], "texture": "#0"},
				"down": {"uv": [7.625, 2, 7.5, 2.125], "texture": "#0"}
			}
		},
		{
			"from": [8.8, 0, 8.65],
			"to": [9.1, 0.3, 8.85],
			"rotation": {"angle": 0, "axis": "y", "origin": [13.15, 0, 11.8]},
			"faces": {
				"north": {"uv": [1, 8.5, 1.0625, 8.5625], "texture": "#0"},
				"east": {"uv": [8.5, 1, 8.5625, 1.0625], "texture": "#0"},
				"south": {"uv": [1.25, 8.5, 1.3125, 8.5625], "texture": "#0"},
				"west": {"uv": [8.5, 1.25, 8.5625, 1.3125], "texture": "#0"},
				"up": {"uv": [1.5625, 8.5625, 1.5, 8.5], "texture": "#0"},
				"down": {"uv": [8.5625, 1.5, 8.5, 1.5625], "texture": "#0"}
			}
		},
		{
			"from": [9.4, 0, 8.65],
			"to": [9.7, 0.3, 8.85],
			"rotation": {"angle": 0, "axis": "y", "origin": [13.75, 0, 11.8]},
			"faces": {
				"north": {"uv": [1.75, 8.5, 1.8125, 8.5625], "texture": "#0"},
				"east": {"uv": [8.5, 1.75, 8.5625, 1.8125], "texture": "#0"},
				"south": {"uv": [2, 8.5, 2.0625, 8.5625], "texture": "#0"},
				"west": {"uv": [8.5, 2, 8.5625, 2.0625], "texture": "#0"},
				"up": {"uv": [2.3125, 8.5625, 2.25, 8.5], "texture": "#0"},
				"down": {"uv": [8.5625, 2.25, 8.5, 2.3125], "texture": "#0"}
			}
		},
		{
			"from": [8.6, 0, 8.95],
			"to": [8.7, 0.4, 10.1],
			"rotation": {"angle": 0, "axis": "y", "origin": [12.65, 0, 12.4]},
			"faces": {
				"north": {"uv": [7.5, 8, 7.5625, 8.125], "texture": "#0"},
				"east": {"uv": [6.75, 3.75, 7.0625, 3.875], "texture": "#0"},
				"south": {"uv": [8, 7.5, 8.0625, 7.625], "texture": "#0"},
				"west": {"uv": [6.75, 4, 7.0625, 4.125], "texture": "#0"},
				"up": {"uv": [7.0625, 6.8125, 7, 6.5], "texture": "#0"},
				"down": {"uv": [6.8125, 7, 6.75, 7.3125], "texture": "#0"}
			}
		},
		{
			"from": [9.8, 0, 8.95],
			"to": [9.9, 0.4, 10.1],
			"rotation": {"angle": 0, "axis": "y", "origin": [13.85, 0, 12.4]},
			"faces": {
				"north": {"uv": [7.75, 8, 7.8125, 8.125], "texture": "#0"},
				"east": {"uv": [4.25, 6.75, 4.5625, 6.875], "texture": "#0"},
				"south": {"uv": [8, 7.75, 8.0625, 7.875], "texture": "#0"},
				"west": {"uv": [6.75, 4.25, 7.0625, 4.375], "texture": "#0"},
				"up": {"uv": [7.0625, 7.3125, 7, 7], "texture": "#0"},
				"down": {"uv": [0.0625, 7.25, 0, 7.5625], "texture": "#0"}
			}
		},
		{
			"from": [7.75, 5.65, 10.95],
			"to": [8.25, 7.45, 11.45],
			"rotation": {"angle": -22.5, "axis": "x", "origin": [8, 6.75, 12.5]},
			"faces": {
				"north": {"uv": [1.75, 6.75, 1.875, 7.1875], "texture": "#0"},
				"east": {"uv": [2, 6.75, 2.125, 7.1875], "texture": "#0"},
				"south": {"uv": [2.25, 6.75, 2.375, 7.1875], "texture": "#0"},
				"west": {"uv": [2.5, 6.75, 2.625, 7.1875], "texture": "#0"},
				"up": {"uv": [3.875, 7.625, 3.75, 7.5], "texture": "#0"},
				"down": {"uv": [7.625, 3.75, 7.5, 3.875], "texture": "#0"}
			}
		},
		{
			"from": [7.8, 3.35, 11.5],
			"to": [8.2, 5.35, 11.9],
			"rotation": {"angle": 0, "axis": "y", "origin": [1.5, 0, 7.5]},
			"faces": {
				"north": {"uv": [0.75, 6.75, 0.875, 7.25], "texture": "#0"},
				"east": {"uv": [1, 6.75, 1.125, 7.25], "texture": "#0"},
				"south": {"uv": [1.25, 6.75, 1.375, 7.25], "texture": "#0"},
				"west": {"uv": [1.5, 6.75, 1.625, 7.25], "texture": "#0"},
				"up": {"uv": [4.125, 7.625, 4, 7.5], "texture": "#0"},
				"down": {"uv": [7.625, 4, 7.5, 4.125], "texture": "#0"}
			}
		},
		{
			"from": [7.75, 2.75, 11.45],
			"to": [8.25, 3.35, 11.95],
			"rotation": {"angle": 0, "axis": "y", "origin": [1.5, 0, 7.5]},
			"faces": {
				"north": {"uv": [4.25, 7.5, 4.375, 7.625], "texture": "#0"},
				"east": {"uv": [7.5, 4.25, 7.625, 4.375], "texture": "#0"},
				"south": {"uv": [4.5, 7.5, 4.625, 7.625], "texture": "#0"},
				"west": {"uv": [7.5, 4.5, 7.625, 4.625], "texture": "#0"},
				"up": {"uv": [4.875, 7.625, 4.75, 7.5], "texture": "#0"},
				"down": {"uv": [7.625, 4.75, 7.5, 4.875], "texture": "#0"}
			}
		},
		{
			"from": [7.85, 2.65, 11.55],
			"to": [8.15, 2.75, 11.85],
			"rotation": {"angle": 0, "axis": "y", "origin": [1.5, 0, 7.5]},
			"faces": {
				"north": {"uv": [4, 8.5, 4.0625, 8.5625], "texture": "#0"},
				"east": {"uv": [8.5, 4, 8.5625, 4.0625], "texture": "#0"},
				"south": {"uv": [4.25, 8.5, 4.3125, 8.5625], "texture": "#0"},
				"west": {"uv": [8.5, 4.25, 8.5625, 4.3125], "texture": "#0"},
				"up": {"uv": [4.5625, 8.5625, 4.5, 8.5], "texture": "#0"},
				"down": {"uv": [8.5625, 4.5, 8.5, 4.5625], "texture": "#0"}
			}
		},
		{
			"from": [7.85, 2.85, 11.95],
			"to": [8.15, 3.25, 12],
			"rotation": {"angle": 0, "axis": "y", "origin": [1.5, 0, 7.5]},
			"faces": {
				"north": {"uv": [8.25, 0.25, 8.3125, 0.375], "texture": "#0"},
				"east": {"uv": [0.5, 8.25, 0.5625, 8.375], "texture": "#0"},
				"south": {"uv": [8.25, 0.5, 8.3125, 0.625], "texture": "#0"},
				"west": {"uv": [0.75, 8.25, 0.8125, 8.375], "texture": "#0"},
				"up": {"uv": [4.8125, 8.5625, 4.75, 8.5], "texture": "#0"},
				"down": {"uv": [8.5625, 4.75, 8.5, 4.8125], "texture": "#0"}
			}
		},
		{
			"from": [7.85, 2.85, 11.4],
			"to": [8.15, 3.25, 11.45],
			"rotation": {"angle": 0, "axis": "y", "origin": [1.5, 0, 7.5]},
			"faces": {
				"north": {"uv": [8.25, 0.75, 8.3125, 0.875], "texture": "#0"},
				"east": {"uv": [1, 8.25, 1.0625, 8.375], "texture": "#0"},
				"south": {"uv": [8.25, 1, 8.3125, 1.125], "texture": "#0"},
				"west": {"uv": [1.25, 8.25, 1.3125, 8.375], "texture": "#0"},
				"up": {"uv": [5.0625, 8.5625, 5, 8.5], "texture": "#0"},
				"down": {"uv": [8.5625, 5, 8.5, 5.0625], "texture": "#0"}
			}
		},
		{
			"from": [7.7, 2.85, 11.55],
			"to": [7.75, 3.25, 11.85],
			"rotation": {"angle": 0, "axis": "y", "origin": [1.5, 0, 7.5]},
			"faces": {
				"north": {"uv": [8.25, 1.25, 8.3125, 1.375], "texture": "#0"},
				"east": {"uv": [1.5, 8.25, 1.5625, 8.375], "texture": "#0"},
				"south": {"uv": [8.25, 1.5, 8.3125, 1.625], "texture": "#0"},
				"west": {"uv": [1.75, 8.25, 1.8125, 8.375], "texture": "#0"},
				"up": {"uv": [5.3125, 8.5625, 5.25, 8.5], "texture": "#0"},
				"down": {"uv": [8.5625, 5.25, 8.5, 5.3125], "texture": "#0"}
			}
		},
		{
			"from": [8.25, 2.85, 11.55],
			"to": [8.3, 3.25, 11.85],
			"rotation": {"angle": 0, "axis": "y", "origin": [1.5, 0, 7.5]},
			"faces": {
				"north": {"uv": [8.25, 1.75, 8.3125, 1.875], "texture": "#0"},
				"east": {"uv": [2, 8.25, 2.0625, 8.375], "texture": "#0"},
				"south": {"uv": [8.25, 2, 8.3125, 2.125], "texture": "#0"},
				"west": {"uv": [2.25, 8.25, 2.3125, 8.375], "texture": "#0"},
				"up": {"uv": [5.5625, 8.5625, 5.5, 8.5], "texture": "#0"},
				"down": {"uv": [8.5625, 5.5, 8.5, 5.5625], "texture": "#0"}
			}
		}
	],
	"display": {
		"thirdperson_righthand": {
			"rotation": [90, 0, 0],
			"translation": [-6, -2.75, 12.75],
			"scale": [3.1, 3.1, 3.1]
		}
	},
	"groups": [
		{
			"name": "Head",
			"origin": [1.5, 0, 7.5],
			"color": 0,
			"children": [
				0,
				1,
				2,
				3,
				4,
				5,
				6,
				7,
				8,
				9,
				10,
				11,
				12,
				{
					"name": "REar",
					"origin": [9.25, 10, 2.375],
					"color": 0,
					"children": [13, 14, 15, 16, 17, 18, 19, 20, 21, 22, 23, 24, 25, 26, 27, 28, 29]
				},
				{
					"name": "LEar",
					"origin": [9.25, 10, 2.375],
					"color": 0,
					"children": [30, 31, 32, 33, 34, 35, 36, 37, 38, 39, 40, 41, 42, 43, 44, 45, 46]
				}
			]
		},
		{
			"name": "Neck",
			"origin": [8, 5.375, 2.625],
			"color": 0,
			"children": [47, 48, 49]
		},
		{
			"name": "Body",
			"origin": [1.5, 0, 7.25],
			"color": 0,
			"children": [50, 51, 52, 53, 54, 55, 56, 57, 58]
		},
		{
			"name": "LFL",
			"origin": [6.75, 2.69421, 4.95887],
			"color": 0,
			"children": [59, 60, 61, 62, 63, 64, 65, 66, 67, 68]
		},
		{
			"name": "RFL",
			"origin": [13.75, 0, 7.5],
			"color": 0,
			"children": [69, 70, 71, 72, 73, 74, 75, 76, 77, 78]
		},
		{
			"name": "LBL",
			"origin": [6.75, 2.0013, 10.87186],
			"color": 0,
			"children": [79, 80, 81, 82, 83, 84, 85, 86, 87, 88]
		},
		{
			"name": "RBL",
			"origin": [13.85, 0, 12.4],
			"color": 0,
			"children": [89, 90, 91, 92, 93, 94, 95, 96, 97, 98]
		},
		{
			"name": "Tail",
			"origin": [1.5, 0, 7.5],
			"color": 0,
			"children": [99, 100, 101, 102, 103, 104, 105, 106]
		}
	]
}