{
	"credit": "Made with Blockbench",
	"texture_size": [64, 64],
	"textures": {
		"0": "block/jeerboa",
		"particle": "block/jeerboa"
	},
	"elements": [
		{
			"from": [6, 7.5, 0.75],
			"to": [10, 11, 4.75],
			"rotation": {"angle": 0, "axis": "y", "origin": [0, 0, 0.25]},
			"faces": {
				"north": {"uv": [2, 3, 3, 3.875], "texture": "#0"},
				"east": {"uv": [3, 3, 4, 3.875], "texture": "#0"},
				"south": {"uv": [3.75, 0, 4.75, 0.875], "texture": "#0"},
				"west": {"uv": [3.75, 1, 4.75, 1.875], "texture": "#0"},
				"up": {"uv": [1, 4, 0, 3], "texture": "#0"},
				"down": {"uv": [2, 3, 1, 4], "texture": "#0"}
			}
		},
		{
			"from": [7, 7.5, -0.5],
			"to": [9, 9.25, 0.75],
			"rotation": {"angle": 0, "axis": "y", "origin": [0, 0, 0.25]},
			"faces": {
				"north": {"uv": [5, 0, 5.5, 0.4375], "texture": "#0"},
				"east": {"uv": [4.75, 5.75, 5.0625, 6.1875], "texture": "#0"},
				"south": {"uv": [5, 0.5, 5.5, 0.9375], "texture": "#0"},
				"west": {"uv": [5.25, 5.75, 5.5625, 6.1875], "texture": "#0"},
				"up": {"uv": [6, 2.0625, 5.5, 1.75], "texture": "#0"},
				"down": {"uv": [6, 2.25, 5.5, 2.5625], "texture": "#0"}
			}
		},
		{
			"from": [9, 7.5, 0],
			"to": [9.25, 9.25, 0.75],
			"rotation": {"angle": 0, "axis": "y", "origin": [0, 0, 0.25]},
			"faces": {
				"north": {"uv": [7, 1.5, 7.0625, 1.9375], "texture": "#0"},
				"east": {"uv": [1.75, 5.5, 1.9375, 5.9375], "texture": "#0"},
				"south": {"uv": [1.75, 7, 1.8125, 7.4375], "texture": "#0"},
				"west": {"uv": [6.25, 2, 6.4375, 2.4375], "texture": "#0"},
				"up": {"uv": [1.0625, 7.6875, 1, 7.5], "texture": "#0"},
				"down": {"uv": [7.5625, 1, 7.5, 1.1875], "texture": "#0"}
			}
		},
		{
			"from": [6.75, 7.5, 0],
			"to": [7, 9.25, 0.75],
			"rotation": {"angle": 0, "axis": "y", "origin": [0, 0, 0.25]},
			"faces": {
				"north": {"uv": [2, 7, 2.0625, 7.4375], "texture": "#0"},
				"east": {"uv": [3, 6.25, 3.1875, 6.6875], "texture": "#0"},
				"south": {"uv": [7, 2, 7.0625, 2.4375], "texture": "#0"},
				"west": {"uv": [3.25, 6.25, 3.4375, 6.6875], "texture": "#0"},
				"up": {"uv": [1.3125, 7.6875, 1.25, 7.5], "texture": "#0"},
				"down": {"uv": [7.5625, 1.25, 7.5, 1.4375], "texture": "#0"}
			}
		},
		{
			"from": [5.13806, 10.02244, 3],
			"to": [5.43806, 11.92244, 4.2],
			"rotation": {"angle": 22.5, "axis": "z", "origin": [5.54564, 14.28645, 2.6]},
			"faces": {
				"north": {"uv": [6.75, 3.75, 6.8125, 4.25], "texture": "#0"},
				"east": {"uv": [5.5, 2.75, 5.8125, 3.25], "texture": "#0"},
				"south": {"uv": [4, 6.75, 4.0625, 7.25], "texture": "#0"},
				"west": {"uv": [3.5, 5.5, 3.8125, 6], "texture": "#0"},
				"up": {"uv": [7.3125, 1.8125, 7.25, 1.5], "texture": "#0"},
				"down": {"uv": [7.3125, 2, 7.25, 2.3125], "texture": "#0"}
			}
		},
		{
			"from": [4.53806, 10.02244, 2.7],
			"to": [5.13806, 11.92244, 3],
			"rotation": {"angle": 22.5, "axis": "z", "origin": [5.54564, 14.28645, 2.6]},
			"faces": {
				"north": {"uv": [6.25, 5.75, 6.375, 6.25], "texture": "#0"},
				"east": {"uv": [4.25, 6.75, 4.3125, 7.25], "texture": "#0"},
				"south": {"uv": [6, 6.25, 6.125, 6.75], "texture": "#0"},
				"west": {"uv": [6.75, 4.25, 6.8125, 4.75], "texture": "#0"},
				"up": {"uv": [4.125, 7.5625, 4, 7.5], "texture": "#0"},
				"down": {"uv": [7.625, 4, 7.5, 4.0625], "texture": "#0"}
			}
		},
		{
			"from": [4.53806, 10.02244, 4.2],
			"to": [5.13806, 11.92244, 4.5],
			"rotation": {"angle": 22.5, "axis": "z", "origin": [5.54564, 14.28645, 2.6]},
			"faces": {
				"north": {"uv": [6.25, 6.25, 6.375, 6.75], "texture": "#0"},
				"east": {"uv": [4.5, 6.75, 4.5625, 7.25], "texture": "#0"},
				"south": {"uv": [6.5, 0, 6.625, 0.5], "texture": "#0"},
				"west": {"uv": [4.75, 6.75, 4.8125, 7.25], "texture": "#0"},
				"up": {"uv": [4.375, 7.5625, 4.25, 7.5], "texture": "#0"},
				"down": {"uv": [7.625, 4.25, 7.5, 4.3125], "texture": "#0"}
			}
		},
		{
			"from": [4.23806, 10.02244, 3.9],
			"to": [4.53806, 11.92244, 4.2],
			"rotation": {"angle": 22.5, "axis": "z", "origin": [5.54564, 14.28645, 2.6]},
			"faces": {
				"north": {"uv": [6.75, 4.75, 6.8125, 5.25], "texture": "#0"},
				"east": {"uv": [5, 6.75, 5.0625, 7.25], "texture": "#0"},
				"south": {"uv": [5.25, 6.75, 5.3125, 7.25], "texture": "#0"},
				"west": {"uv": [6.75, 5.25, 6.8125, 5.75], "texture": "#0"},
				"up": {"uv": [7.8125, 5.8125, 7.75, 5.75], "texture": "#0"},
				"down": {"uv": [6.0625, 7.75, 6, 7.8125], "texture": "#0"}
			}
		},
		{
			"from": [4.23806, 10.02244, 3],
			"to": [4.53806, 11.92244, 3.3],
			"rotation": {"angle": 22.5, "axis": "z", "origin": [5.54564, 14.28645, 2.6]},
			"faces": {
				"north": {"uv": [5.5, 6.75, 5.5625, 7.25], "texture": "#0"},
				"east": {"uv": [5.75, 6.75, 5.8125, 7.25], "texture": "#0"},
				"south": {"uv": [6.75, 5.75, 6.8125, 6.25], "texture": "#0"},
				"west": {"uv": [6, 6.75, 6.0625, 7.25], "texture": "#0"},
				"up": {"uv": [7.8125, 6.0625, 7.75, 6], "texture": "#0"},
				"down": {"uv": [6.3125, 7.75, 6.25, 7.8125], "texture": "#0"}
			}
		},
		{
			"from": [5.13806, 11.92244, 3.3],
			"to": [5.43806, 13.12244, 3.9],
			"rotation": {"angle": 22.5, "axis": "z", "origin": [5.54564, 14.28645, 2.6]},
			"faces": {
				"north": {"uv": [2.25, 7.25, 2.3125, 7.5625], "texture": "#0"},
				"east": {"uv": [6.5, 1.75, 6.625, 2.0625], "texture": "#0"},
				"south": {"uv": [2.5, 7.25, 2.5625, 7.5625], "texture": "#0"},
				"west": {"uv": [6.5, 4.25, 6.625, 4.5625], "texture": "#0"},
				"up": {"uv": [4.5625, 7.625, 4.5, 7.5], "texture": "#0"},
				"down": {"uv": [7.5625, 4.5, 7.5, 4.625], "texture": "#0"}
			}
		},
		{
			"from": [5.13806, 11.92244, 3],
			"to": [5.43806, 12.82244, 3.3],
			"rotation": {"angle": 22.5, "axis": "z", "origin": [5.54564, 14.28645, 2.6]},
			"faces": {
				"north": {"uv": [3.25, 7.25, 3.3125, 7.5], "texture": "#0"},
				"east": {"uv": [3.5, 7.25, 3.5625, 7.5], "texture": "#0"},
				"south": {"uv": [7.25, 3.5, 7.3125, 3.75], "texture": "#0"},
				"west": {"uv": [3.75, 7.25, 3.8125, 7.5], "texture": "#0"},
				"up": {"uv": [7.8125, 6.3125, 7.75, 6.25], "texture": "#0"},
				"down": {"uv": [6.5625, 7.75, 6.5, 7.8125], "texture": "#0"}
			}
		},
		{
			"from": [5.13806, 11.92244, 3.9],
			"to": [5.43806, 12.82244, 4.2],
			"rotation": {"angle": 22.5, "axis": "z", "origin": [5.54564, 14.28645, 2.6]},
			"faces": {
				"north": {"uv": [7.25, 3.75, 7.3125, 4], "texture": "#0"},
				"east": {"uv": [4, 7.25, 4.0625, 7.5], "texture": "#0"},
				"south": {"uv": [7.25, 4, 7.3125, 4.25], "texture": "#0"},
				"west": {"uv": [4.25, 7.25, 4.3125, 7.5], "texture": "#0"},
				"up": {"uv": [7.8125, 6.5625, 7.75, 6.5], "texture": "#0"},
				"down": {"uv": [6.8125, 7.75, 6.75, 7.8125], "texture": "#0"}
			}
		},
		{
			"from": [4.83806, 11.92244, 2.7],
			"to": [5.13806, 12.52244, 3],
			"rotation": {"angle": 22.5, "axis": "z", "origin": [5.54564, 14.28645, 2.6]},
			"faces": {
				"north": {"uv": [4.75, 7.5, 4.8125, 7.625], "texture": "#0"},
				"east": {"uv": [7.5, 4.75, 7.5625, 4.875], "texture": "#0"},
				"south": {"uv": [5, 7.5, 5.0625, 7.625], "texture": "#0"},
				"west": {"uv": [7.5, 5, 7.5625, 5.125], "texture": "#0"},
				"up": {"uv": [7.8125, 6.8125, 7.75, 6.75], "texture": "#0"},
				"down": {"uv": [7.0625, 7.75, 7, 7.8125], "texture": "#0"}
			}
		},
		{
			"from": [4.53806, 11.92244, 2.7],
			"to": [4.83806, 12.22244, 3],
			"rotation": {"angle": 22.5, "axis": "z", "origin": [5.54564, 14.28645, 2.6]},
			"faces": {
				"north": {"uv": [7.75, 7, 7.8125, 7.0625], "texture": "#0"},
				"east": {"uv": [7.25, 7.75, 7.3125, 7.8125], "texture": "#0"},
				"south": {"uv": [7.75, 7.25, 7.8125, 7.3125], "texture": "#0"},
				"west": {"uv": [7.5, 7.75, 7.5625, 7.8125], "texture": "#0"},
				"up": {"uv": [7.8125, 7.5625, 7.75, 7.5], "texture": "#0"},
				"down": {"uv": [7.8125, 7.75, 7.75, 7.8125], "texture": "#0"}
			}
		},
		{
			"from": [4.83806, 11.92244, 4.2],
			"to": [5.13806, 12.52244, 4.5],
			"rotation": {"angle": 22.5, "axis": "z", "origin": [5.54564, 14.28645, 2.6]},
			"faces": {
				"north": {"uv": [5.25, 7.5, 5.3125, 7.625], "texture": "#0"},
				"east": {"uv": [7.5, 5.25, 7.5625, 5.375], "texture": "#0"},
				"south": {"uv": [5.5, 7.5, 5.5625, 7.625], "texture": "#0"},
				"west": {"uv": [7.5, 5.5, 7.5625, 5.625], "texture": "#0"},
				"up": {"uv": [0.0625, 8.0625, 0, 8], "texture": "#0"},
				"down": {"uv": [8.0625, 0, 8, 0.0625], "texture": "#0"}
			}
		},
		{
			"from": [4.53806, 11.92244, 4.2],
			"to": [4.83806, 12.22244, 4.5],
			"rotation": {"angle": 22.5, "axis": "z", "origin": [5.54564, 14.28645, 2.6]},
			"faces": {
				"north": {"uv": [0.25, 8, 0.3125, 8.0625], "texture": "#0"},
				"east": {"uv": [8, 0.25, 8.0625, 0.3125], "texture": "#0"},
				"south": {"uv": [0.5, 8, 0.5625, 8.0625], "texture": "#0"},
				"west": {"uv": [8, 0.5, 8.0625, 0.5625], "texture": "#0"},
				"up": {"uv": [0.8125, 8.0625, 0.75, 8], "texture": "#0"},
				"down": {"uv": [8.0625, 0.75, 8, 0.8125], "texture": "#0"}
			}
		},
		{
			"from": [11.16194, 11.92244, 4.2],
			"to": [11.46194, 12.22244, 4.5],
			"rotation": {"angle": -22.5, "axis": "z", "origin": [10.45436, 14.28645, 2.6]},
			"faces": {
				"north": {"uv": [5, 8, 5.0625, 8.0625], "texture": "#0"},
				"east": {"uv": [8, 5, 8.0625, 5.0625], "texture": "#0"},
				"south": {"uv": [5.25, 8, 5.3125, 8.0625], "texture": "#0"},
				"west": {"uv": [8, 5.25, 8.0625, 5.3125], "texture": "#0"},
				"up": {"uv": [5.5625, 8.0625, 5.5, 8], "texture": "#0"},
				"down": {"uv": [8.0625, 5.5, 8, 5.5625], "texture": "#0"}
			}
		},
		{
			"from": [10.86194, 11.92244, 4.2],
			"to": [11.16194, 12.52244, 4.5],
			"rotation": {"angle": -22.5, "axis": "z", "origin": [10.45436, 14.28645, 2.6]},
			"faces": {
				"north": {"uv": [7.75, 0, 7.8125, 0.125], "texture": "#0"},
				"east": {"uv": [0.25, 7.75, 0.3125, 7.875], "texture": "#0"},
				"south": {"uv": [7.75, 0.25, 7.8125, 0.375], "texture": "#0"},
				"west": {"uv": [0.5, 7.75, 0.5625, 7.875], "texture": "#0"},
				"up": {"uv": [5.8125, 8.0625, 5.75, 8], "texture": "#0"},
				"down": {"uv": [8.0625, 5.75, 8, 5.8125], "texture": "#0"}
			}
		},
		{
			"from": [11.16194, 11.92244, 2.7],
			"to": [11.46194, 12.22244, 3],
			"rotation": {"angle": -22.5, "axis": "z", "origin": [10.45436, 14.28645, 2.6]},
			"faces": {
				"north": {"uv": [6, 8, 6.0625, 8.0625], "texture": "#0"},
				"east": {"uv": [8, 6, 8.0625, 6.0625], "texture": "#0"},
				"south": {"uv": [6.25, 8, 6.3125, 8.0625], "texture": "#0"},
				"west": {"uv": [8, 6.25, 8.0625, 6.3125], "texture": "#0"},
				"up": {"uv": [6.5625, 8.0625, 6.5, 8], "texture": "#0"},
				"down": {"uv": [8.0625, 6.5, 8, 6.5625], "texture": "#0"}
			}
		},
		{
			"from": [10.86194, 11.92244, 2.7],
			"to": [11.16194, 12.52244, 3],
			"rotation": {"angle": -22.5, "axis": "z", "origin": [10.45436, 14.28645, 2.6]},
			"faces": {
				"north": {"uv": [7.75, 0.5, 7.8125, 0.625], "texture": "#0"},
				"east": {"uv": [0.75, 7.75, 0.8125, 7.875], "texture": "#0"},
				"south": {"uv": [7.75, 0.75, 7.8125, 0.875], "texture": "#0"},
				"west": {"uv": [1, 7.75, 1.0625, 7.875], "texture": "#0"},
				"up": {"uv": [6.8125, 8.0625, 6.75, 8], "texture": "#0"},
				"down": {"uv": [8.0625, 6.75, 8, 6.8125], "texture": "#0"}
			}
		},
		{
			"from": [10.56194, 11.92244, 3.9],
			"to": [10.86194, 12.82244, 4.2],
			"rotation": {"angle": -22.5, "axis": "z", "origin": [10.45436, 14.28645, 2.6]},
			"faces": {
				"north": {"uv": [0, 7.5, 0.0625, 7.75], "texture": "#0"},
				"east": {"uv": [7.5, 0, 7.5625, 0.25], "texture": "#0"},
				"south": {"uv": [0.25, 7.5, 0.3125, 7.75], "texture": "#0"},
				"west": {"uv": [7.5, 0.25, 7.5625, 0.5], "texture": "#0"},
				"up": {"uv": [7.0625, 8.0625, 7, 8], "texture": "#0"},
				"down": {"uv": [8.0625, 7, 8, 7.0625], "texture": "#0"}
			}
		},
		{
			"from": [10.56194, 11.92244, 3],
			"to": [10.86194, 12.82244, 3.3],
			"rotation": {"angle": -22.5, "axis": "z", "origin": [10.45436, 14.28645, 2.6]},
			"faces": {
				"north": {"uv": [0.5, 7.5, 0.5625, 7.75], "texture": "#0"},
				"east": {"uv": [7.5, 0.5, 7.5625, 0.75], "texture": "#0"},
				"south": {"uv": [0.75, 7.5, 0.8125, 7.75], "texture": "#0"},
				"west": {"uv": [7.5, 0.75, 7.5625, 1], "texture": "#0"},
				"up": {"uv": [7.3125, 8.0625, 7.25, 8], "texture": "#0"},
				"down": {"uv": [8.0625, 7.25, 8, 7.3125], "texture": "#0"}
			}
		},
		{
			"from": [10.56194, 11.92244, 3.3],
			"to": [10.86194, 13.12244, 3.9],
			"rotation": {"angle": -22.5, "axis": "z", "origin": [10.45436, 14.28645, 2.6]},
			"faces": {
				"north": {"uv": [7.25, 2.5, 7.3125, 2.8125], "texture": "#0"},
				"east": {"uv": [6.5, 4.75, 6.625, 5.0625], "texture": "#0"},
				"south": {"uv": [2.75, 7.25, 2.8125, 7.5625], "texture": "#0"},
				"west": {"uv": [6.5, 5.25, 6.625, 5.5625], "texture": "#0"},
				"up": {"uv": [7.8125, 1.125, 7.75, 1], "texture": "#0"},
				"down": {"uv": [1.3125, 7.75, 1.25, 7.875], "texture": "#0"}
			}
		},
		{
			"from": [11.46194, 10.02244, 3],
			"to": [11.76194, 11.92244, 3.3],
			"rotation": {"angle": -22.5, "axis": "z", "origin": [10.45436, 14.28645, 2.6]},
			"faces": {
				"north": {"uv": [6.25, 6.75, 6.3125, 7.25], "texture": "#0"},
				"east": {"uv": [6.75, 6.25, 6.8125, 6.75], "texture": "#0"},
				"south": {"uv": [6.5, 6.75, 6.5625, 7.25], "texture": "#0"},
				"west": {"uv": [6.75, 6.75, 6.8125, 7.25], "texture": "#0"},
				"up": {"uv": [7.5625, 8.0625, 7.5, 8], "texture": "#0"},
				"down": {"uv": [8.0625, 7.5, 8, 7.5625], "texture": "#0"}
			}
		},
		{
			"from": [11.46194, 10.02244, 3.9],
			"to": [11.76194, 11.92244, 4.2],
			"rotation": {"angle": -22.5, "axis": "z", "origin": [10.45436, 14.28645, 2.6]},
			"faces": {
				"north": {"uv": [0, 7, 0.0625, 7.5], "texture": "#0"},
				"east": {"uv": [7, 0, 7.0625, 0.5], "texture": "#0"},
				"south": {"uv": [0.25, 7, 0.3125, 7.5], "texture": "#0"},
				"west": {"uv": [0.5, 7, 0.5625, 7.5], "texture": "#0"},
				"up": {"uv": [7.8125, 8.0625, 7.75, 8], "texture": "#0"},
				"down": {"uv": [8.0625, 7.75, 8, 7.8125], "texture": "#0"}
			}
		},
		{
			"from": [10.86194, 10.02244, 4.2],
			"to": [11.46194, 11.92244, 4.5],
			"rotation": {"angle": -22.5, "axis": "z", "origin": [10.45436, 14.28645, 2.6]},
			"faces": {
				"north": {"uv": [1, 6.5, 1.125, 7], "texture": "#0"},
				"east": {"uv": [7, 0.5, 7.0625, 1], "texture": "#0"},
				"south": {"uv": [1.25, 6.5, 1.375, 7], "texture": "#0"},
				"west": {"uv": [0.75, 7, 0.8125, 7.5], "texture": "#0"},
				"up": {"uv": [7.875, 1.3125, 7.75, 1.25], "texture": "#0"},
				"down": {"uv": [1.625, 7.75, 1.5, 7.8125], "texture": "#0"}
			}
		},
		{
			"from": [10.86194, 10.02244, 2.7],
			"to": [11.46194, 11.92244, 3],
			"rotation": {"angle": -22.5, "axis": "z", "origin": [10.45436, 14.28645, 2.6]},
			"faces": {
				"north": {"uv": [6.5, 1.25, 6.625, 1.75], "texture": "#0"},
				"east": {"uv": [1, 7, 1.0625, 7.5], "texture": "#0"},
				"south": {"uv": [1.5, 6.5, 1.625, 7], "texture": "#0"},
				"west": {"uv": [7, 1, 7.0625, 1.5], "texture": "#0"},
				"up": {"uv": [7.875, 1.5625, 7.75, 1.5], "texture": "#0"},
				"down": {"uv": [1.875, 7.75, 1.75, 7.8125], "texture": "#0"}
			}
		},
		{
			"from": [10.56194, 10.02244, 3],
			"to": [10.86194, 11.92244, 4.2],
			"rotation": {"angle": -22.5, "axis": "z", "origin": [10.45436, 14.28645, 2.6]},
			"faces": {
				"north": {"uv": [1.25, 7, 1.3125, 7.5], "texture": "#0"},
				"east": {"uv": [5.5, 3.75, 5.8125, 4.25], "texture": "#0"},
				"south": {"uv": [1.5, 7, 1.5625, 7.5], "texture": "#0"},
				"west": {"uv": [4, 5.5, 4.3125, 6], "texture": "#0"},
				"up": {"uv": [3.0625, 7.5625, 3, 7.25], "texture": "#0"},
				"down": {"uv": [7.3125, 3, 7.25, 3.3125], "texture": "#0"}
			}
		},
		{
			"name": "Body",
			"from": [5.5, 5, 3.25],
			"to": [10.5, 9, 10.5],
			"rotation": {"angle": 22.5, "axis": "x", "origin": [8, 5.5, 8]},
			"faces": {
				"north": {"uv": [2.5, 0, 3.75, 1], "texture": "#0"},
				"east": {"uv": [0, 2, 1.8125, 3], "texture": "#0"},
				"south": {"uv": [2.5, 1, 3.75, 2], "texture": "#0"},
				"west": {"uv": [2, 2, 3.8125, 3], "texture": "#0"},
				"up": {"uv": [1.25, 1.8125, 0, 0], "texture": "#0"},
				"down": {"uv": [2.5, 0, 1.25, 1.8125], "texture": "#0"}
			}
		},
		{
			"from": [5.35, 6.8, 3],
			"to": [6.1, 7.55, 5.25],
			"rotation": {"angle": -22.5, "axis": "x", "origin": [5.6, 7.25, 6]},
			"faces": {
				"north": {"uv": [6.75, 1, 6.9375, 1.1875], "texture": "#0"},
				"east": {"uv": [6, 2.75, 6.5625, 2.9375], "texture": "#0"},
				"south": {"uv": [6.75, 1.25, 6.9375, 1.4375], "texture": "#0"},
				"west": {"uv": [6, 3, 6.5625, 3.1875], "texture": "#0"},
				"up": {"uv": [3.6875, 6.5625, 3.5, 6], "texture": "#0"},
				"down": {"uv": [3.9375, 6, 3.75, 6.5625], "texture": "#0"}
			}
		},
		{
			"from": [5.1, 5.26915, 3.47508],
			"to": [5.4, 5.66915, 3.77508],
			"rotation": {"angle": 0, "axis": "y", "origin": [5.725, 4.60665, 3.46258]},
			"faces": {
				"north": {"uv": [7.75, 2.75, 7.8125, 2.875], "texture": "#0"},
				"east": {"uv": [3, 7.75, 3.0625, 7.875], "texture": "#0"},
				"south": {"uv": [7.75, 3, 7.8125, 3.125], "texture": "#0"},
				"west": {"uv": [3.25, 7.75, 3.3125, 7.875], "texture": "#0"},
				"up": {"uv": [8.3125, 0.8125, 8.25, 0.75], "texture": "#0"},
				"down": {"uv": [1.0625, 8.25, 1, 8.3125], "texture": "#0"}
			}
		},
		{
			"from": [5.4, 4.51915, 3.47508],
			"to": [5.725, 4.81915, 3.77508],
			"rotation": {"angle": 0, "axis": "y", "origin": [5.725, 4.60665, 3.46258]},
			"faces": {
				"north": {"uv": [8.25, 1, 8.3125, 1.0625], "texture": "#0"},
				"east": {"uv": [1.25, 8.25, 1.3125, 8.3125], "texture": "#0"},
				"south": {"uv": [8.25, 1.25, 8.3125, 1.3125], "texture": "#0"},
				"west": {"uv": [1.5, 8.25, 1.5625, 8.3125], "texture": "#0"},
				"up": {"uv": [8.3125, 1.5625, 8.25, 1.5], "texture": "#0"},
				"down": {"uv": [1.8125, 8.25, 1.75, 8.3125], "texture": "#0"}
			}
		},
		{
			"from": [5.725, 4.51915, 3.47508],
			"to": [6.05, 4.81915, 3.77508],
			"rotation": {"angle": 0, "axis": "y", "origin": [5.725, 4.60665, 3.46258]},
			"faces": {
				"north": {"uv": [8.25, 1.75, 8.3125, 1.8125], "texture": "#0"},
				"east": {"uv": [2, 8.25, 2.0625, 8.3125], "texture": "#0"},
				"south": {"uv": [8.25, 2, 8.3125, 2.0625], "texture": "#0"},
				"west": {"uv": [2.25, 8.25, 2.3125, 8.3125], "texture": "#0"},
				"up": {"uv": [8.3125, 2.3125, 8.25, 2.25], "texture": "#0"},
				"down": {"uv": [2.5625, 8.25, 2.5, 8.3125], "texture": "#0"}
			}
		},
		{
			"from": [5.4, 4.81915, 3.12508],
			"to": [6.05, 6.36915, 3.77508],
			"rotation": {"angle": 0, "axis": "y", "origin": [5.725, 4.60665, 3.46258]},
			"faces": {
				"north": {"uv": [6.25, 4.25, 6.4375, 4.625], "texture": "#0"},
				"east": {"uv": [4.5, 6.25, 4.6875, 6.625], "texture": "#0"},
				"south": {"uv": [4.75, 6.25, 4.9375, 6.625], "texture": "#0"},
				"west": {"uv": [6.25, 4.75, 6.4375, 5.125], "texture": "#0"},
				"up": {"uv": [6.9375, 1.6875, 6.75, 1.5], "texture": "#0"},
				"down": {"uv": [1.9375, 6.75, 1.75, 6.9375], "texture": "#0"}
			}
		},
		{
			"from": [5.45, 4.21915, 3.57508],
			"to": [5.675, 4.51915, 3.77508],
			"rotation": {"angle": 0, "axis": "y", "origin": [5.725, 4.60665, 3.46258]},
			"faces": {
				"north": {"uv": [8.25, 2.5, 8.3125, 2.5625], "texture": "#0"},
				"east": {"uv": [2.75, 8.25, 2.8125, 8.3125], "texture": "#0"},
				"south": {"uv": [8.25, 2.75, 8.3125, 2.8125], "texture": "#0"},
				"west": {"uv": [3, 8.25, 3.0625, 8.3125], "texture": "#0"},
				"up": {"uv": [8.3125, 3.0625, 8.25, 3], "texture": "#0"},
				"down": {"uv": [3.3125, 8.25, 3.25, 8.3125], "texture": "#0"}
			}
		},
		{
			"from": [5.775, 4.21915, 3.57508],
			"to": [6, 4.51915, 3.77508],
			"rotation": {"angle": 0, "axis": "y", "origin": [5.725, 4.60665, 3.46258]},
			"faces": {
				"north": {"uv": [8.25, 3.25, 8.3125, 3.3125], "texture": "#0"},
				"east": {"uv": [3.5, 8.25, 3.5625, 8.3125], "texture": "#0"},
				"south": {"uv": [8.25, 3.5, 8.3125, 3.5625], "texture": "#0"},
				"west": {"uv": [3.75, 8.25, 3.8125, 8.3125], "texture": "#0"},
				"up": {"uv": [8.3125, 3.8125, 8.25, 3.75], "texture": "#0"},
				"down": {"uv": [4.0625, 8.25, 4, 8.3125], "texture": "#0"}
			}
		},
		{
			"from": [5.2, 4.96915, 3.57508],
			"to": [5.4, 5.26915, 3.77508],
			"rotation": {"angle": 0, "axis": "y", "origin": [5.725, 4.60665, 3.46258]},
			"faces": {
				"north": {"uv": [8.25, 4, 8.3125, 4.0625], "texture": "#0"},
				"east": {"uv": [4.25, 8.25, 4.3125, 8.3125], "texture": "#0"},
				"south": {"uv": [8.25, 4.25, 8.3125, 4.3125], "texture": "#0"},
				"west": {"uv": [4.5, 8.25, 4.5625, 8.3125], "texture": "#0"},
				"up": {"uv": [8.3125, 4.5625, 8.25, 4.5], "texture": "#0"},
				"down": {"uv": [4.8125, 8.25, 4.75, 8.3125], "texture": "#0"}
			}
		},
		{
			"from": [6.05, 4.96915, 3.57508],
			"to": [6.25, 5.26915, 3.77508],
			"rotation": {"angle": 0, "axis": "y", "origin": [5.725, 4.60665, 3.46258]},
			"faces": {
				"north": {"uv": [8.25, 4.75, 8.3125, 4.8125], "texture": "#0"},
				"east": {"uv": [5, 8.25, 5.0625, 8.3125], "texture": "#0"},
				"south": {"uv": [8.25, 5, 8.3125, 5.0625], "texture": "#0"},
				"west": {"uv": [5.25, 8.25, 5.3125, 8.3125], "texture": "#0"},
				"up": {"uv": [8.3125, 5.3125, 8.25, 5.25], "texture": "#0"},
				"down": {"uv": [5.5625, 8.25, 5.5, 8.3125], "texture": "#0"}
			}
		},
		{
			"from": [6.05, 5.26915, 3.47508],
			"to": [6.35, 5.66915, 3.77508],
			"rotation": {"angle": 0, "axis": "y", "origin": [5.725, 4.60665, 3.46258]},
			"faces": {
				"north": {"uv": [7.75, 3.25, 7.8125, 3.375], "texture": "#0"},
				"east": {"uv": [3.5, 7.75, 3.5625, 7.875], "texture": "#0"},
				"south": {"uv": [7.75, 3.5, 7.8125, 3.625], "texture": "#0"},
				"west": {"uv": [3.75, 7.75, 3.8125, 7.875], "texture": "#0"},
				"up": {"uv": [8.3125, 5.5625, 8.25, 5.5], "texture": "#0"},
				"down": {"uv": [5.8125, 8.25, 5.75, 8.3125], "texture": "#0"}
			}
		},
		{
			"from": [9.65, 5.26915, 3.47508],
			"to": [9.95, 5.66915, 3.77508],
			"rotation": {"angle": 0, "axis": "y", "origin": [10.275, 4.60665, 3.46258]},
			"faces": {
				"north": {"uv": [7.75, 4.75, 7.8125, 4.875], "texture": "#0"},
				"east": {"uv": [5, 7.75, 5.0625, 7.875], "texture": "#0"},
				"south": {"uv": [7.75, 5, 7.8125, 5.125], "texture": "#0"},
				"west": {"uv": [5.25, 7.75, 5.3125, 7.875], "texture": "#0"},
				"up": {"uv": [8.3125, 6.8125, 8.25, 6.75], "texture": "#0"},
				"down": {"uv": [7.0625, 8.25, 7, 8.3125], "texture": "#0"}
			}
		},
		{
			"from": [9.75, 4.96915, 3.57508],
			"to": [9.95, 5.26915, 3.77508],
			"rotation": {"angle": 0, "axis": "y", "origin": [10.275, 4.60665, 3.46258]},
			"faces": {
				"north": {"uv": [8.25, 7, 8.3125, 7.0625], "texture": "#0"},
				"east": {"uv": [7.25, 8.25, 7.3125, 8.3125], "texture": "#0"},
				"south": {"uv": [8.25, 7.25, 8.3125, 7.3125], "texture": "#0"},
				"west": {"uv": [7.5, 8.25, 7.5625, 8.3125], "texture": "#0"},
				"up": {"uv": [8.3125, 7.5625, 8.25, 7.5], "texture": "#0"},
				"down": {"uv": [7.8125, 8.25, 7.75, 8.3125], "texture": "#0"}
			}
		},
		{
			"from": [10.6, 4.96915, 3.57508],
			"to": [10.8, 5.26915, 3.77508],
			"rotation": {"angle": 0, "axis": "y", "origin": [10.275, 4.60665, 3.46258]},
			"faces": {
				"north": {"uv": [8.25, 7.75, 8.3125, 7.8125], "texture": "#0"},
				"east": {"uv": [8, 8.25, 8.0625, 8.3125], "texture": "#0"},
				"south": {"uv": [8.25, 8, 8.3125, 8.0625], "texture": "#0"},
				"west": {"uv": [8.25, 8.25, 8.3125, 8.3125], "texture": "#0"},
				"up": {"uv": [0.0625, 8.5625, 0, 8.5], "texture": "#0"},
				"down": {"uv": [8.5625, 0, 8.5, 0.0625], "texture": "#0"}
			}
		},
		{
			"from": [10, 4.21915, 3.57508],
			"to": [10.225, 4.51915, 3.77508],
			"rotation": {"angle": 0, "axis": "y", "origin": [10.275, 4.60665, 3.46258]},
			"faces": {
				"north": {"uv": [0.25, 8.5, 0.3125, 8.5625], "texture": "#0"},
				"east": {"uv": [8.5, 0.25, 8.5625, 0.3125], "texture": "#0"},
				"south": {"uv": [0.5, 8.5, 0.5625, 8.5625], "texture": "#0"},
				"west": {"uv": [8.5, 0.5, 8.5625, 0.5625], "texture": "#0"},
				"up": {"uv": [0.8125, 8.5625, 0.75, 8.5], "texture": "#0"},
				"down": {"uv": [8.5625, 0.75, 8.5, 0.8125], "texture": "#0"}
			}
		},
		{
			"from": [10.325, 4.21915, 3.57508],
			"to": [10.55, 4.51915, 3.77508],
			"rotation": {"angle": 0, "axis": "y", "origin": [10.275, 4.60665, 3.46258]},
			"faces": {
				"north": {"uv": [1, 8.5, 1.0625, 8.5625], "texture": "#0"},
				"east": {"uv": [8.5, 1, 8.5625, 1.0625], "texture": "#0"},
				"south": {"uv": [1.25, 8.5, 1.3125, 8.5625], "texture": "#0"},
				"west": {"uv": [8.5, 1.25, 8.5625, 1.3125], "texture": "#0"},
				"up": {"uv": [1.5625, 8.5625, 1.5, 8.5], "texture": "#0"},
				"down": {"uv": [8.5625, 1.5, 8.5, 1.5625], "texture": "#0"}
			}
		},
		{
			"from": [9.95, 4.81915, 3.12508],
			"to": [10.6, 6.36915, 3.77508],
			"rotation": {"angle": 0, "axis": "y", "origin": [10.275, 4.60665, 3.46258]},
			"faces": {
				"north": {"uv": [5, 6.25, 5.1875, 6.625], "texture": "#0"},
				"east": {"uv": [5.25, 6.25, 5.4375, 6.625], "texture": "#0"},
				"south": {"uv": [5.5, 6.25, 5.6875, 6.625], "texture": "#0"},
				"west": {"uv": [5.75, 6.25, 5.9375, 6.625], "texture": "#0"},
				"up": {"uv": [6.9375, 3.4375, 6.75, 3.25], "texture": "#0"},
				"down": {"uv": [3.6875, 6.75, 3.5, 6.9375], "texture": "#0"}
			}
		},
		{
			"from": [9.95, 4.51915, 3.47508],
			"to": [10.275, 4.81915, 3.77508],
			"rotation": {"angle": 0, "axis": "y", "origin": [10.275, 4.60665, 3.46258]},
			"faces": {
				"north": {"uv": [1.75, 8.5, 1.8125, 8.5625], "texture": "#0"},
				"east": {"uv": [8.5, 1.75, 8.5625, 1.8125], "texture": "#0"},
				"south": {"uv": [2, 8.5, 2.0625, 8.5625], "texture": "#0"},
				"west": {"uv": [8.5, 2, 8.5625, 2.0625], "texture": "#0"},
				"up": {"uv": [2.3125, 8.5625, 2.25, 8.5], "texture": "#0"},
				"down": {"uv": [8.5625, 2.25, 8.5, 2.3125], "texture": "#0"}
			}
		},
		{
			"from": [10.275, 4.51915, 3.47508],
			"to": [10.6, 4.81915, 3.77508],
			"rotation": {"angle": 0, "axis": "y", "origin": [10.275, 4.60665, 3.46258]},
			"faces": {
				"north": {"uv": [2.5, 8.5, 2.5625, 8.5625], "texture": "#0"},
				"east": {"uv": [8.5, 2.5, 8.5625, 2.5625], "texture": "#0"},
				"south": {"uv": [2.75, 8.5, 2.8125, 8.5625], "texture": "#0"},
				"west": {"uv": [8.5, 2.75, 8.5625, 2.8125], "texture": "#0"},
				"up": {"uv": [3.0625, 8.5625, 3, 8.5], "texture": "#0"},
				"down": {"uv": [8.5625, 3, 8.5, 3.0625], "texture": "#0"}
			}
		},
		{
			"from": [10.6, 5.26915, 3.47508],
			"to": [10.9, 5.66915, 3.77508],
			"rotation": {"angle": 0, "axis": "y", "origin": [10.275, 4.60665, 3.46258]},
			"faces": {
				"north": {"uv": [7.75, 5.25, 7.8125, 5.375], "texture": "#0"},
				"east": {"uv": [5.5, 7.75, 5.5625, 7.875], "texture": "#0"},
				"south": {"uv": [7.75, 5.5, 7.8125, 5.625], "texture": "#0"},
				"west": {"uv": [5.75, 7.75, 5.8125, 7.875], "texture": "#0"},
				"up": {"uv": [3.3125, 8.5625, 3.25, 8.5], "texture": "#0"},
				"down": {"uv": [8.5625, 3.25, 8.5, 3.3125], "texture": "#0"}
			}
		},
		{
			"from": [9.9, 6.8, 3],
			"to": [10.65, 7.55, 5.25],
			"rotation": {"angle": -22.5, "axis": "x", "origin": [10.4, 7.25, 6]},
			"faces": {
				"north": {"uv": [6.75, 3.5, 6.9375, 3.6875], "texture": "#0"},
				"east": {"uv": [6, 3.75, 6.5625, 3.9375], "texture": "#0"},
				"south": {"uv": [3.75, 6.75, 3.9375, 6.9375], "texture": "#0"},
				"west": {"uv": [6, 4, 6.5625, 4.1875], "texture": "#0"},
				"up": {"uv": [0.4375, 6.8125, 0.25, 6.25], "texture": "#0"},
				"down": {"uv": [6.4375, 0.25, 6.25, 0.8125], "texture": "#0"}
			}
		},
		{
			"from": [5.25, 0, 6.5],
			"to": [6.5, 1, 8.5],
			"rotation": {"angle": 0, "axis": "y", "origin": [0, 0, 0.25]},
			"faces": {
				"north": {"uv": [6, 5.5, 6.3125, 5.75], "texture": "#0"},
				"east": {"uv": [6, 1.25, 6.5, 1.5], "texture": "#0"},
				"south": {"uv": [6.25, 1, 6.5625, 1.25], "texture": "#0"},
				"west": {"uv": [6, 1.5, 6.5, 1.75], "texture": "#0"},
				"up": {"uv": [1.5625, 6, 1.25, 5.5], "texture": "#0"},
				"down": {"uv": [5.8125, 1.25, 5.5, 1.75], "texture": "#0"}
			}
		},
		{
			"from": [5.5, 0.88744, 7.69454],
			"to": [6.25, 1.63744, 11.19454],
			"rotation": {"angle": -22.5, "axis": "x", "origin": [5.875, 1.86244, 9.44454]},
			"faces": {
				"north": {"uv": [6.5, 2.25, 6.6875, 2.4375], "texture": "#0"},
				"east": {"uv": [5.25, 4.25, 6.125, 4.4375], "texture": "#0"},
				"south": {"uv": [6.5, 3.5, 6.6875, 3.6875], "texture": "#0"},
				"west": {"uv": [5.25, 4.5, 6.125, 4.6875], "texture": "#0"},
				"up": {"uv": [4.6875, 6.125, 4.5, 5.25], "texture": "#0"},
				"down": {"uv": [5.4375, 4.75, 5.25, 5.625], "texture": "#0"}
			}
		},
		{
			"from": [5.45, 1.53731, 9.48523],
			"to": [6.3, 3.78731, 10.33523],
			"rotation": {"angle": -22.5, "axis": "x", "origin": [5.875, 4.33731, 10.01023]},
			"faces": {
				"north": {"uv": [6, 2, 6.1875, 2.5625], "texture": "#0"},
				"east": {"uv": [2.25, 6, 2.4375, 6.5625], "texture": "#0"},
				"south": {"uv": [2.5, 6, 2.6875, 6.5625], "texture": "#0"},
				"west": {"uv": [2.75, 6, 2.9375, 6.5625], "texture": "#0"},
				"up": {"uv": [6.6875, 5.9375, 6.5, 5.75], "texture": "#0"},
				"down": {"uv": [6.6875, 6, 6.5, 6.1875], "texture": "#0"}
			}
		},
		{
			"from": [5.2, 3.78731, 8.73523],
			"to": [6.55, 6.53731, 10.43523],
			"rotation": {"angle": -22.5, "axis": "x", "origin": [5.875, 4.33731, 10.01023]},
			"faces": {
				"north": {"uv": [5, 2.5, 5.3125, 3.1875], "texture": "#0"},
				"east": {"uv": [4, 4, 4.4375, 4.6875], "texture": "#0"},
				"south": {"uv": [4.75, 5, 5.0625, 5.6875], "texture": "#0"},
				"west": {"uv": [2, 4.5, 2.4375, 5.1875], "texture": "#0"},
				"up": {"uv": [3.3125, 6.1875, 3, 5.75], "texture": "#0"},
				"down": {"uv": [6.0625, 3.25, 5.75, 3.6875], "texture": "#0"}
			}
		},
		{
			"from": [5.25, 0, 5.95],
			"to": [5.875, 0.65, 6.5],
			"rotation": {"angle": 0, "axis": "y", "origin": [0, 0, 0.25]},
			"faces": {
				"north": {"uv": [6.5, 6.25, 6.6875, 6.4375], "texture": "#0"},
				"east": {"uv": [2.25, 7, 2.375, 7.1875], "texture": "#0"},
				"south": {"uv": [6.5, 6.5, 6.6875, 6.6875], "texture": "#0"},
				"west": {"uv": [2.5, 7, 2.625, 7.1875], "texture": "#0"},
				"up": {"uv": [7.1875, 2.625, 7, 2.5], "texture": "#0"},
				"down": {"uv": [2.9375, 7, 2.75, 7.125], "texture": "#0"}
			}
		},
		{
			"from": [5.875, 0, 5.95],
			"to": [6.5, 0.65, 6.5],
			"rotation": {"angle": 0, "axis": "y", "origin": [0, 0, 0.25]},
			"faces": {
				"north": {"uv": [6.75, 0, 6.9375, 0.1875], "texture": "#0"},
				"east": {"uv": [7, 2.75, 7.125, 2.9375], "texture": "#0"},
				"south": {"uv": [6.75, 0.25, 6.9375, 0.4375], "texture": "#0"},
				"west": {"uv": [3, 7, 3.125, 7.1875], "texture": "#0"},
				"up": {"uv": [7.1875, 3.125, 7, 3], "texture": "#0"},
				"down": {"uv": [3.4375, 7, 3.25, 7.125], "texture": "#0"}
			}
		},
		{
			"from": [5.4, 0, 5.4],
			"to": [5.725, 0.35, 5.95],
			"rotation": {"angle": 0, "axis": "y", "origin": [0, 0, 0.25]},
			"faces": {
				"north": {"uv": [8, 8, 8.0625, 8.0625], "texture": "#0"},
				"east": {"uv": [7.75, 1.75, 7.875, 1.8125], "texture": "#0"},
				"south": {"uv": [0, 8.25, 0.0625, 8.3125], "texture": "#0"},
				"west": {"uv": [2, 7.75, 2.125, 7.8125], "texture": "#0"},
				"up": {"uv": [7.8125, 2.125, 7.75, 2], "texture": "#0"},
				"down": {"uv": [2.3125, 7.75, 2.25, 7.875], "texture": "#0"}
			}
		},
		{
			"from": [6.025, 0, 5.4],
			"to": [6.35, 0.35, 5.95],
			"rotation": {"angle": 0, "axis": "y", "origin": [0, 0, 0.25]},
			"faces": {
				"north": {"uv": [8.25, 0, 8.3125, 0.0625], "texture": "#0"},
				"east": {"uv": [7.75, 2.25, 7.875, 2.3125], "texture": "#0"},
				"south": {"uv": [0.25, 8.25, 0.3125, 8.3125], "texture": "#0"},
				"west": {"uv": [2.5, 7.75, 2.625, 7.8125], "texture": "#0"},
				"up": {"uv": [7.8125, 2.625, 7.75, 2.5], "texture": "#0"},
				"down": {"uv": [2.8125, 7.75, 2.75, 7.875], "texture": "#0"}
			}
		},
		{
			"from": [4.8, 0, 7.1],
			"to": [5.25, 0.65, 7.75],
			"rotation": {"angle": 0, "axis": "y", "origin": [0, 0, 0.25]},
			"faces": {
				"north": {"uv": [7, 3.25, 7.125, 3.4375], "texture": "#0"},
				"east": {"uv": [0.5, 6.75, 0.6875, 6.9375], "texture": "#0"},
				"south": {"uv": [3.5, 7, 3.625, 7.1875], "texture": "#0"},
				"west": {"uv": [6.75, 0.5, 6.9375, 0.6875], "texture": "#0"},
				"up": {"uv": [7.125, 3.6875, 7, 3.5], "texture": "#0"},
				"down": {"uv": [3.875, 7, 3.75, 7.1875], "texture": "#0"}
			}
		},
		{
			"from": [4.9, 0, 6.45],
			"to": [5.25, 0.35, 7.1],
			"rotation": {"angle": 0, "axis": "y", "origin": [0, 0, 0.25]},
			"faces": {
				"north": {"uv": [8.25, 0.25, 8.3125, 0.3125], "texture": "#0"},
				"east": {"uv": [1.5, 7.5, 1.6875, 7.5625], "texture": "#0"},
				"south": {"uv": [0.5, 8.25, 0.5625, 8.3125], "texture": "#0"},
				"west": {"uv": [7.5, 1.5, 7.6875, 1.5625], "texture": "#0"},
				"up": {"uv": [1.8125, 7.6875, 1.75, 7.5], "texture": "#0"},
				"down": {"uv": [7.5625, 1.75, 7.5, 1.9375], "texture": "#0"}
			}
		},
		{
			"from": [6.5, 0, 7.1],
			"to": [6.95, 0.65, 7.75],
			"rotation": {"angle": 0, "axis": "y", "origin": [0, 0, 0.25]},
			"faces": {
				"north": {"uv": [7, 3.75, 7.125, 3.9375], "texture": "#0"},
				"east": {"uv": [0.75, 6.75, 0.9375, 6.9375], "texture": "#0"},
				"south": {"uv": [7, 4, 7.125, 4.1875], "texture": "#0"},
				"west": {"uv": [6.75, 0.75, 6.9375, 0.9375], "texture": "#0"},
				"up": {"uv": [7.125, 4.4375, 7, 4.25], "texture": "#0"},
				"down": {"uv": [7.125, 4.5, 7, 4.6875], "texture": "#0"}
			}
		},
		{
			"from": [6.5, 0, 6.45],
			"to": [6.85, 0.35, 7.1],
			"rotation": {"angle": 0, "axis": "y", "origin": [0, 0, 0.25]},
			"faces": {
				"north": {"uv": [8.25, 0.5, 8.3125, 0.5625], "texture": "#0"},
				"east": {"uv": [2, 7.5, 2.1875, 7.5625], "texture": "#0"},
				"south": {"uv": [0.75, 8.25, 0.8125, 8.3125], "texture": "#0"},
				"west": {"uv": [7.5, 2, 7.6875, 2.0625], "texture": "#0"},
				"up": {"uv": [7.5625, 2.4375, 7.5, 2.25], "texture": "#0"},
				"down": {"uv": [7.5625, 2.5, 7.5, 2.6875], "texture": "#0"}
			}
		},
		{
			"from": [9.45, 3.78731, 8.73523],
			"to": [10.8, 6.53731, 10.43523],
			"rotation": {"angle": -22.5, "axis": "x", "origin": [10.125, 4.33731, 10.01023]},
			"faces": {
				"north": {"uv": [2, 5.25, 2.3125, 5.9375], "texture": "#0"},
				"east": {"uv": [2.5, 4.5, 2.9375, 5.1875], "texture": "#0"},
				"south": {"uv": [2.5, 5.25, 2.8125, 5.9375], "texture": "#0"},
				"west": {"uv": [4.5, 2.5, 4.9375, 3.1875], "texture": "#0"},
				"up": {"uv": [6.0625, 6.1875, 5.75, 5.75], "texture": "#0"},
				"down": {"uv": [1.5625, 6, 1.25, 6.4375], "texture": "#0"}
			}
		},
		{
			"from": [9.7, 1.53731, 9.48523],
			"to": [10.55, 3.78731, 10.33523],
			"rotation": {"angle": -22.5, "axis": "x", "origin": [10.125, 4.33731, 10.01023]},
			"faces": {
				"north": {"uv": [4, 6, 4.1875, 6.5625], "texture": "#0"},
				"east": {"uv": [4.25, 6, 4.4375, 6.5625], "texture": "#0"},
				"south": {"uv": [6, 4.75, 6.1875, 5.3125], "texture": "#0"},
				"west": {"uv": [0, 6.25, 0.1875, 6.8125], "texture": "#0"},
				"up": {"uv": [6.9375, 1.9375, 6.75, 1.75], "texture": "#0"},
				"down": {"uv": [2.1875, 6.75, 2, 6.9375], "texture": "#0"}
			}
		},
		{
			"from": [9.15, 0, 6.45],
			"to": [9.5, 0.35, 7.1],
			"rotation": {"angle": 0, "axis": "y", "origin": [16, 0, 0.25]},
			"faces": {
				"north": {"uv": [8.25, 5.75, 8.3125, 5.8125], "texture": "#0"},
				"east": {"uv": [7.5, 2.75, 7.6875, 2.8125], "texture": "#0"},
				"south": {"uv": [6, 8.25, 6.0625, 8.3125], "texture": "#0"},
				"west": {"uv": [7.5, 3, 7.6875, 3.0625], "texture": "#0"},
				"up": {"uv": [3.3125, 7.6875, 3.25, 7.5], "texture": "#0"},
				"down": {"uv": [7.5625, 3.25, 7.5, 3.4375], "texture": "#0"}
			}
		},
		{
			"from": [9.05, 0, 7.1],
			"to": [9.5, 0.65, 7.75],
			"rotation": {"angle": 0, "axis": "y", "origin": [16, 0, 0.25]},
			"faces": {
				"north": {"uv": [7, 4.75, 7.125, 4.9375], "texture": "#0"},
				"east": {"uv": [6.75, 2, 6.9375, 2.1875], "texture": "#0"},
				"south": {"uv": [7, 5, 7.125, 5.1875], "texture": "#0"},
				"west": {"uv": [2.25, 6.75, 2.4375, 6.9375], "texture": "#0"},
				"up": {"uv": [7.125, 5.4375, 7, 5.25], "texture": "#0"},
				"down": {"uv": [7.125, 5.5, 7, 5.6875], "texture": "#0"}
			}
		},
		{
			"from": [10.75, 0, 6.45],
			"to": [11.1, 0.35, 7.1],
			"rotation": {"angle": 0, "axis": "y", "origin": [16, 0, 0.25]},
			"faces": {
				"north": {"uv": [8.25, 6, 8.3125, 6.0625], "texture": "#0"},
				"east": {"uv": [3.5, 7.5, 3.6875, 7.5625], "texture": "#0"},
				"south": {"uv": [6.25, 8.25, 6.3125, 8.3125], "texture": "#0"},
				"west": {"uv": [7.5, 3.5, 7.6875, 3.5625], "texture": "#0"},
				"up": {"uv": [3.8125, 7.6875, 3.75, 7.5], "texture": "#0"},
				"down": {"uv": [7.5625, 3.75, 7.5, 3.9375], "texture": "#0"}
			}
		},
		{
			"from": [10.75, 0, 7.1],
			"to": [11.2, 0.65, 7.75],
			"rotation": {"angle": 0, "axis": "y", "origin": [16, 0, 0.25]},
			"faces": {
				"north": {"uv": [7, 5.75, 7.125, 5.9375], "texture": "#0"},
				"east": {"uv": [6.75, 2.25, 6.9375, 2.4375], "texture": "#0"},
				"south": {"uv": [7, 6, 7.125, 6.1875], "texture": "#0"},
				"west": {"uv": [2.5, 6.75, 2.6875, 6.9375], "texture": "#0"},
				"up": {"uv": [7.125, 6.4375, 7, 6.25], "texture": "#0"},
				"down": {"uv": [7.125, 6.5, 7, 6.6875], "texture": "#0"}
			}
		},
		{
			"from": [9.65, 0, 5.4],
			"to": [9.975, 0.35, 5.95],
			"rotation": {"angle": 0, "axis": "y", "origin": [16, 0, 0.25]},
			"faces": {
				"north": {"uv": [8.25, 6.25, 8.3125, 6.3125], "texture": "#0"},
				"east": {"uv": [7.75, 3.75, 7.875, 3.8125], "texture": "#0"},
				"south": {"uv": [6.5, 8.25, 6.5625, 8.3125], "texture": "#0"},
				"west": {"uv": [4, 7.75, 4.125, 7.8125], "texture": "#0"},
				"up": {"uv": [7.8125, 4.125, 7.75, 4], "texture": "#0"},
				"down": {"uv": [4.3125, 7.75, 4.25, 7.875], "texture": "#0"}
			}
		},
		{
			"from": [10.275, 0, 5.4],
			"to": [10.6, 0.35, 5.95],
			"rotation": {"angle": 0, "axis": "y", "origin": [16, 0, 0.25]},
			"faces": {
				"north": {"uv": [8.25, 6.5, 8.3125, 6.5625], "texture": "#0"},
				"east": {"uv": [7.75, 4.25, 7.875, 4.3125], "texture": "#0"},
				"south": {"uv": [6.75, 8.25, 6.8125, 8.3125], "texture": "#0"},
				"west": {"uv": [4.5, 7.75, 4.625, 7.8125], "texture": "#0"},
				"up": {"uv": [7.8125, 4.625, 7.75, 4.5], "texture": "#0"},
				"down": {"uv": [4.8125, 7.75, 4.75, 7.875], "texture": "#0"}
			}
		},
		{
			"from": [9.5, 0, 5.95],
			"to": [10.125, 0.65, 6.5],
			"rotation": {"angle": 0, "axis": "y", "origin": [16, 0, 0.25]},
			"faces": {
				"north": {"uv": [6.75, 2.5, 6.9375, 2.6875], "texture": "#0"},
				"east": {"uv": [7, 6.75, 7.125, 6.9375], "texture": "#0"},
				"south": {"uv": [2.75, 6.75, 2.9375, 6.9375], "texture": "#0"},
				"west": {"uv": [7, 7, 7.125, 7.1875], "texture": "#0"},
				"up": {"uv": [7.4375, 0.125, 7.25, 0], "texture": "#0"},
				"down": {"uv": [7.4375, 0.25, 7.25, 0.375], "texture": "#0"}
			}
		},
		{
			"from": [10.125, 0, 5.95],
			"to": [10.75, 0.65, 6.5],
			"rotation": {"angle": 0, "axis": "y", "origin": [16, 0, 0.25]},
			"faces": {
				"north": {"uv": [6.75, 2.75, 6.9375, 2.9375], "texture": "#0"},
				"east": {"uv": [7.25, 0.5, 7.375, 0.6875], "texture": "#0"},
				"south": {"uv": [3, 6.75, 3.1875, 6.9375], "texture": "#0"},
				"west": {"uv": [7.25, 0.75, 7.375, 0.9375], "texture": "#0"},
				"up": {"uv": [7.4375, 1.125, 7.25, 1], "texture": "#0"},
				"down": {"uv": [7.4375, 1.25, 7.25, 1.375], "texture": "#0"}
			}
		},
		{
			"from": [9.75, 0.88744, 7.69454],
			"to": [10.5, 1.63744, 11.19454],
			"rotation": {"angle": -22.5, "axis": "x", "origin": [10.125, 1.86244, 9.44454]},
			"faces": {
				"north": {"uv": [6.75, 3, 6.9375, 3.1875], "texture": "#0"},
				"east": {"uv": [0, 5.5, 0.875, 5.6875], "texture": "#0"},
				"south": {"uv": [3.25, 6.75, 3.4375, 6.9375], "texture": "#0"},
				"west": {"uv": [5.5, 0, 6.375, 0.1875], "texture": "#0"},
				"up": {"uv": [5.6875, 1.125, 5.5, 0.25], "texture": "#0"},
				"down": {"uv": [1.1875, 5.5, 1, 6.375], "texture": "#0"}
			}
		},
		{
			"from": [9.5, 0, 6.5],
			"to": [10.75, 1, 8.5],
			"rotation": {"angle": 0, "axis": "y", "origin": [16, 0, 0.25]},
			"faces": {
				"north": {"uv": [6.25, 2.5, 6.5625, 2.75], "texture": "#0"},
				"east": {"uv": [1.75, 6, 2.25, 6.25], "texture": "#0"},
				"south": {"uv": [6.25, 3.25, 6.5625, 3.5], "texture": "#0"},
				"west": {"uv": [6, 1.75, 6.5, 2], "texture": "#0"},
				"up": {"uv": [5.8125, 5.25, 5.5, 4.75], "texture": "#0"},
				"down": {"uv": [5.8125, 5.25, 5.5, 5.75], "texture": "#0"}
			}
		},
		{
			"from": [7.25, 3.52173, 11.16114],
			"to": [8.75, 8.77173, 12.66114],
			"rotation": {"angle": -22.5, "axis": "x", "origin": [8, 5.69673, 14.71114]},
			"faces": {
				"north": {"uv": [0, 4, 0.375, 5.3125], "texture": "#0"},
				"east": {"uv": [0.5, 4, 0.875, 5.3125], "texture": "#0"},
				"south": {"uv": [1, 4, 1.375, 5.3125], "texture": "#0"},
				"west": {"uv": [1.5, 4, 1.875, 5.3125], "texture": "#0"},
				"up": {"uv": [0.375, 6.125, 0, 5.75], "texture": "#0"},
				"down": {"uv": [6.125, 0.25, 5.75, 0.625], "texture": "#0"}
			}
		},
		{
			"from": [7.35, 2.64096, 13.27707],
			"to": [8.65, 3.94096, 19.27707],
			"rotation": {"angle": 22.5, "axis": "x", "origin": [8, 5.04096, 11.95207]},
			"faces": {
				"north": {"uv": [0.5, 6.25, 0.8125, 6.5625], "texture": "#0"},
				"east": {"uv": [2, 4, 3.5, 4.3125], "texture": "#0"},
				"south": {"uv": [1.75, 6.25, 2.0625, 6.5625], "texture": "#0"},
				"west": {"uv": [4, 2, 5.5, 2.3125], "texture": "#0"},
				"up": {"uv": [4.3125, 4, 4, 2.5], "texture": "#0"},
				"down": {"uv": [3.8125, 4, 3.5, 5.5], "texture": "#0"}
			}
		},
		{
			"from": [7.45, 0.01258, 17.8067],
			"to": [8.55, 1.11258, 22.5567],
			"rotation": {"angle": 0, "axis": "y", "origin": [8, 1.91258, 14.9317]},
			"faces": {
				"north": {"uv": [6.25, 3.5, 6.5, 3.75], "texture": "#0"},
				"east": {"uv": [4.5, 3.25, 5.6875, 3.5], "texture": "#0"},
				"south": {"uv": [6.25, 5.25, 6.5, 5.5], "texture": "#0"},
				"west": {"uv": [4.5, 3.5, 5.6875, 3.75], "texture": "#0"},
				"up": {"uv": [3.25, 5.6875, 3, 4.5], "texture": "#0"},
				"down": {"uv": [3.5, 4.5, 3.25, 5.6875], "texture": "#0"}
			}
		},
		{
			"from": [7.55, 0.01258, 22.5567],
			"to": [8.45, 0.91258, 26.5567],
			"rotation": {"angle": 0, "axis": "y", "origin": [8, 1.91258, 14.9317]},
			"faces": {
				"north": {"uv": [6.5, 0.5, 6.75, 0.75], "texture": "#0"},
				"east": {"uv": [4.5, 3.75, 5.5, 4], "texture": "#0"},
				"south": {"uv": [6.5, 0.75, 6.75, 1], "texture": "#0"},
				"west": {"uv": [4.5, 4, 5.5, 4.25], "texture": "#0"},
				"up": {"uv": [4.75, 5.25, 4.5, 4.25], "texture": "#0"},
				"down": {"uv": [5, 0, 4.75, 1], "texture": "#0"}
			}
		},
		{
			"from": [7.3, 0.01258, 26.5567],
			"to": [8.7, 1.41258, 29.0567],
			"rotation": {"angle": 0, "axis": "y", "origin": [8, 1.91258, 14.9317]},
			"faces": {
				"north": {"uv": [0.5, 5.75, 0.875, 6.125], "texture": "#0"},
				"east": {"uv": [4.75, 1, 5.375, 1.375], "texture": "#0"},
				"south": {"uv": [5.75, 0.75, 6.125, 1.125], "texture": "#0"},
				"west": {"uv": [4.75, 1.5, 5.375, 1.875], "texture": "#0"},
				"up": {"uv": [4.375, 5.375, 4, 4.75], "texture": "#0"},
				"down": {"uv": [5.125, 4.25, 4.75, 4.875], "texture": "#0"}
			}
		},
		{
			"from": [7.3, 0.86258, 29.0567],
			"to": [7.85, 1.41258, 29.5567],
			"rotation": {"angle": 0, "axis": "y", "origin": [8, 1.91258, 14.9317]},
			"faces": {
				"north": {"uv": [7.25, 4.25, 7.375, 4.375], "texture": "#0"},
				"east": {"uv": [4.5, 7.25, 4.625, 7.375], "texture": "#0"},
				"south": {"uv": [7.25, 4.5, 7.375, 4.625], "texture": "#0"},
				"west": {"uv": [4.75, 7.25, 4.875, 7.375], "texture": "#0"},
				"up": {"uv": [7.375, 4.875, 7.25, 4.75], "texture": "#0"},
				"down": {"uv": [5.125, 7.25, 5, 7.375], "texture": "#0"}
			}
		},
		{
			"from": [7.3, 0.01258, 29.0567],
			"to": [7.85, 0.56258, 29.5567],
			"rotation": {"angle": 0, "axis": "y", "origin": [8, 1.91258, 14.9317]},
			"faces": {
				"north": {"uv": [7.25, 5, 7.375, 5.125], "texture": "#0"},
				"east": {"uv": [5.25, 7.25, 5.375, 7.375], "texture": "#0"},
				"south": {"uv": [7.25, 5.25, 7.375, 5.375], "texture": "#0"},
				"west": {"uv": [5.5, 7.25, 5.625, 7.375], "texture": "#0"},
				"up": {"uv": [7.375, 5.625, 7.25, 5.5], "texture": "#0"},
				"down": {"uv": [5.875, 7.25, 5.75, 7.375], "texture": "#0"}
			}
		},
		{
			"from": [8.15, 0.01258, 29.0567],
			"to": [8.7, 0.56258, 29.5567],
			"rotation": {"angle": 0, "axis": "y", "origin": [8, 1.91258, 14.9317]},
			"faces": {
				"north": {"uv": [7.25, 5.75, 7.375, 5.875], "texture": "#0"},
				"east": {"uv": [6, 7.25, 6.125, 7.375], "texture": "#0"},
				"south": {"uv": [7.25, 6, 7.375, 6.125], "texture": "#0"},
				"west": {"uv": [6.25, 7.25, 6.375, 7.375], "texture": "#0"},
				"up": {"uv": [7.375, 6.375, 7.25, 6.25], "texture": "#0"},
				"down": {"uv": [6.625, 7.25, 6.5, 7.375], "texture": "#0"}
			}
		},
		{
			"from": [7.3, 0.56258, 29.0567],
			"to": [7.85, 0.86258, 29.3067],
			"rotation": {"angle": 0, "axis": "y", "origin": [8, 1.91258, 14.9317]},
			"faces": {
				"north": {"uv": [5.75, 7.5, 5.875, 7.5625], "texture": "#0"},
				"east": {"uv": [1, 8, 1.0625, 8.0625], "texture": "#0"},
				"south": {"uv": [7.5, 5.75, 7.625, 5.8125], "texture": "#0"},
				"west": {"uv": [8, 1, 8.0625, 1.0625], "texture": "#0"},
				"up": {"uv": [6.125, 7.5625, 6, 7.5], "texture": "#0"},
				"down": {"uv": [7.625, 6, 7.5, 6.0625], "texture": "#0"}
			}
		},
		{
			"from": [8.15, 0.56258, 29.0567],
			"to": [8.7, 0.86258, 29.3067],
			"rotation": {"angle": 0, "axis": "y", "origin": [8, 1.91258, 14.9317]},
			"faces": {
				"north": {"uv": [6.25, 7.5, 6.375, 7.5625], "texture": "#0"},
				"east": {"uv": [1.25, 8, 1.3125, 8.0625], "texture": "#0"},
				"south": {"uv": [7.5, 6.25, 7.625, 6.3125], "texture": "#0"},
				"west": {"uv": [8, 1.25, 8.0625, 1.3125], "texture": "#0"},
				"up": {"uv": [6.625, 7.5625, 6.5, 7.5], "texture": "#0"},
				"down": {"uv": [7.625, 6.5, 7.5, 6.5625], "texture": "#0"}
			}
		},
		{
			"from": [7.85, 0.86258, 29.0567],
			"to": [8.15, 1.41258, 29.3067],
			"rotation": {"angle": 0, "axis": "y", "origin": [8, 1.91258, 14.9317]},
			"faces": {
				"north": {"uv": [6.75, 7.5, 6.8125, 7.625], "texture": "#0"},
				"east": {"uv": [7.5, 6.75, 7.5625, 6.875], "texture": "#0"},
				"south": {"uv": [7, 7.5, 7.0625, 7.625], "texture": "#0"},
				"west": {"uv": [7.5, 7, 7.5625, 7.125], "texture": "#0"},
				"up": {"uv": [1.5625, 8.0625, 1.5, 8], "texture": "#0"},
				"down": {"uv": [8.0625, 1.5, 8, 1.5625], "texture": "#0"}
			}
		},
		{
			"from": [7.85, 0.01258, 29.0567],
			"to": [8.15, 0.56258, 29.3067],
			"rotation": {"angle": 0, "axis": "y", "origin": [8, 1.91258, 14.9317]},
			"faces": {
				"north": {"uv": [7.25, 7.5, 7.3125, 7.625], "texture": "#0"},
				"east": {"uv": [7.5, 7.25, 7.5625, 7.375], "texture": "#0"},
				"south": {"uv": [7.5, 7.5, 7.5625, 7.625], "texture": "#0"},
				"west": {"uv": [0, 7.75, 0.0625, 7.875], "texture": "#0"},
				"up": {"uv": [1.8125, 8.0625, 1.75, 8], "texture": "#0"},
				"down": {"uv": [8.0625, 1.75, 8, 1.8125], "texture": "#0"}
			}
		},
		{
			"from": [8.15, 0.86258, 29.0567],
			"to": [8.7, 1.41258, 29.5567],
			"rotation": {"angle": 0, "axis": "y", "origin": [8, 1.91258, 14.9317]},
			"faces": {
				"north": {"uv": [7.25, 6.5, 7.375, 6.625], "texture": "#0"},
				"east": {"uv": [6.75, 7.25, 6.875, 7.375], "texture": "#0"},
				"south": {"uv": [7.25, 6.75, 7.375, 6.875], "texture": "#0"},
				"west": {"uv": [7, 7.25, 7.125, 7.375], "texture": "#0"},
				"up": {"uv": [7.375, 7.125, 7.25, 7], "texture": "#0"},
				"down": {"uv": [7.375, 7.25, 7.25, 7.375], "texture": "#0"}
			}
		},
		{
			"from": [8.25, 0.96258, 29.5567],
			"to": [8.6, 1.31258, 29.7067],
			"rotation": {"angle": 0, "axis": "y", "origin": [8, 1.91258, 14.9317]},
			"faces": {
				"north": {"uv": [2, 8, 2.0625, 8.0625], "texture": "#0"},
				"east": {"uv": [8, 2, 8.0625, 2.0625], "texture": "#0"},
				"south": {"uv": [2.25, 8, 2.3125, 8.0625], "texture": "#0"},
				"west": {"uv": [8, 2.25, 8.0625, 2.3125], "texture": "#0"},
				"up": {"uv": [2.5625, 8.0625, 2.5, 8], "texture": "#0"},
				"down": {"uv": [8.0625, 2.5, 8, 2.5625], "texture": "#0"}
			}
		},
		{
			"from": [7.4, 0.96258, 29.5567],
			"to": [7.75, 1.31258, 29.7067],
			"rotation": {"angle": 0, "axis": "y", "origin": [8, 1.91258, 14.9317]},
			"faces": {
				"north": {"uv": [2.75, 8, 2.8125, 8.0625], "texture": "#0"},
				"east": {"uv": [8, 2.75, 8.0625, 2.8125], "texture": "#0"},
				"south": {"uv": [3, 8, 3.0625, 8.0625], "texture": "#0"},
				"west": {"uv": [8, 3, 8.0625, 3.0625], "texture": "#0"},
				"up": {"uv": [3.3125, 8.0625, 3.25, 8], "texture": "#0"},
				"down": {"uv": [8.0625, 3.25, 8, 3.3125], "texture": "#0"}
			}
		},
		{
			"from": [7.4, 0.11258, 29.5567],
			"to": [7.75, 0.46258, 29.7067],
			"rotation": {"angle": 0, "axis": "y", "origin": [8, 1.91258, 14.9317]},
			"faces": {
				"north": {"uv": [3.5, 8, 3.5625, 8.0625], "texture": "#0"},
				"east": {"uv": [8, 3.5, 8.0625, 3.5625], "texture": "#0"},
				"south": {"uv": [3.75, 8, 3.8125, 8.0625], "texture": "#0"},
				"west": {"uv": [8, 3.75, 8.0625, 3.8125], "texture": "#0"},
				"up": {"uv": [4.0625, 8.0625, 4, 8], "texture": "#0"},
				"down": {"uv": [8.0625, 4, 8, 4.0625], "texture": "#0"}
			}
		},
		{
			"from": [8.25, 0.11258, 29.5567],
			"to": [8.6, 0.46258, 29.7067],
			"rotation": {"angle": 0, "axis": "y", "origin": [8, 1.91258, 14.9317]},
			"faces": {
				"north": {"uv": [4.25, 8, 4.3125, 8.0625], "texture": "#0"},
				"east": {"uv": [8, 4.25, 8.0625, 4.3125], "texture": "#0"},
				"south": {"uv": [4.5, 8, 4.5625, 8.0625], "texture": "#0"},
				"west": {"uv": [8, 4.5, 8.0625, 4.5625], "texture": "#0"},
				"up": {"uv": [4.8125, 8.0625, 4.75, 8], "texture": "#0"},
				"down": {"uv": [8.0625, 4.75, 8, 4.8125], "texture": "#0"}
			}
		}
	],
	"display": {
		"thirdperson_righthand": {
			"rotation": [90, 0, 0],
			"translation": [-6, -0.75, -4]
		}
	},
	"groups": [
		{
			"name": "Head",
			"origin": [10.45436, 14.28645, 2.6],
			"color": 0,
			"children": [
				0,
				1,
				2,
				3,
				{
					"name": "LEar",
					"origin": [5.54564, 14.28645, 2.6],
					"color": 0,
					"children": [4, 5, 6, 7, 8, 9, 10, 11, 12, 13, 14, 15]
				},
				{
					"name": "REar",
					"origin": [10.45436, 14.28645, 2.6],
					"color": 0,
					"children": [16, 17, 18, 19, 20, 21, 22, 23, 24, 25, 26, 27]
				}
			]
		},
		28,
		{
			"name": "LArm",
			"origin": [5.725, 4.60665, 3.46258],
			"color": 0,
			"children": [29, 30, 31, 32, 33, 34, 35, 36, 37, 38]
		},
		{
			"name": "RArm",
			"origin": [10.4, 7.25, 6],
			"color": 0,
			"children": [39, 40, 41, 42, 43, 44, 45, 46, 47, 48]
		},
		{
			"name": "LLeg",
			"origin": [0, 0, 0.25],
			"color": 0,
			"children": [49, 50, 51, 52, 53, 54, 55, 56, 57, 58, 59, 60]
		},
		{
			"name": "RLeg",
			"origin": [16, 0, 0.25],
			"color": 0,
			"children": [61, 62, 63, 64, 65, 66, 67, 68, 69, 70, 71, 72]
		},
		{
			"name": "Tail",
			"origin": [8, 1.91258, 14.9317],
			"color": 0,
			"children": [73, 74, 75, 76, 77, 78, 79, 80, 81, 82, 83, 84, 85, 86, 87, 88, 89]
		}
	]
}