{
	"credit": "Made with Blockbench",
	"texture_size": [64, 64],
	"textures": {
		"0": "block/ostrich",
		"particle": "block/ostrich"
	},
	"elements": [
		{
			"from": [9.8, 6.95, 12],
			"to": [10.1375, 7.325, 13.5],
			"rotation": {"angle": -45, "axis": "x", "origin": [8, 6.95, 14.625]},
			"faces": {
				"north": {"uv": [8.75, 7, 8.875, 7.125], "texture": "#0"},
				"east": {"uv": [8.5, 5.5, 9, 5.625], "texture": "#0"},
				"south": {"uv": [7.25, 8.75, 7.375, 8.875], "texture": "#0"},
				"west": {"uv": [8.5, 6, 9, 6.125], "texture": "#0"},
				"up": {"uv": [8.625, 6.75, 8.5, 6.25], "texture": "#0"},
				"down": {"uv": [8.625, 7.5, 8.5, 8], "texture": "#0"}
			}
		},
		{
			"from": [9.725, 7.325, 12.5625],
			"to": [10.175, 7.8125, 14.4375],
			"rotation": {"angle": -45, "axis": "x", "origin": [8, 6.95, 14.625]},
			"faces": {
				"north": {"uv": [8.75, 6.5, 8.875, 6.6875], "texture": "#0"},
				"east": {"uv": [2.5, 8.25, 3.125, 8.4375], "texture": "#0"},
				"south": {"uv": [6.75, 8.75, 6.875, 8.9375], "texture": "#0"},
				"west": {"uv": [8.25, 3.75, 8.875, 3.9375], "texture": "#0"},
				"up": {"uv": [8.625, 3.375, 8.5, 2.75], "texture": "#0"},
				"down": {"uv": [3.125, 8.5, 3, 9.125], "texture": "#0"}
			}
		},
		{
			"from": [9.35, 7.8125, 12.9375],
			"to": [9.9875, 8.5625, 15.1875],
			"rotation": {"angle": -45, "axis": "x", "origin": [8, 6.95, 14.625]},
			"faces": {
				"north": {"uv": [3.5, 8.75, 3.6875, 9], "texture": "#0"},
				"east": {"uv": [7.75, 1.25, 8.5, 1.5], "texture": "#0"},
				"south": {"uv": [8.75, 3.5, 8.9375, 3.75], "texture": "#0"},
				"west": {"uv": [2.75, 7.75, 3.5, 8], "texture": "#0"},
				"up": {"uv": [7.6875, 8.75, 7.5, 8], "texture": "#0"},
				"down": {"uv": [7.9375, 8, 7.75, 8.75], "texture": "#0"}
			}
		},
		{
			"from": [8.4875, 8.1875, 13.125],
			"to": [9.35, 8.9375, 15.5625],
			"rotation": {"angle": -45, "axis": "x", "origin": [8, 6.95, 14.625]},
			"faces": {
				"north": {"uv": [2.5, 8.5, 2.8125, 8.75], "texture": "#0"},
				"east": {"uv": [7.5, 3, 8.3125, 3.25], "texture": "#0"},
				"south": {"uv": [8.5, 2.5, 8.8125, 2.75], "texture": "#0"},
				"west": {"uv": [7.5, 3.25, 8.3125, 3.5], "texture": "#0"},
				"up": {"uv": [7.3125, 3.8125, 7, 3], "texture": "#0"},
				"down": {"uv": [7.3125, 4, 7, 4.8125], "texture": "#0"}
			}
		},
		{
			"from": [7.5125, 8.375, 12.975],
			"to": [8.4875, 9.125, 16.5],
			"rotation": {"angle": -45, "axis": "x", "origin": [8, 6.95, 14.625]},
			"faces": {
				"north": {"uv": [8.25, 5.75, 8.5625, 6], "texture": "#0"},
				"east": {"uv": [7, 1.5, 8.1875, 1.75], "texture": "#0"},
				"south": {"uv": [8.5, 0.5, 8.8125, 0.75], "texture": "#0"},
				"west": {"uv": [7, 1.75, 8.1875, 2], "texture": "#0"},
				"up": {"uv": [6.8125, 4.9375, 6.5, 3.75], "texture": "#0"},
				"down": {"uv": [4.3125, 6.5, 4, 7.6875], "texture": "#0"}
			}
		},
		{
			"from": [6.65, 8.1875, 13.125],
			"to": [7.5125, 8.9375, 15.5625],
			"rotation": {"angle": -45, "axis": "x", "origin": [8, 6.95, 14.625]},
			"faces": {
				"north": {"uv": [8.5, 1, 8.8125, 1.25], "texture": "#0"},
				"east": {"uv": [7.5, 2.5, 8.3125, 2.75], "texture": "#0"},
				"south": {"uv": [8.5, 1.25, 8.8125, 1.5], "texture": "#0"},
				"west": {"uv": [7.5, 2.75, 8.3125, 3], "texture": "#0"},
				"up": {"uv": [0.3125, 7.5625, 0, 6.75], "texture": "#0"},
				"down": {"uv": [7.3125, 2, 7, 2.8125], "texture": "#0"}
			}
		},
		{
			"from": [6.0125, 7.8125, 12.9375],
			"to": [6.65, 8.5625, 15.1875],
			"rotation": {"angle": -45, "axis": "x", "origin": [8, 6.95, 14.625]},
			"faces": {
				"north": {"uv": [8.75, 3, 8.9375, 3.25], "texture": "#0"},
				"east": {"uv": [7.5, 5.75, 8.25, 6], "texture": "#0"},
				"south": {"uv": [8.75, 3.25, 8.9375, 3.5], "texture": "#0"},
				"west": {"uv": [7.75, 1, 8.5, 1.25], "texture": "#0"},
				"up": {"uv": [6.1875, 8.75, 6, 8], "texture": "#0"},
				"down": {"uv": [8.1875, 7, 8, 7.75], "texture": "#0"}
			}
		},
		{
			"from": [5.825, 7.325, 12.5625],
			"to": [6.275, 7.8125, 14.4375],
			"rotation": {"angle": -45, "axis": "x", "origin": [8, 6.95, 14.625]},
			"faces": {
				"north": {"uv": [8.75, 6.25, 8.875, 6.4375], "texture": "#0"},
				"east": {"uv": [8.25, 0.75, 8.875, 0.9375], "texture": "#0"},
				"south": {"uv": [6.5, 8.75, 6.625, 8.9375], "texture": "#0"},
				"west": {"uv": [8.25, 2.25, 8.875, 2.4375], "texture": "#0"},
				"up": {"uv": [0.375, 9.125, 0.25, 8.5], "texture": "#0"},
				"down": {"uv": [8.625, 1.5, 8.5, 2.125], "texture": "#0"}
			}
		},
		{
			"from": [5.8625, 6.95, 12],
			"to": [6.2, 7.325, 13.5],
			"rotation": {"angle": -45, "axis": "x", "origin": [8, 6.95, 14.625]},
			"faces": {
				"north": {"uv": [8.75, 6.75, 8.875, 6.875], "texture": "#0"},
				"east": {"uv": [8.5, 5, 9, 5.125], "texture": "#0"},
				"south": {"uv": [7, 8.75, 7.125, 8.875], "texture": "#0"},
				"west": {"uv": [8.5, 5.25, 9, 5.375], "texture": "#0"},
				"up": {"uv": [5.625, 9, 5.5, 8.5], "texture": "#0"},
				"down": {"uv": [5.875, 8.5, 5.75, 9], "texture": "#0"}
			}
		},
		{
			"from": [9.875, 4.7, 10.875],
			"to": [10.4375, 6.95, 12.5625],
			"rotation": {"angle": 0, "axis": "y", "origin": [2, 0.0125, 3.5625]},
			"faces": {
				"north": {"uv": [8, 7.75, 8.1875, 8.5], "texture": "#0"},
				"east": {"uv": [3.25, 6, 3.8125, 6.75], "texture": "#0"},
				"south": {"uv": [8.25, 0, 8.4375, 0.75], "texture": "#0"},
				"west": {"uv": [6.25, 0, 6.8125, 0.75], "texture": "#0"},
				"up": {"uv": [3.4375, 8.8125, 3.25, 8.25], "texture": "#0"},
				"down": {"uv": [5.1875, 8.25, 5, 8.8125], "texture": "#0"}
			}
		},
		{
			"from": [9.875, 5.075, 7.125],
			"to": [10.4375, 7.7, 10.875],
			"rotation": {"angle": 0, "axis": "y", "origin": [2, 0.0125, 3.5625]},
			"faces": {
				"north": {"uv": [4.5, 7.75, 4.6875, 8.625], "texture": "#0"},
				"east": {"uv": [4.5, 1.25, 5.75, 2.125], "texture": "#0"},
				"south": {"uv": [4.75, 7.75, 4.9375, 8.625], "texture": "#0"},
				"west": {"uv": [4.5, 2.25, 5.75, 3.125], "texture": "#0"},
				"up": {"uv": [0.6875, 8.75, 0.5, 7.5], "texture": "#0"},
				"down": {"uv": [0.9375, 7.5, 0.75, 8.75], "texture": "#0"}
			}
		},
		{
			"from": [9.875, 5.45, 5.8125],
			"to": [10.4375, 8.2625, 7.125],
			"rotation": {"angle": 0, "axis": "y", "origin": [2, 0.0125, 3.5625]},
			"faces": {
				"north": {"uv": [3.5, 7.75, 3.6875, 8.6875], "texture": "#0"},
				"east": {"uv": [6.5, 1.75, 6.9375, 2.6875], "texture": "#0"},
				"south": {"uv": [3.75, 7.75, 3.9375, 8.6875], "texture": "#0"},
				"west": {"uv": [2, 6.5, 2.4375, 7.4375], "texture": "#0"},
				"up": {"uv": [4.4375, 5.1875, 4.25, 4.75], "texture": "#0"},
				"down": {"uv": [4.1875, 6, 4, 6.4375], "texture": "#0"}
			}
		},
		{
			"from": [5.5625, 4.7, 10.875],
			"to": [6.125, 6.95, 12.5625],
			"rotation": {"angle": 0, "axis": "y", "origin": [14, 0.0125, 3.5625]},
			"faces": {
				"north": {"uv": [8.25, 1.5, 8.4375, 2.25], "texture": "#0"},
				"east": {"uv": [5.25, 6.25, 5.8125, 7], "texture": "#0"},
				"south": {"uv": [2.25, 8.25, 2.4375, 9], "texture": "#0"},
				"west": {"uv": [6, 6.25, 6.5625, 7], "texture": "#0"},
				"up": {"uv": [8.4375, 5.5625, 8.25, 5], "texture": "#0"},
				"down": {"uv": [6.4375, 8.25, 6.25, 8.8125], "texture": "#0"}
			}
		},
		{
			"from": [5.5625, 5.075, 7.125],
			"to": [6.125, 7.7, 10.875],
			"rotation": {"angle": 0, "axis": "y", "origin": [14, 0.0125, 3.5625]},
			"faces": {
				"north": {"uv": [1.5, 8, 1.6875, 8.875], "texture": "#0"},
				"east": {"uv": [4.5, 3.25, 5.75, 4.125], "texture": "#0"},
				"south": {"uv": [1.75, 8, 1.9375, 8.875], "texture": "#0"},
				"west": {"uv": [4.5, 4.25, 5.75, 5.125], "texture": "#0"},
				"up": {"uv": [1.1875, 8.75, 1, 7.5], "texture": "#0"},
				"down": {"uv": [1.4375, 7.5, 1.25, 8.75], "texture": "#0"}
			}
		},
		{
			"from": [5.5625, 5.45, 5.8125],
			"to": [6.125, 8.2625, 7.125],
			"rotation": {"angle": 0, "axis": "y", "origin": [14, 0.0125, 3.5625]},
			"faces": {
				"north": {"uv": [4, 7.75, 4.1875, 8.6875], "texture": "#0"},
				"east": {"uv": [2.5, 6.5, 2.9375, 7.4375], "texture": "#0"},
				"south": {"uv": [4.25, 7.75, 4.4375, 8.6875], "texture": "#0"},
				"west": {"uv": [6.5, 2.75, 6.9375, 3.6875], "texture": "#0"},
				"up": {"uv": [8.4375, 7.9375, 8.25, 7.5], "texture": "#0"},
				"down": {"uv": [8.4375, 8, 8.25, 8.4375], "texture": "#0"}
			}
		},
		{
			"from": [9.875, 0.0125, 9.375],
			"to": [10.1375, 0.5, 9.5625],
			"rotation": {"angle": 0, "axis": "y", "origin": [14.375, 0.0125, 3.375]},
			"faces": {
				"north": {"uv": [8.75, 7.75, 8.8125, 7.9375], "texture": "#0"},
				"east": {"uv": [8, 8.75, 8.0625, 8.9375], "texture": "#0"},
				"south": {"uv": [8.75, 8, 8.8125, 8.1875], "texture": "#0"},
				"west": {"uv": [8.25, 8.75, 8.3125, 8.9375], "texture": "#0"},
				"up": {"uv": [8.8125, 8.8125, 8.75, 8.75], "texture": "#0"},
				"down": {"uv": [0.0625, 9, 0, 9.0625], "texture": "#0"}
			}
		},
		{
			"from": [9.2375, 0.0125, 7.1625],
			"to": [9.7625, 0.5375, 7.875],
			"rotation": {"angle": 0, "axis": "y", "origin": [14.375, 0.0125, 3.375]},
			"faces": {
				"north": {"uv": [8.75, 4.75, 8.9375, 4.9375], "texture": "#0"},
				"east": {"uv": [3.75, 8.75, 4, 8.9375], "texture": "#0"},
				"south": {"uv": [5.25, 8.75, 5.4375, 8.9375], "texture": "#0"},
				"west": {"uv": [4, 8.75, 4.25, 8.9375], "texture": "#0"},
				"up": {"uv": [8.9375, 4.25, 8.75, 4], "texture": "#0"},
				"down": {"uv": [4.4375, 8.75, 4.25, 9], "texture": "#0"}
			}
		},
		{
			"from": [9.875, 0.0125, 8.4375],
			"to": [10.3625, 0.5, 9.375],
			"rotation": {"angle": 0, "axis": "y", "origin": [14.375, 0.0125, 3.375]},
			"faces": {
				"north": {"uv": [8.75, 5.75, 8.9375, 5.9375], "texture": "#0"},
				"east": {"uv": [0.75, 8.75, 1.0625, 8.9375], "texture": "#0"},
				"south": {"uv": [6, 8.75, 6.1875, 8.9375], "texture": "#0"},
				"west": {"uv": [8.75, 1.5, 9.0625, 1.6875], "texture": "#0"},
				"up": {"uv": [1.4375, 9.0625, 1.25, 8.75], "texture": "#0"},
				"down": {"uv": [8.9375, 1.75, 8.75, 2.0625], "texture": "#0"}
			}
		},
		{
			"from": [8.675, 4.28513, 9.974],
			"to": [10.325, 6.53513, 11.624],
			"rotation": {"angle": -22.5, "axis": "x", "origin": [9.5, 1.77263, 10.0115]},
			"faces": {
				"north": {"uv": [5.75, 3.25, 6.3125, 4], "texture": "#0"},
				"east": {"uv": [5.75, 4, 6.3125, 4.75], "texture": "#0"},
				"south": {"uv": [5.75, 4.75, 6.3125, 5.5], "texture": "#0"},
				"west": {"uv": [5.75, 5.5, 6.3125, 6.25], "texture": "#0"},
				"up": {"uv": [7.5625, 0.5625, 7, 0], "texture": "#0"},
				"down": {"uv": [7.5625, 0.75, 7, 1.3125], "texture": "#0"}
			}
		},
		{
			"from": [9.05, 2.41013, 10.349],
			"to": [9.95, 4.28513, 11.249],
			"rotation": {"angle": -22.5, "axis": "x", "origin": [9.5, 1.77263, 10.0115]},
			"faces": {
				"north": {"uv": [6.25, 7.5, 6.5625, 8.125], "texture": "#0"},
				"east": {"uv": [7.5, 6.5, 7.8125, 7.125], "texture": "#0"},
				"south": {"uv": [7.5, 7.25, 7.8125, 7.875], "texture": "#0"},
				"west": {"uv": [0, 7.75, 0.3125, 8.375], "texture": "#0"},
				"up": {"uv": [7.3125, 8.5625, 7, 8.25], "texture": "#0"},
				"down": {"uv": [8.5625, 7, 8.25, 7.3125], "texture": "#0"}
			}
		},
		{
			"from": [9.0875, -0.00414, 9.29779],
			"to": [9.9125, 2.99586, 10.12279],
			"rotation": {"angle": 22.5, "axis": "x", "origin": [9.5, 0.97086, 10.08529]},
			"faces": {
				"north": {"uv": [5, 7.25, 5.25, 8.25], "texture": "#0"},
				"east": {"uv": [6.75, 7.25, 7, 8.25], "texture": "#0"},
				"south": {"uv": [7, 7.25, 7.25, 8.25], "texture": "#0"},
				"west": {"uv": [7.25, 7.25, 7.5, 8.25], "texture": "#0"},
				"up": {"uv": [3, 7.75, 2.75, 7.5], "texture": "#0"},
				"down": {"uv": [8.75, 6.75, 8.5, 7], "texture": "#0"}
			}
		},
		{
			"from": [9.125, 0.0125, 7.875],
			"to": [9.875, 0.7625, 9.75],
			"rotation": {"angle": 0, "axis": "y", "origin": [14.375, 0.0125, 3.375]},
			"faces": {
				"north": {"uv": [8, 8.5, 8.25, 8.75], "texture": "#0"},
				"east": {"uv": [8, 4.5, 8.625, 4.75], "texture": "#0"},
				"south": {"uv": [8.5, 8, 8.75, 8.25], "texture": "#0"},
				"west": {"uv": [8, 4.75, 8.625, 5], "texture": "#0"},
				"up": {"uv": [8.25, 5.625, 8, 5], "texture": "#0"},
				"down": {"uv": [5.5, 8, 5.25, 8.625], "texture": "#0"}
			}
		},
		{
			"from": [6.125, 0.0125, 7.875],
			"to": [6.875, 0.7625, 9.75],
			"rotation": {"angle": 0, "axis": "y", "origin": [1.625, 0.0125, 3.375]},
			"faces": {
				"north": {"uv": [1.75, 5.25, 2, 5.5], "texture": "#0"},
				"east": {"uv": [2.75, 8, 3.375, 8.25], "texture": "#0"},
				"south": {"uv": [6.25, 0.75, 6.5, 1], "texture": "#0"},
				"west": {"uv": [8, 3.5, 8.625, 3.75], "texture": "#0"},
				"up": {"uv": [2.25, 8.625, 2, 8], "texture": "#0"},
				"down": {"uv": [8.25, 3.75, 8, 4.375], "texture": "#0"}
			}
		},
		{
			"from": [6.0875, -0.00414, 9.29779],
			"to": [6.9125, 2.99586, 10.12279],
			"rotation": {"angle": 22.5, "axis": "x", "origin": [6.5, 0.97086, 10.08529]},
			"faces": {
				"north": {"uv": [5.25, 7, 5.5, 8], "texture": "#0"},
				"east": {"uv": [5.5, 7, 5.75, 8], "texture": "#0"},
				"south": {"uv": [5.75, 7, 6, 8], "texture": "#0"},
				"west": {"uv": [6, 7, 6.25, 8], "texture": "#0"},
				"up": {"uv": [3.25, 6.75, 3, 6.5], "texture": "#0"},
				"down": {"uv": [6.75, 6, 6.5, 6.25], "texture": "#0"}
			}
		},
		{
			"from": [6.05, 2.41013, 10.349],
			"to": [6.95, 4.28513, 11.249],
			"rotation": {"angle": -22.5, "axis": "x", "origin": [6.5, 1.77263, 10.0115]},
			"faces": {
				"north": {"uv": [2.25, 7.5, 2.5625, 8.125], "texture": "#0"},
				"east": {"uv": [7.5, 3.5, 7.8125, 4.125], "texture": "#0"},
				"south": {"uv": [7.5, 4.25, 7.8125, 4.875], "texture": "#0"},
				"west": {"uv": [7.5, 5, 7.8125, 5.625], "texture": "#0"},
				"up": {"uv": [8.5625, 4.3125, 8.25, 4], "texture": "#0"},
				"down": {"uv": [6.8125, 8.25, 6.5, 8.5625], "texture": "#0"}
			}
		},
		{
			"from": [5.675, 4.28513, 9.974],
			"to": [7.325, 6.53513, 11.624],
			"rotation": {"angle": -22.5, "axis": "x", "origin": [6.5, 1.77263, 10.0115]},
			"faces": {
				"north": {"uv": [0.5, 5.75, 1.0625, 6.5], "texture": "#0"},
				"east": {"uv": [5.75, 1, 6.3125, 1.75], "texture": "#0"},
				"south": {"uv": [5.75, 1.75, 6.3125, 2.5], "texture": "#0"},
				"west": {"uv": [5.75, 2.5, 6.3125, 3.25], "texture": "#0"},
				"up": {"uv": [5.0625, 7.0625, 4.5, 6.5], "texture": "#0"},
				"down": {"uv": [7.3125, 6.5, 6.75, 7.0625], "texture": "#0"}
			}
		},
		{
			"from": [5.6375, 0.0125, 8.4375],
			"to": [6.125, 0.5, 9.375],
			"rotation": {"angle": 0, "axis": "y", "origin": [1.625, 0.0125, 3.375]},
			"faces": {
				"north": {"uv": [8.75, 4.25, 8.9375, 4.4375], "texture": "#0"},
				"east": {"uv": [8.25, 8.5, 8.5625, 8.6875], "texture": "#0"},
				"south": {"uv": [4.5, 8.75, 4.6875, 8.9375], "texture": "#0"},
				"west": {"uv": [8.5, 8.25, 8.8125, 8.4375], "texture": "#0"},
				"up": {"uv": [8.9375, 0.3125, 8.75, 0], "texture": "#0"},
				"down": {"uv": [0.6875, 8.75, 0.5, 9.0625], "texture": "#0"}
			}
		},
		{
			"from": [6.2375, 0.0125, 7.1625],
			"to": [6.7625, 0.5375, 7.875],
			"rotation": {"angle": 0, "axis": "y", "origin": [1.625, 0.0125, 3.375]},
			"faces": {
				"north": {"uv": [8.75, 4.5, 8.9375, 4.6875], "texture": "#0"},
				"east": {"uv": [2, 8.75, 2.25, 8.9375], "texture": "#0"},
				"south": {"uv": [4.75, 8.75, 4.9375, 8.9375], "texture": "#0"},
				"west": {"uv": [2.5, 8.75, 2.75, 8.9375], "texture": "#0"},
				"up": {"uv": [2.9375, 9, 2.75, 8.75], "texture": "#0"},
				"down": {"uv": [8.9375, 2.75, 8.75, 3], "texture": "#0"}
			}
		},
		{
			"from": [5.8625, 0.0125, 9.375],
			"to": [6.125, 0.5, 9.5625],
			"rotation": {"angle": 0, "axis": "y", "origin": [1.625, 0.0125, 3.375]},
			"faces": {
				"north": {"uv": [8.75, 7.25, 8.8125, 7.4375], "texture": "#0"},
				"east": {"uv": [7.5, 8.75, 7.5625, 8.9375], "texture": "#0"},
				"south": {"uv": [8.75, 7.5, 8.8125, 7.6875], "texture": "#0"},
				"west": {"uv": [7.75, 8.75, 7.8125, 8.9375], "texture": "#0"},
				"up": {"uv": [8.5625, 8.8125, 8.5, 8.75], "texture": "#0"},
				"down": {"uv": [8.8125, 8.5, 8.75, 8.5625], "texture": "#0"}
			}
		},
		{
			"from": [6.125, 4.7, 11.4375],
			"to": [9.875, 7.325, 12.9375],
			"rotation": {"angle": 0, "axis": "y", "origin": [2, 0.0125, 3.5625]},
			"faces": {
				"north": {"uv": [3.25, 3.75, 4.5, 4.625], "texture": "#0"},
				"east": {"uv": [0, 5.75, 0.5, 6.625], "texture": "#0"},
				"south": {"uv": [2, 4, 3.25, 4.875], "texture": "#0"},
				"west": {"uv": [5.75, 0, 6.25, 0.875], "texture": "#0"},
				"up": {"uv": [3.25, 5.5, 2, 5], "texture": "#0"},
				"down": {"uv": [1.25, 5.25, 0, 5.75], "texture": "#0"}
			}
		},
		{
			"from": [6.125, 4.7, 5.4375],
			"to": [9.875, 8.45, 11.4375],
			"rotation": {"angle": 0, "axis": "y", "origin": [2, 0.0125, 3.5625]},
			"faces": {
				"north": {"uv": [3.25, 1.25, 4.5, 2.5], "texture": "#0"},
				"east": {"uv": [0, 0, 2, 1.25], "texture": "#0"},
				"south": {"uv": [3.25, 2.5, 4.5, 3.75], "texture": "#0"},
				"west": {"uv": [0, 1.25, 2, 2.5], "texture": "#0"},
				"up": {"uv": [3.25, 2, 2, 0], "texture": "#0"},
				"down": {"uv": [3.25, 2, 2, 4], "texture": "#0"}
			}
		},
		{
			"from": [7.25, 5.8574, 4.65204],
			"to": [8.75, 9.6074, 6.65204],
			"rotation": {"angle": -22.5, "axis": "x", "origin": [8, 7.7324, 5.65204]},
			"faces": {
				"north": {"uv": [1.5, 2.5, 2, 3.75], "texture": "#0"},
				"east": {"uv": [1.25, 5.25, 1.75, 6.5], "texture": "#0"},
				"south": {"uv": [4.25, 5.25, 4.75, 6.5], "texture": "#0"},
				"west": {"uv": [4.75, 5.25, 5.25, 6.5], "texture": "#0"},
				"up": {"uv": [6.75, 7.5, 6.25, 7], "texture": "#0"},
				"down": {"uv": [3.5, 7.25, 3, 7.75], "texture": "#0"}
			}
		},
		{
			"from": [7.2875, 9.89061, 4.2331],
			"to": [8.7125, 12.70311, 6.1331],
			"rotation": {"angle": 22.5, "axis": "x", "origin": [8, 10.02186, 2.0831]},
			"faces": {
				"north": {"uv": [5.25, 5.25, 5.75, 6.1875], "texture": "#0"},
				"east": {"uv": [1.75, 5.5, 2.25, 6.4375], "texture": "#0"},
				"south": {"uv": [2.25, 5.5, 2.75, 6.4375], "texture": "#0"},
				"west": {"uv": [2.75, 5.5, 3.25, 6.4375], "texture": "#0"},
				"up": {"uv": [4, 7.75, 3.5, 7.25], "texture": "#0"},
				"down": {"uv": [5, 7.25, 4.5, 7.75], "texture": "#0"}
			}
		},
		{
			"from": [7.325, 10.96195, 5.02555],
			"to": [8.675, 13.77445, 6.82555],
			"rotation": {"angle": 0, "axis": "y", "origin": [8, 10.66195, 5.57555]},
			"faces": {
				"north": {"uv": [0.5, 6.5, 0.9375, 7.4375], "texture": "#0"},
				"east": {"uv": [6.5, 0.75, 6.9375, 1.6875], "texture": "#0"},
				"south": {"uv": [1, 6.5, 1.4375, 7.4375], "texture": "#0"},
				"west": {"uv": [1.5, 6.5, 1.9375, 7.4375], "texture": "#0"},
				"up": {"uv": [8.1875, 0.4375, 7.75, 0], "texture": "#0"},
				"down": {"uv": [8.1875, 0.5, 7.75, 0.9375], "texture": "#0"}
			}
		},
		{
			"from": [6, 13.75, 1.1],
			"to": [10, 18, 7.1],
			"rotation": {"angle": 0, "axis": "y", "origin": [0, -2.3, 0]},
			"faces": {
				"north": {"uv": [4.75, 0, 5.75, 1.0625], "texture": "#0"},
				"east": {"uv": [0, 2.5, 1.5, 3.5625], "texture": "#0"},
				"south": {"uv": [3.25, 4.75, 4.25, 5.8125], "texture": "#0"},
				"west": {"uv": [3.25, 0, 4.75, 1.0625], "texture": "#0"},
				"up": {"uv": [1, 5.25, 0, 3.75], "texture": "#0"},
				"down": {"uv": [2, 3.75, 1, 5.25], "texture": "#0"}
			}
		},
		{
			"from": [6.25, 13.75, -0.4],
			"to": [9.75, 15.25, 1.1],
			"rotation": {"angle": 0, "axis": "y", "origin": [0, -2.3, 0]},
			"faces": {
				"north": {"uv": [6.5, 5, 7.375, 5.375], "texture": "#0"},
				"east": {"uv": [5.5, 8, 5.875, 8.375], "texture": "#0"},
				"south": {"uv": [6.5, 5.5, 7.375, 5.875], "texture": "#0"},
				"west": {"uv": [8, 6.5, 8.375, 6.875], "texture": "#0"},
				"up": {"uv": [3.875, 7.125, 3, 6.75], "texture": "#0"},
				"down": {"uv": [7.625, 6, 6.75, 6.375], "texture": "#0"}
			}
		},
		{
			"from": [6.625, 13.75, -1.4],
			"to": [9.375, 15, -0.4],
			"rotation": {"angle": 0, "axis": "y", "origin": [-0.125, -2.3, 0]},
			"faces": {
				"north": {"uv": [1.5, 7.5, 2.1875, 7.8125], "texture": "#0"},
				"east": {"uv": [0, 8.5, 0.25, 8.8125], "texture": "#0"},
				"south": {"uv": [7.5, 2, 8.1875, 2.3125], "texture": "#0"},
				"west": {"uv": [8.5, 0, 8.75, 0.3125], "texture": "#0"},
				"up": {"uv": [8.4375, 6.25, 7.75, 6], "texture": "#0"},
				"down": {"uv": [8.4375, 6.25, 7.75, 6.5], "texture": "#0"}
			}
		}
	],
	"display": {
		"thirdperson_righthand": {
			"translation": [-6, -12.25, 8],
			"scale": [1.5, 1.5, 1.5]
		},
		"head": {
			"translation": [0, -19.5, -1.5],
			"scale": [1.5, 1.5, 1.5]
		}
	},
	"groups": [
		{
			"name": "Tail",
			"origin": [8, 9.25, 14.25],
			"color": 0,
			"children": [0, 1, 2, 3, 4, 5, 6, 7, 8]
		},
		{
			"name": "RW",
			"origin": [0, 0, 0],
			"color": 0,
			"children": [9, 10, 11]
		},
		{
			"name": "LW",
			"origin": [16, 0, 0],
			"color": 0,
			"children": [12, 13, 14]
		},
		{
			"name": "RL",
			"origin": [16.5, 0, -0.25],
			"color": 0,
			"children": [15, 16, 17, 18, 19, 20, 21]
		},
		{
			"name": "LL",
			"origin": [-0.5, 0, -0.25],
			"color": 0,
			"children": [22, 23, 24, 25, 26, 27, 28]
		},
		{
			"name": "Body",
			"origin": [0, 0, 0],
			"color": 0,
			"children": [29, 30]
		},
		{
			"name": "Neck",
			"origin": [8, 13.46195, 2.37555],
			"color": 0,
			"children": [31, 32, 33]
		},
		{
			"name": "Head",
			"origin": [0, 0, 0],
			"color": 0,
			"children": [34, 35, 36]
		}
	]
}