{
	"credit": "Made with Blockbench",
	"texture_size": [32, 32],
	"textures": {
		"0": "block/elephant_shrew",
		"particle": "block/elephant_shrew"
	},
	"elements": [
		{
			"name": "Neck",
			"from": [7.35, 2.125, 3.725],
			"to": [8.65, 4.375, 5.025],
			"rotation": {"angle": -45, "axis": "x", "origin": [8, 3.125, 3.5]},
			"faces": {
				"north": {"uv": [1, 6, 1.625, 7.125], "texture": "#0"},
				"east": {"uv": [6, 3, 6.625, 4.125], "texture": "#0"},
				"south": {"uv": [5.5, 6, 6.125, 7.125], "texture": "#0"},
				"west": {"uv": [2, 6.5, 2.625, 7.625], "texture": "#0"},
				"up": {"uv": [1.125, 8.125, 0.5, 7.5], "texture": "#0"},
				"down": {"uv": [8.125, 1, 7.5, 1.625], "texture": "#0"}
			}
		},
		{
			"from": [7.1, 3.25, 1.4],
			"to": [8.9, 5.2, 3.75],
			"rotation": {"angle": 0, "axis": "y", "origin": [8.8, 0, 7]},
			"faces": {
				"north": {"uv": [2.5, 5.5, 3.375, 6.5], "texture": "#0"},
				"east": {"uv": [4.5, 0, 5.625, 1], "texture": "#0"},
				"south": {"uv": [3.5, 5.5, 4.375, 6.5], "texture": "#0"},
				"west": {"uv": [4.5, 1, 5.625, 2], "texture": "#0"},
				"up": {"uv": [2.375, 5.625, 1.5, 4.5], "texture": "#0"},
				"down": {"uv": [5.375, 2, 4.5, 3.125], "texture": "#0"}
			}
		},
		{
			"from": [7.7, 3.25, -0.35],
			"to": [8.3, 3.85, 1.4],
			"rotation": {"angle": 0, "axis": "y", "origin": [8.8, 0, 7]},
			"faces": {
				"north": {"uv": [9.5, 4.5, 9.75, 4.75], "texture": "#0"},
				"east": {"uv": [8, 3, 8.875, 3.25], "texture": "#0"},
				"south": {"uv": [5, 9.5, 5.25, 9.75], "texture": "#0"},
				"west": {"uv": [8, 3.5, 8.875, 3.75], "texture": "#0"},
				"up": {"uv": [2.75, 8.875, 2.5, 8], "texture": "#0"},
				"down": {"uv": [4.25, 8, 4, 8.875], "texture": "#0"}
			}
		},
		{
			"from": [6.55, 4.85, 3.05],
			"to": [6.75, 5.55, 3.25],
			"rotation": {"angle": 45, "axis": "z", "origin": [6.9, 5.575, 3.05]},
			"faces": {
				"north": {"uv": [10.5, 0.5, 10.625, 0.875], "texture": "#0"},
				"east": {"uv": [1, 10.5, 1.125, 10.875], "texture": "#0"},
				"south": {"uv": [10.5, 1, 10.625, 1.375], "texture": "#0"},
				"west": {"uv": [1.5, 10.5, 1.625, 10.875], "texture": "#0"},
				"up": {"uv": [12.625, 9.625, 12.5, 9.5], "texture": "#0"},
				"down": {"uv": [10.125, 12.5, 10, 12.625], "texture": "#0"}
			}
		},
		{
			"from": [6.95, 4.85, 2.85],
			"to": [7.15, 5.75, 3.05],
			"rotation": {"angle": 45, "axis": "z", "origin": [6.9, 5.575, 3.05]},
			"faces": {
				"north": {"uv": [9.5, 8, 9.625, 8.5], "texture": "#0"},
				"east": {"uv": [8.5, 9.5, 8.625, 10], "texture": "#0"},
				"south": {"uv": [9.5, 8.5, 9.625, 9], "texture": "#0"},
				"west": {"uv": [9, 9.5, 9.125, 10], "texture": "#0"},
				"up": {"uv": [12.625, 10.125, 12.5, 10], "texture": "#0"},
				"down": {"uv": [10.625, 12.5, 10.5, 12.625], "texture": "#0"}
			}
		},
		{
			"from": [6.35, 4.75, 2.85],
			"to": [6.55, 5.45, 3.05],
			"rotation": {"angle": 45, "axis": "z", "origin": [6.9, 5.575, 3.05]},
			"faces": {
				"north": {"uv": [10.5, 1.5, 10.625, 1.875], "texture": "#0"},
				"east": {"uv": [2, 10.5, 2.125, 10.875], "texture": "#0"},
				"south": {"uv": [10.5, 2, 10.625, 2.375], "texture": "#0"},
				"west": {"uv": [2.5, 10.5, 2.625, 10.875], "texture": "#0"},
				"up": {"uv": [12.625, 10.625, 12.5, 10.5], "texture": "#0"},
				"down": {"uv": [11.125, 12.5, 11, 12.625], "texture": "#0"}
			}
		},
		{
			"from": [6.75, 4.85, 3.05],
			"to": [6.95, 5.65, 3.25],
			"rotation": {"angle": 45, "axis": "z", "origin": [6.9, 5.575, 3.05]},
			"faces": {
				"north": {"uv": [10.5, 2.5, 10.625, 2.875], "texture": "#0"},
				"east": {"uv": [3, 10.5, 3.125, 10.875], "texture": "#0"},
				"south": {"uv": [10.5, 3, 10.625, 3.375], "texture": "#0"},
				"west": {"uv": [3.5, 10.5, 3.625, 10.875], "texture": "#0"},
				"up": {"uv": [12.625, 11.125, 12.5, 11], "texture": "#0"},
				"down": {"uv": [11.625, 12.5, 11.5, 12.625], "texture": "#0"}
			}
		},
		{
			"from": [6.45, 4.75, 2.65],
			"to": [6.65, 5.35, 2.85],
			"rotation": {"angle": 45, "axis": "z", "origin": [6.9, 5.575, 3.05]},
			"faces": {
				"north": {"uv": [6, 11, 6.125, 11.25], "texture": "#0"},
				"east": {"uv": [11, 6, 11.125, 6.25], "texture": "#0"},
				"south": {"uv": [6.5, 11, 6.625, 11.25], "texture": "#0"},
				"west": {"uv": [11, 6.5, 11.125, 6.75], "texture": "#0"},
				"up": {"uv": [12.625, 11.625, 12.5, 11.5], "texture": "#0"},
				"down": {"uv": [12.125, 12.5, 12, 12.625], "texture": "#0"}
			}
		},
		{
			"from": [6.85, 4.85, 2.65],
			"to": [7.05, 5.85, 2.85],
			"rotation": {"angle": 45, "axis": "z", "origin": [6.9, 5.575, 3.05]},
			"faces": {
				"north": {"uv": [9.5, 9, 9.625, 9.5], "texture": "#0"},
				"east": {"uv": [9.5, 9.5, 9.625, 10], "texture": "#0"},
				"south": {"uv": [0, 10, 0.125, 10.5], "texture": "#0"},
				"west": {"uv": [10, 0, 10.125, 0.5], "texture": "#0"},
				"up": {"uv": [12.625, 12.125, 12.5, 12], "texture": "#0"},
				"down": {"uv": [12.625, 12.5, 12.5, 12.625], "texture": "#0"}
			}
		},
		{
			"from": [6.45, 4.75, 3.05],
			"to": [6.55, 5.45, 3.15],
			"rotation": {"angle": 45, "axis": "z", "origin": [6.9, 5.575, 3.05]},
			"faces": {
				"north": {"uv": [10.5, 3.5, 10.625, 3.875], "texture": "#0"},
				"east": {"uv": [4, 10.5, 4.125, 10.875], "texture": "#0"},
				"south": {"uv": [10.5, 4, 10.625, 4.375], "texture": "#0"},
				"west": {"uv": [4.5, 10.5, 4.625, 10.875], "texture": "#0"},
				"up": {"uv": [0.125, 13.125, 0, 13], "texture": "#0"},
				"down": {"uv": [13.125, 0, 13, 0.125], "texture": "#0"}
			}
		},
		{
			"from": [6.95, 4.85, 3.05],
			"to": [7.05, 5.65, 3.15],
			"rotation": {"angle": 45, "axis": "z", "origin": [6.9, 5.575, 3.05]},
			"faces": {
				"north": {"uv": [10.5, 4.5, 10.625, 4.875], "texture": "#0"},
				"east": {"uv": [5, 10.5, 5.125, 10.875], "texture": "#0"},
				"south": {"uv": [10.5, 5, 10.625, 5.375], "texture": "#0"},
				"west": {"uv": [5.5, 10.5, 5.625, 10.875], "texture": "#0"},
				"up": {"uv": [0.625, 13.125, 0.5, 13], "texture": "#0"},
				"down": {"uv": [13.125, 0.5, 13, 0.625], "texture": "#0"}
			}
		},
		{
			"from": [6.55, 4.85, 3],
			"to": [6.6, 5.45, 3.05],
			"rotation": {"angle": 45, "axis": "z", "origin": [6.9, 5.575, 3.05]},
			"faces": {
				"north": {"uv": [7, 11, 7.125, 11.25], "texture": "#0"},
				"east": {"uv": [11, 7, 11.125, 7.25], "texture": "#0"},
				"south": {"uv": [7.5, 11, 7.625, 11.25], "texture": "#0"},
				"west": {"uv": [11, 7.5, 11.125, 7.75], "texture": "#0"},
				"up": {"uv": [1.125, 13.125, 1, 13], "texture": "#0"},
				"down": {"uv": [13.125, 1, 13, 1.125], "texture": "#0"}
			}
		},
		{
			"from": [6.9, 4.85, 3],
			"to": [6.95, 5.65, 3.05],
			"rotation": {"angle": 45, "axis": "z", "origin": [6.9, 5.575, 3.05]},
			"faces": {
				"north": {"uv": [10.5, 5.5, 10.625, 5.875], "texture": "#0"},
				"east": {"uv": [6, 10.5, 6.125, 10.875], "texture": "#0"},
				"south": {"uv": [10.5, 6, 10.625, 6.375], "texture": "#0"},
				"west": {"uv": [6.5, 10.5, 6.625, 10.875], "texture": "#0"},
				"up": {"uv": [1.625, 13.125, 1.5, 13], "texture": "#0"},
				"down": {"uv": [13.125, 1.5, 13, 1.625], "texture": "#0"}
			}
		},
		{
			"from": [9.05, 4.85, 3],
			"to": [9.1, 5.65, 3.05],
			"rotation": {"angle": -45, "axis": "z", "origin": [9.1, 5.575, 3.05]},
			"faces": {
				"north": {"uv": [2.5, 10, 2.625, 10.375], "texture": "#0"},
				"east": {"uv": [10, 2.5, 10.125, 2.875], "texture": "#0"},
				"south": {"uv": [3, 10, 3.125, 10.375], "texture": "#0"},
				"west": {"uv": [3.5, 10, 3.625, 10.375], "texture": "#0"},
				"up": {"uv": [0.125, 12.125, 0, 12], "texture": "#0"},
				"down": {"uv": [12.125, 0, 12, 0.125], "texture": "#0"}
			}
		},
		{
			"from": [9.4, 4.85, 3],
			"to": [9.45, 5.45, 3.05],
			"rotation": {"angle": -45, "axis": "z", "origin": [9.1, 5.575, 3.05]},
			"faces": {
				"north": {"uv": [0, 11, 0.125, 11.25], "texture": "#0"},
				"east": {"uv": [11, 0, 11.125, 0.25], "texture": "#0"},
				"south": {"uv": [0.5, 11, 0.625, 11.25], "texture": "#0"},
				"west": {"uv": [11, 0.5, 11.125, 0.75], "texture": "#0"},
				"up": {"uv": [0.625, 12.125, 0.5, 12], "texture": "#0"},
				"down": {"uv": [12.125, 0.5, 12, 0.625], "texture": "#0"}
			}
		},
		{
			"from": [8.95, 4.85, 3.05],
			"to": [9.05, 5.65, 3.15],
			"rotation": {"angle": -45, "axis": "z", "origin": [9.1, 5.575, 3.05]},
			"faces": {
				"north": {"uv": [10, 3.5, 10.125, 3.875], "texture": "#0"},
				"east": {"uv": [4, 10, 4.125, 10.375], "texture": "#0"},
				"south": {"uv": [10, 4, 10.125, 4.375], "texture": "#0"},
				"west": {"uv": [10, 4.5, 10.125, 4.875], "texture": "#0"},
				"up": {"uv": [1.125, 12.125, 1, 12], "texture": "#0"},
				"down": {"uv": [12.125, 1, 12, 1.125], "texture": "#0"}
			}
		},
		{
			"from": [9.45, 4.75, 3.05],
			"to": [9.55, 5.45, 3.15],
			"rotation": {"angle": -45, "axis": "z", "origin": [9.1, 5.575, 3.05]},
			"faces": {
				"north": {"uv": [5, 10, 5.125, 10.375], "texture": "#0"},
				"east": {"uv": [10, 5, 10.125, 5.375], "texture": "#0"},
				"south": {"uv": [5.5, 10, 5.625, 10.375], "texture": "#0"},
				"west": {"uv": [10, 5.5, 10.125, 5.875], "texture": "#0"},
				"up": {"uv": [1.625, 12.125, 1.5, 12], "texture": "#0"},
				"down": {"uv": [12.125, 1.5, 12, 1.625], "texture": "#0"}
			}
		},
		{
			"from": [8.95, 4.85, 2.65],
			"to": [9.15, 5.85, 2.85],
			"rotation": {"angle": -45, "axis": "z", "origin": [9.1, 5.575, 3.05]},
			"faces": {
				"north": {"uv": [9.5, 5, 9.625, 5.5], "texture": "#0"},
				"east": {"uv": [5.5, 9.5, 5.625, 10], "texture": "#0"},
				"south": {"uv": [9.5, 5.5, 9.625, 6], "texture": "#0"},
				"west": {"uv": [6, 9.5, 6.125, 10], "texture": "#0"},
				"up": {"uv": [2.125, 12.125, 2, 12], "texture": "#0"},
				"down": {"uv": [12.125, 2, 12, 2.125], "texture": "#0"}
			}
		},
		{
			"from": [9.35, 4.75, 2.65],
			"to": [9.55, 5.35, 2.85],
			"rotation": {"angle": -45, "axis": "z", "origin": [9.1, 5.575, 3.05]},
			"faces": {
				"north": {"uv": [1, 11, 1.125, 11.25], "texture": "#0"},
				"east": {"uv": [11, 1, 11.125, 1.25], "texture": "#0"},
				"south": {"uv": [1.5, 11, 1.625, 11.25], "texture": "#0"},
				"west": {"uv": [11, 1.5, 11.125, 1.75], "texture": "#0"},
				"up": {"uv": [2.625, 12.125, 2.5, 12], "texture": "#0"},
				"down": {"uv": [12.125, 2.5, 12, 2.625], "texture": "#0"}
			}
		},
		{
			"from": [9.05, 4.85, 3.05],
			"to": [9.25, 5.65, 3.25],
			"rotation": {"angle": -45, "axis": "z", "origin": [9.1, 5.575, 3.05]},
			"faces": {
				"north": {"uv": [6, 10, 6.125, 10.375], "texture": "#0"},
				"east": {"uv": [10, 6, 10.125, 6.375], "texture": "#0"},
				"south": {"uv": [6.5, 10, 6.625, 10.375], "texture": "#0"},
				"west": {"uv": [10, 6.5, 10.125, 6.875], "texture": "#0"},
				"up": {"uv": [3.125, 12.125, 3, 12], "texture": "#0"},
				"down": {"uv": [12.125, 3, 12, 3.125], "texture": "#0"}
			}
		},
		{
			"from": [9.45, 4.75, 2.85],
			"to": [9.65, 5.45, 3.05],
			"rotation": {"angle": -45, "axis": "z", "origin": [9.1, 5.575, 3.05]},
			"faces": {
				"north": {"uv": [7, 10, 7.125, 10.375], "texture": "#0"},
				"east": {"uv": [10, 7, 10.125, 7.375], "texture": "#0"},
				"south": {"uv": [7.5, 10, 7.625, 10.375], "texture": "#0"},
				"west": {"uv": [10, 7.5, 10.125, 7.875], "texture": "#0"},
				"up": {"uv": [3.625, 12.125, 3.5, 12], "texture": "#0"},
				"down": {"uv": [12.125, 3.5, 12, 3.625], "texture": "#0"}
			}
		},
		{
			"from": [8.85, 4.85, 2.85],
			"to": [9.05, 5.75, 3.05],
			"rotation": {"angle": -45, "axis": "z", "origin": [9.1, 5.575, 3.05]},
			"faces": {
				"north": {"uv": [9.5, 6, 9.625, 6.5], "texture": "#0"},
				"east": {"uv": [6.5, 9.5, 6.625, 10], "texture": "#0"},
				"south": {"uv": [9.5, 6.5, 9.625, 7], "texture": "#0"},
				"west": {"uv": [7, 9.5, 7.125, 10], "texture": "#0"},
				"up": {"uv": [4.125, 12.125, 4, 12], "texture": "#0"},
				"down": {"uv": [12.125, 4, 12, 4.125], "texture": "#0"}
			}
		},
		{
			"from": [9.25, 4.85, 3.05],
			"to": [9.45, 5.55, 3.25],
			"rotation": {"angle": -45, "axis": "z", "origin": [9.1, 5.575, 3.05]},
			"faces": {
				"north": {"uv": [8, 10, 8.125, 10.375], "texture": "#0"},
				"east": {"uv": [10, 8, 10.125, 8.375], "texture": "#0"},
				"south": {"uv": [8.5, 10, 8.625, 10.375], "texture": "#0"},
				"west": {"uv": [10, 8.5, 10.125, 8.875], "texture": "#0"},
				"up": {"uv": [4.625, 12.125, 4.5, 12], "texture": "#0"},
				"down": {"uv": [12.125, 4.5, 12, 4.625], "texture": "#0"}
			}
		},
		{
			"from": [6.75, 2, 5.75],
			"to": [9.25, 4.5, 8],
			"rotation": {"angle": 0, "axis": "y", "origin": [8.8, 0, 6.75]},
			"faces": {
				"north": {"uv": [0, 0, 1.25, 1.25], "texture": "#0"},
				"east": {"uv": [0, 3, 1.125, 4.25], "texture": "#0"},
				"south": {"uv": [0, 1.5, 1.25, 2.75], "texture": "#0"},
				"west": {"uv": [3, 0, 4.125, 1.25], "texture": "#0"},
				"up": {"uv": [2.75, 4.125, 1.5, 3], "texture": "#0"},
				"down": {"uv": [4.25, 1.5, 3, 2.625], "texture": "#0"}
			}
		},
		{
			"from": [6.75, 2, 8],
			"to": [9.25, 4.25, 9.5],
			"rotation": {"angle": 0, "axis": "y", "origin": [8.8, 0, 6.5]},
			"faces": {
				"north": {"uv": [3, 3, 4.25, 4.125], "texture": "#0"},
				"east": {"uv": [0, 6, 0.75, 7.125], "texture": "#0"},
				"south": {"uv": [0, 4.5, 1.25, 5.625], "texture": "#0"},
				"west": {"uv": [6, 0, 6.75, 1.125], "texture": "#0"},
				"up": {"uv": [5.25, 5.25, 4, 4.5], "texture": "#0"},
				"down": {"uv": [6.75, 2, 5.5, 2.75], "texture": "#0"}
			}
		},
		{
			"from": [6.75, 2, 4.25],
			"to": [9.25, 4.25, 5.75],
			"rotation": {"angle": 0, "axis": "y", "origin": [8.8, 0, 7]},
			"faces": {
				"north": {"uv": [1.5, 0, 2.75, 1.125], "texture": "#0"},
				"east": {"uv": [4.5, 5.5, 5.25, 6.625], "texture": "#0"},
				"south": {"uv": [1.5, 1.5, 2.75, 2.625], "texture": "#0"},
				"west": {"uv": [5.5, 4.5, 6.25, 5.625], "texture": "#0"},
				"up": {"uv": [3.75, 5.25, 2.5, 4.5], "texture": "#0"},
				"down": {"uv": [5.75, 3.5, 4.5, 4.25], "texture": "#0"}
			}
		},
		{
			"from": [6.6, 0, 4],
			"to": [7.45, 0.5, 5],
			"rotation": {"angle": 0, "axis": "y", "origin": [7.9, 0, 6.5]},
			"faces": {
				"north": {"uv": [9.5, 1, 9.875, 1.25], "texture": "#0"},
				"east": {"uv": [9, 8, 9.5, 8.25], "texture": "#0"},
				"south": {"uv": [1.5, 9.5, 1.875, 9.75], "texture": "#0"},
				"west": {"uv": [8.5, 9, 9, 9.25], "texture": "#0"},
				"up": {"uv": [8.375, 4.5, 8, 4], "texture": "#0"},
				"down": {"uv": [4.875, 8, 4.5, 8.5], "texture": "#0"}
			}
		},
		{
			"from": [6.65, 0.15, 4.3],
			"to": [7.4, 1.05, 5.05],
			"rotation": {"angle": 22.5, "axis": "x", "origin": [7.025, 0.175, 4.675]},
			"faces": {
				"north": {"uv": [8, 4.5, 8.375, 5], "texture": "#0"},
				"east": {"uv": [5, 8, 5.375, 8.5], "texture": "#0"},
				"south": {"uv": [8, 5, 8.375, 5.5], "texture": "#0"},
				"west": {"uv": [8, 5.5, 8.375, 6], "texture": "#0"},
				"up": {"uv": [8.875, 8.375, 8.5, 8], "texture": "#0"},
				"down": {"uv": [0.875, 9, 0.5, 9.375], "texture": "#0"}
			}
		},
		{
			"from": [6.6, 0, 3.75],
			"to": [7.45, 0.3, 4],
			"rotation": {"angle": 0, "axis": "y", "origin": [7.9, 0, 5.25]},
			"faces": {
				"north": {"uv": [0.5, 10, 0.875, 10.125], "texture": "#0"},
				"east": {"uv": [8, 11, 8.125, 11.125], "texture": "#0"},
				"south": {"uv": [10, 0.5, 10.375, 0.625], "texture": "#0"},
				"west": {"uv": [11, 8, 11.125, 8.125], "texture": "#0"},
				"up": {"uv": [1.375, 10.125, 1, 10], "texture": "#0"},
				"down": {"uv": [10.375, 1, 10, 1.125], "texture": "#0"}
			}
		},
		{
			"from": [6.35, 0, 4.25],
			"to": [6.6, 0.3, 4.65],
			"rotation": {"angle": 0, "axis": "y", "origin": [7.05, 0, 6.25]},
			"faces": {
				"north": {"uv": [8.5, 11, 8.625, 11.125], "texture": "#0"},
				"east": {"uv": [10.5, 6.5, 10.75, 6.625], "texture": "#0"},
				"south": {"uv": [11, 8.5, 11.125, 8.625], "texture": "#0"},
				"west": {"uv": [7, 10.5, 7.25, 10.625], "texture": "#0"},
				"up": {"uv": [10.625, 7.25, 10.5, 7], "texture": "#0"},
				"down": {"uv": [7.625, 10.5, 7.5, 10.75], "texture": "#0"}
			}
		},
		{
			"from": [6.725, 0, 3.45],
			"to": [6.9, 0.15, 3.75],
			"rotation": {"angle": 0, "axis": "y", "origin": [7.9, 0, 4.9]},
			"faces": {
				"north": {"uv": [9, 11, 9.125, 11.125], "texture": "#0"},
				"east": {"uv": [11, 9, 11.125, 9.125], "texture": "#0"},
				"south": {"uv": [9.5, 11, 9.625, 11.125], "texture": "#0"},
				"west": {"uv": [11, 9.5, 11.125, 9.625], "texture": "#0"},
				"up": {"uv": [10.125, 11.125, 10, 11], "texture": "#0"},
				"down": {"uv": [11.125, 10, 11, 10.125], "texture": "#0"}
			}
		},
		{
			"from": [7.15, 0, 3.45],
			"to": [7.325, 0.15, 3.75],
			"rotation": {"angle": 0, "axis": "y", "origin": [8.35, 0, 4.9]},
			"faces": {
				"north": {"uv": [10.5, 11, 10.625, 11.125], "texture": "#0"},
				"east": {"uv": [11, 10.5, 11.125, 10.625], "texture": "#0"},
				"south": {"uv": [11, 11, 11.125, 11.125], "texture": "#0"},
				"west": {"uv": [0, 11.5, 0.125, 11.625], "texture": "#0"},
				"up": {"uv": [11.625, 0.125, 11.5, 0], "texture": "#0"},
				"down": {"uv": [0.625, 11.5, 0.5, 11.625], "texture": "#0"}
			}
		},
		{
			"from": [6.425, 0, 3.95],
			"to": [6.6, 0.15, 4.25],
			"rotation": {"angle": 0, "axis": "y", "origin": [7.6, 0, 5.65]},
			"faces": {
				"north": {"uv": [11.5, 0.5, 11.625, 0.625], "texture": "#0"},
				"east": {"uv": [1, 11.5, 1.125, 11.625], "texture": "#0"},
				"south": {"uv": [11.5, 1, 11.625, 1.125], "texture": "#0"},
				"west": {"uv": [1.5, 11.5, 1.625, 11.625], "texture": "#0"},
				"up": {"uv": [11.625, 1.625, 11.5, 1.5], "texture": "#0"},
				"down": {"uv": [2.125, 11.5, 2, 11.625], "texture": "#0"}
			}
		},
		{
			"from": [7.45, 0, 4.25],
			"to": [7.7, 0.3, 4.65],
			"rotation": {"angle": 0, "axis": "y", "origin": [8.15, 0, 6.25]},
			"faces": {
				"north": {"uv": [11.5, 2, 11.625, 2.125], "texture": "#0"},
				"east": {"uv": [10.5, 7.5, 10.75, 7.625], "texture": "#0"},
				"south": {"uv": [2.5, 11.5, 2.625, 11.625], "texture": "#0"},
				"west": {"uv": [8, 10.5, 8.25, 10.625], "texture": "#0"},
				"up": {"uv": [10.625, 8.25, 10.5, 8], "texture": "#0"},
				"down": {"uv": [8.625, 10.5, 8.5, 10.75], "texture": "#0"}
			}
		},
		{
			"from": [7.45, 0, 3.95],
			"to": [7.625, 0.15, 4.25],
			"rotation": {"angle": 0, "axis": "y", "origin": [8.6, 0, 5.65]},
			"faces": {
				"north": {"uv": [11.5, 2.5, 11.625, 2.625], "texture": "#0"},
				"east": {"uv": [3, 11.5, 3.125, 11.625], "texture": "#0"},
				"south": {"uv": [11.5, 3, 11.625, 3.125], "texture": "#0"},
				"west": {"uv": [3.5, 11.5, 3.625, 11.625], "texture": "#0"},
				"up": {"uv": [11.625, 3.625, 11.5, 3.5], "texture": "#0"},
				"down": {"uv": [4.125, 11.5, 4, 11.625], "texture": "#0"}
			}
		},
		{
			"from": [6.6, 1.05, 4.25],
			"to": [7.45, 2.15, 5.1],
			"rotation": {"angle": 22.5, "axis": "x", "origin": [7.025, 0.175, 4.675]},
			"faces": {
				"north": {"uv": [8, 6, 8.375, 6.5], "texture": "#0"},
				"east": {"uv": [8, 6.5, 8.375, 7], "texture": "#0"},
				"south": {"uv": [8, 7, 8.375, 7.5], "texture": "#0"},
				"west": {"uv": [7.5, 8, 7.875, 8.5], "texture": "#0"},
				"up": {"uv": [1.375, 9.375, 1, 9], "texture": "#0"},
				"down": {"uv": [1.875, 9, 1.5, 9.375], "texture": "#0"}
			}
		},
		{
			"from": [6.55, 1.65918, 4.85796],
			"to": [7.5, 2.90918, 5.80796],
			"rotation": {"angle": -22.5, "axis": "x", "origin": [7.025, 1.88418, 5.38296]},
			"faces": {
				"north": {"uv": [3.5, 7.5, 4, 8.125], "texture": "#0"},
				"east": {"uv": [7.5, 4, 8, 4.625], "texture": "#0"},
				"south": {"uv": [7.5, 5, 8, 5.625], "texture": "#0"},
				"west": {"uv": [5.5, 7.5, 6, 8.125], "texture": "#0"},
				"up": {"uv": [6, 3.5, 5.5, 3], "texture": "#0"},
				"down": {"uv": [6.5, 1.5, 6, 2], "texture": "#0"}
			}
		},
		{
			"from": [8.5, 1.65918, 4.85796],
			"to": [9.45, 2.90918, 5.80796],
			"rotation": {"angle": -22.5, "axis": "x", "origin": [8.975, 1.88418, 5.38296]},
			"faces": {
				"north": {"uv": [6, 7.5, 6.5, 8.125], "texture": "#0"},
				"east": {"uv": [7.5, 6, 8, 6.625], "texture": "#0"},
				"south": {"uv": [6.5, 7.5, 7, 8.125], "texture": "#0"},
				"west": {"uv": [7, 7.5, 7.5, 8.125], "texture": "#0"},
				"up": {"uv": [2.5, 6.5, 2, 6], "texture": "#0"},
				"down": {"uv": [7, 1.5, 6.5, 2], "texture": "#0"}
			}
		},
		{
			"from": [8.55, 1.05, 4.25],
			"to": [9.4, 2.15, 5.1],
			"rotation": {"angle": 22.5, "axis": "x", "origin": [8.975, 0.175, 4.675]},
			"faces": {
				"north": {"uv": [8.5, 5, 8.875, 5.5], "texture": "#0"},
				"east": {"uv": [5.5, 8.5, 5.875, 9], "texture": "#0"},
				"south": {"uv": [8.5, 5.5, 8.875, 6], "texture": "#0"},
				"west": {"uv": [6, 8.5, 6.375, 9], "texture": "#0"},
				"up": {"uv": [7.375, 9.375, 7, 9], "texture": "#0"},
				"down": {"uv": [9.375, 7, 9, 7.375], "texture": "#0"}
			}
		},
		{
			"from": [8.375, 0, 3.95],
			"to": [8.55, 0.15, 4.25],
			"rotation": {"angle": 0, "axis": "y", "origin": [7.4, 0, 5.65]},
			"faces": {
				"north": {"uv": [12.5, 2, 12.625, 2.125], "texture": "#0"},
				"east": {"uv": [2.5, 12.5, 2.625, 12.625], "texture": "#0"},
				"south": {"uv": [12.5, 2.5, 12.625, 2.625], "texture": "#0"},
				"west": {"uv": [3, 12.5, 3.125, 12.625], "texture": "#0"},
				"up": {"uv": [12.625, 3.125, 12.5, 3], "texture": "#0"},
				"down": {"uv": [3.625, 12.5, 3.5, 12.625], "texture": "#0"}
			}
		},
		{
			"from": [8.3, 0, 4.25],
			"to": [8.55, 0.3, 4.65],
			"rotation": {"angle": 0, "axis": "y", "origin": [7.85, 0, 6.25]},
			"faces": {
				"north": {"uv": [12.5, 3.5, 12.625, 3.625], "texture": "#0"},
				"east": {"uv": [4, 11, 4.25, 11.125], "texture": "#0"},
				"south": {"uv": [4, 12.5, 4.125, 12.625], "texture": "#0"},
				"west": {"uv": [11, 4, 11.25, 4.125], "texture": "#0"},
				"up": {"uv": [4.625, 11.25, 4.5, 11], "texture": "#0"},
				"down": {"uv": [11.125, 4.5, 11, 4.75], "texture": "#0"}
			}
		},
		{
			"from": [9.4, 0, 3.95],
			"to": [9.575, 0.15, 4.25],
			"rotation": {"angle": 0, "axis": "y", "origin": [8.4, 0, 5.65]},
			"faces": {
				"north": {"uv": [12.5, 4, 12.625, 4.125], "texture": "#0"},
				"east": {"uv": [4.5, 12.5, 4.625, 12.625], "texture": "#0"},
				"south": {"uv": [12.5, 4.5, 12.625, 4.625], "texture": "#0"},
				"west": {"uv": [5, 12.5, 5.125, 12.625], "texture": "#0"},
				"up": {"uv": [12.625, 5.125, 12.5, 5], "texture": "#0"},
				"down": {"uv": [5.625, 12.5, 5.5, 12.625], "texture": "#0"}
			}
		},
		{
			"from": [8.675, 0, 3.45],
			"to": [8.85, 0.15, 3.75],
			"rotation": {"angle": 0, "axis": "y", "origin": [7.65, 0, 4.9]},
			"faces": {
				"north": {"uv": [12.5, 5.5, 12.625, 5.625], "texture": "#0"},
				"east": {"uv": [6, 12.5, 6.125, 12.625], "texture": "#0"},
				"south": {"uv": [12.5, 6, 12.625, 6.125], "texture": "#0"},
				"west": {"uv": [6.5, 12.5, 6.625, 12.625], "texture": "#0"},
				"up": {"uv": [12.625, 6.625, 12.5, 6.5], "texture": "#0"},
				"down": {"uv": [7.125, 12.5, 7, 12.625], "texture": "#0"}
			}
		},
		{
			"from": [9.1, 0, 3.45],
			"to": [9.275, 0.15, 3.75],
			"rotation": {"angle": 0, "axis": "y", "origin": [8.1, 0, 4.9]},
			"faces": {
				"north": {"uv": [12.5, 7, 12.625, 7.125], "texture": "#0"},
				"east": {"uv": [7.5, 12.5, 7.625, 12.625], "texture": "#0"},
				"south": {"uv": [12.5, 7.5, 12.625, 7.625], "texture": "#0"},
				"west": {"uv": [8, 12.5, 8.125, 12.625], "texture": "#0"},
				"up": {"uv": [12.625, 8.125, 12.5, 8], "texture": "#0"},
				"down": {"uv": [8.625, 12.5, 8.5, 12.625], "texture": "#0"}
			}
		},
		{
			"from": [9.4, 0, 4.25],
			"to": [9.65, 0.3, 4.65],
			"rotation": {"angle": 0, "axis": "y", "origin": [8.95, 0, 6.25]},
			"faces": {
				"north": {"uv": [12.5, 8.5, 12.625, 8.625], "texture": "#0"},
				"east": {"uv": [5, 11, 5.25, 11.125], "texture": "#0"},
				"south": {"uv": [9, 12.5, 9.125, 12.625], "texture": "#0"},
				"west": {"uv": [11, 5, 11.25, 5.125], "texture": "#0"},
				"up": {"uv": [5.625, 11.25, 5.5, 11], "texture": "#0"},
				"down": {"uv": [11.125, 5.5, 11, 5.75], "texture": "#0"}
			}
		},
		{
			"from": [8.55, 0, 3.75],
			"to": [9.4, 0.3, 4],
			"rotation": {"angle": 0, "axis": "y", "origin": [8.1, 0, 5.25]},
			"faces": {
				"north": {"uv": [10, 10, 10.375, 10.125], "texture": "#0"},
				"east": {"uv": [12.5, 9, 12.625, 9.125], "texture": "#0"},
				"south": {"uv": [0, 10.5, 0.375, 10.625], "texture": "#0"},
				"west": {"uv": [9.5, 12.5, 9.625, 12.625], "texture": "#0"},
				"up": {"uv": [10.875, 0.125, 10.5, 0], "texture": "#0"},
				"down": {"uv": [0.875, 10.5, 0.5, 10.625], "texture": "#0"}
			}
		},
		{
			"from": [8.6, 0.15, 4.3],
			"to": [9.35, 1.05, 5.05],
			"rotation": {"angle": 22.5, "axis": "x", "origin": [8.975, 0.175, 4.675]},
			"faces": {
				"north": {"uv": [8.5, 6, 8.875, 6.5], "texture": "#0"},
				"east": {"uv": [6.5, 8.5, 6.875, 9], "texture": "#0"},
				"south": {"uv": [8.5, 6.5, 8.875, 7], "texture": "#0"},
				"west": {"uv": [7, 8.5, 7.375, 9], "texture": "#0"},
				"up": {"uv": [7.875, 9.375, 7.5, 9], "texture": "#0"},
				"down": {"uv": [8.375, 9, 8, 9.375], "texture": "#0"}
			}
		},
		{
			"from": [8.55, 0, 4],
			"to": [9.4, 0.5, 5],
			"rotation": {"angle": 0, "axis": "y", "origin": [8.1, 0, 6.5]},
			"faces": {
				"north": {"uv": [9.5, 2.5, 9.875, 2.75], "texture": "#0"},
				"east": {"uv": [9.5, 0.5, 10, 0.75], "texture": "#0"},
				"south": {"uv": [3, 9.5, 3.375, 9.75], "texture": "#0"},
				"west": {"uv": [1, 9.5, 1.5, 9.75], "texture": "#0"},
				"up": {"uv": [8.875, 7.5, 8.5, 7], "texture": "#0"},
				"down": {"uv": [7.875, 8.5, 7.5, 9], "texture": "#0"}
			}
		},
		{
			"from": [6.55, 1.40918, 8.35796],
			"to": [7.5, 3.15918, 9.80796],
			"rotation": {"angle": -22.5, "axis": "x", "origin": [7.025, 1.88418, 9.38296]},
			"faces": {
				"north": {"uv": [4.5, 7, 5, 7.875], "texture": "#0"},
				"east": {"uv": [3, 6.5, 3.75, 7.375], "texture": "#0"},
				"south": {"uv": [5, 7, 5.5, 7.875], "texture": "#0"},
				"west": {"uv": [6.5, 4.5, 7.25, 5.375], "texture": "#0"},
				"up": {"uv": [2, 8.25, 1.5, 7.5], "texture": "#0"},
				"down": {"uv": [8, 2, 7.5, 2.75], "texture": "#0"}
			}
		},
		{
			"from": [6.6, 0.8, 8.5],
			"to": [7.45, 1.9, 9.35],
			"rotation": {"angle": 22.5, "axis": "x", "origin": [7.025, 0.175, 8.925]},
			"faces": {
				"north": {"uv": [8, 7.5, 8.375, 8], "texture": "#0"},
				"east": {"uv": [8, 8, 8.375, 8.5], "texture": "#0"},
				"south": {"uv": [0, 8.5, 0.375, 9], "texture": "#0"},
				"west": {"uv": [8.5, 0, 8.875, 0.5], "texture": "#0"},
				"up": {"uv": [9.375, 1.875, 9, 1.5], "texture": "#0"},
				"down": {"uv": [2.375, 9, 2, 9.375], "texture": "#0"}
			}
		},
		{
			"from": [7.45, 0, 8.2],
			"to": [7.625, 0.15, 8.5],
			"rotation": {"angle": 0, "axis": "y", "origin": [8.6, 0, 9.9]},
			"faces": {
				"north": {"uv": [11.5, 4, 11.625, 4.125], "texture": "#0"},
				"east": {"uv": [4.5, 11.5, 4.625, 11.625], "texture": "#0"},
				"south": {"uv": [11.5, 4.5, 11.625, 4.625], "texture": "#0"},
				"west": {"uv": [5, 11.5, 5.125, 11.625], "texture": "#0"},
				"up": {"uv": [11.625, 5.125, 11.5, 5], "texture": "#0"},
				"down": {"uv": [5.625, 11.5, 5.5, 11.625], "texture": "#0"}
			}
		},
		{
			"from": [7.45, 0, 8.5],
			"to": [7.7, 0.3, 8.9],
			"rotation": {"angle": 0, "axis": "y", "origin": [8.15, 0, 10.5]},
			"faces": {
				"north": {"uv": [11.5, 5.5, 11.625, 5.625], "texture": "#0"},
				"east": {"uv": [10.5, 8.5, 10.75, 8.625], "texture": "#0"},
				"south": {"uv": [6, 11.5, 6.125, 11.625], "texture": "#0"},
				"west": {"uv": [9, 10.5, 9.25, 10.625], "texture": "#0"},
				"up": {"uv": [10.625, 9.25, 10.5, 9], "texture": "#0"},
				"down": {"uv": [9.625, 10.5, 9.5, 10.75], "texture": "#0"}
			}
		},
		{
			"from": [6.425, 0, 8.2],
			"to": [6.6, 0.15, 8.5],
			"rotation": {"angle": 0, "axis": "y", "origin": [7.6, 0, 9.9]},
			"faces": {
				"north": {"uv": [11.5, 6, 11.625, 6.125], "texture": "#0"},
				"east": {"uv": [6.5, 11.5, 6.625, 11.625], "texture": "#0"},
				"south": {"uv": [11.5, 6.5, 11.625, 6.625], "texture": "#0"},
				"west": {"uv": [7, 11.5, 7.125, 11.625], "texture": "#0"},
				"up": {"uv": [11.625, 7.125, 11.5, 7], "texture": "#0"},
				"down": {"uv": [7.625, 11.5, 7.5, 11.625], "texture": "#0"}
			}
		},
		{
			"from": [7.15, 0, 7.7],
			"to": [7.325, 0.15, 8],
			"rotation": {"angle": 0, "axis": "y", "origin": [8.35, 0, 9.15]},
			"faces": {
				"north": {"uv": [11.5, 7.5, 11.625, 7.625], "texture": "#0"},
				"east": {"uv": [8, 11.5, 8.125, 11.625], "texture": "#0"},
				"south": {"uv": [11.5, 8, 11.625, 8.125], "texture": "#0"},
				"west": {"uv": [8.5, 11.5, 8.625, 11.625], "texture": "#0"},
				"up": {"uv": [11.625, 8.625, 11.5, 8.5], "texture": "#0"},
				"down": {"uv": [9.125, 11.5, 9, 11.625], "texture": "#0"}
			}
		},
		{
			"from": [6.725, 0, 7.7],
			"to": [6.9, 0.15, 8],
			"rotation": {"angle": 0, "axis": "y", "origin": [7.9, 0, 9.15]},
			"faces": {
				"north": {"uv": [11.5, 9, 11.625, 9.125], "texture": "#0"},
				"east": {"uv": [9.5, 11.5, 9.625, 11.625], "texture": "#0"},
				"south": {"uv": [11.5, 9.5, 11.625, 9.625], "texture": "#0"},
				"west": {"uv": [10, 11.5, 10.125, 11.625], "texture": "#0"},
				"up": {"uv": [11.625, 10.125, 11.5, 10], "texture": "#0"},
				"down": {"uv": [10.625, 11.5, 10.5, 11.625], "texture": "#0"}
			}
		},
		{
			"from": [6.35, 0, 8.5],
			"to": [6.6, 0.3, 8.9],
			"rotation": {"angle": 0, "axis": "y", "origin": [7.05, 0, 10.5]},
			"faces": {
				"north": {"uv": [11.5, 10.5, 11.625, 10.625], "texture": "#0"},
				"east": {"uv": [10.5, 9.5, 10.75, 9.625], "texture": "#0"},
				"south": {"uv": [11, 11.5, 11.125, 11.625], "texture": "#0"},
				"west": {"uv": [10, 10.5, 10.25, 10.625], "texture": "#0"},
				"up": {"uv": [10.625, 10.25, 10.5, 10], "texture": "#0"},
				"down": {"uv": [10.625, 10.5, 10.5, 10.75], "texture": "#0"}
			}
		},
		{
			"from": [6.6, 0, 8],
			"to": [7.45, 0.3, 8.25],
			"rotation": {"angle": 0, "axis": "y", "origin": [7.9, 0, 9.5]},
			"faces": {
				"north": {"uv": [1.5, 10, 1.875, 10.125], "texture": "#0"},
				"east": {"uv": [11.5, 11, 11.625, 11.125], "texture": "#0"},
				"south": {"uv": [10, 1.5, 10.375, 1.625], "texture": "#0"},
				"west": {"uv": [11.5, 11.5, 11.625, 11.625], "texture": "#0"},
				"up": {"uv": [2.375, 10.125, 2, 10], "texture": "#0"},
				"down": {"uv": [10.375, 2, 10, 2.125], "texture": "#0"}
			}
		},
		{
			"from": [6.65, 0.15, 8.55],
			"to": [7.4, 0.8, 9.3],
			"rotation": {"angle": 22.5, "axis": "x", "origin": [7.025, 0.175, 8.925]},
			"faces": {
				"north": {"uv": [9, 2, 9.375, 2.375], "texture": "#0"},
				"east": {"uv": [2.5, 9, 2.875, 9.375], "texture": "#0"},
				"south": {"uv": [9, 2.5, 9.375, 2.875], "texture": "#0"},
				"west": {"uv": [9, 3, 9.375, 3.375], "texture": "#0"},
				"up": {"uv": [3.875, 9.375, 3.5, 9], "texture": "#0"},
				"down": {"uv": [9.375, 3.5, 9, 3.875], "texture": "#0"}
			}
		},
		{
			"from": [6.6, 0, 8.25],
			"to": [7.45, 0.5, 9.25],
			"rotation": {"angle": 0, "axis": "y", "origin": [7.9, 0, 10.75]},
			"faces": {
				"north": {"uv": [9.5, 1.5, 9.875, 1.75], "texture": "#0"},
				"east": {"uv": [9, 8.5, 9.5, 8.75], "texture": "#0"},
				"south": {"uv": [2, 9.5, 2.375, 9.75], "texture": "#0"},
				"west": {"uv": [9, 9, 9.5, 9.25], "texture": "#0"},
				"up": {"uv": [0.875, 9, 0.5, 8.5], "texture": "#0"},
				"down": {"uv": [8.875, 0.5, 8.5, 1], "texture": "#0"}
			}
		},
		{
			"from": [8.55, 0, 8.25],
			"to": [9.4, 0.5, 9.25],
			"rotation": {"angle": 0, "axis": "y", "origin": [8.1, 0, 10.75]},
			"faces": {
				"north": {"uv": [9.5, 2, 9.875, 2.25], "texture": "#0"},
				"east": {"uv": [9.5, 0, 10, 0.25], "texture": "#0"},
				"south": {"uv": [2.5, 9.5, 2.875, 9.75], "texture": "#0"},
				"west": {"uv": [0.5, 9.5, 1, 9.75], "texture": "#0"},
				"up": {"uv": [8.875, 3, 8.5, 2.5], "texture": "#0"},
				"down": {"uv": [3.875, 8.5, 3.5, 9], "texture": "#0"}
			}
		},
		{
			"from": [8.6, 0.15, 8.55],
			"to": [9.35, 0.8, 9.3],
			"rotation": {"angle": 22.5, "axis": "x", "origin": [8.975, 0.175, 8.925]},
			"faces": {
				"north": {"uv": [5, 9, 5.375, 9.375], "texture": "#0"},
				"east": {"uv": [9, 5, 9.375, 5.375], "texture": "#0"},
				"south": {"uv": [5.5, 9, 5.875, 9.375], "texture": "#0"},
				"west": {"uv": [9, 5.5, 9.375, 5.875], "texture": "#0"},
				"up": {"uv": [6.375, 9.375, 6, 9], "texture": "#0"},
				"down": {"uv": [9.375, 6, 9, 6.375], "texture": "#0"}
			}
		},
		{
			"from": [8.55, 0, 8],
			"to": [9.4, 0.3, 8.25],
			"rotation": {"angle": 0, "axis": "y", "origin": [8.1, 0, 9.5]},
			"faces": {
				"north": {"uv": [9, 10, 9.375, 10.125], "texture": "#0"},
				"east": {"uv": [7, 12, 7.125, 12.125], "texture": "#0"},
				"south": {"uv": [10, 9, 10.375, 9.125], "texture": "#0"},
				"west": {"uv": [12, 7, 12.125, 7.125], "texture": "#0"},
				"up": {"uv": [9.875, 10.125, 9.5, 10], "texture": "#0"},
				"down": {"uv": [10.375, 9.5, 10, 9.625], "texture": "#0"}
			}
		},
		{
			"from": [9.4, 0, 8.5],
			"to": [9.65, 0.3, 8.9],
			"rotation": {"angle": 0, "axis": "y", "origin": [8.95, 0, 10.5]},
			"faces": {
				"north": {"uv": [7.5, 12, 7.625, 12.125], "texture": "#0"},
				"east": {"uv": [2, 11, 2.25, 11.125], "texture": "#0"},
				"south": {"uv": [12, 7.5, 12.125, 7.625], "texture": "#0"},
				"west": {"uv": [11, 2, 11.25, 2.125], "texture": "#0"},
				"up": {"uv": [2.625, 11.25, 2.5, 11], "texture": "#0"},
				"down": {"uv": [11.125, 2.5, 11, 2.75], "texture": "#0"}
			}
		},
		{
			"from": [9.1, 0, 7.7],
			"to": [9.275, 0.15, 8],
			"rotation": {"angle": 0, "axis": "y", "origin": [8.1, 0, 9.15]},
			"faces": {
				"north": {"uv": [8, 12, 8.125, 12.125], "texture": "#0"},
				"east": {"uv": [12, 8, 12.125, 8.125], "texture": "#0"},
				"south": {"uv": [8.5, 12, 8.625, 12.125], "texture": "#0"},
				"west": {"uv": [12, 8.5, 12.125, 8.625], "texture": "#0"},
				"up": {"uv": [9.125, 12.125, 9, 12], "texture": "#0"},
				"down": {"uv": [12.125, 9, 12, 9.125], "texture": "#0"}
			}
		},
		{
			"from": [8.675, 0, 7.7],
			"to": [8.85, 0.15, 8],
			"rotation": {"angle": 0, "axis": "y", "origin": [7.65, 0, 9.15]},
			"faces": {
				"north": {"uv": [9.5, 12, 9.625, 12.125], "texture": "#0"},
				"east": {"uv": [12, 9.5, 12.125, 9.625], "texture": "#0"},
				"south": {"uv": [10, 12, 10.125, 12.125], "texture": "#0"},
				"west": {"uv": [12, 10, 12.125, 10.125], "texture": "#0"},
				"up": {"uv": [10.625, 12.125, 10.5, 12], "texture": "#0"},
				"down": {"uv": [12.125, 10.5, 12, 10.625], "texture": "#0"}
			}
		},
		{
			"from": [9.4, 0, 8.2],
			"to": [9.575, 0.15, 8.5],
			"rotation": {"angle": 0, "axis": "y", "origin": [8.4, 0, 9.9]},
			"faces": {
				"north": {"uv": [11, 12, 11.125, 12.125], "texture": "#0"},
				"east": {"uv": [12, 11, 12.125, 11.125], "texture": "#0"},
				"south": {"uv": [11.5, 12, 11.625, 12.125], "texture": "#0"},
				"west": {"uv": [12, 11.5, 12.125, 11.625], "texture": "#0"},
				"up": {"uv": [12.125, 12.125, 12, 12], "texture": "#0"},
				"down": {"uv": [0.125, 12.5, 0, 12.625], "texture": "#0"}
			}
		},
		{
			"from": [8.3, 0, 8.5],
			"to": [8.55, 0.3, 8.9],
			"rotation": {"angle": 0, "axis": "y", "origin": [7.85, 0, 10.5]},
			"faces": {
				"north": {"uv": [12.5, 0, 12.625, 0.125], "texture": "#0"},
				"east": {"uv": [3, 11, 3.25, 11.125], "texture": "#0"},
				"south": {"uv": [0.5, 12.5, 0.625, 12.625], "texture": "#0"},
				"west": {"uv": [11, 3, 11.25, 3.125], "texture": "#0"},
				"up": {"uv": [3.625, 11.25, 3.5, 11], "texture": "#0"},
				"down": {"uv": [11.125, 3.5, 11, 3.75], "texture": "#0"}
			}
		},
		{
			"from": [8.375, 0, 8.2],
			"to": [8.55, 0.15, 8.5],
			"rotation": {"angle": 0, "axis": "y", "origin": [7.4, 0, 9.9]},
			"faces": {
				"north": {"uv": [12.5, 0.5, 12.625, 0.625], "texture": "#0"},
				"east": {"uv": [1, 12.5, 1.125, 12.625], "texture": "#0"},
				"south": {"uv": [12.5, 1, 12.625, 1.125], "texture": "#0"},
				"west": {"uv": [1.5, 12.5, 1.625, 12.625], "texture": "#0"},
				"up": {"uv": [12.625, 1.625, 12.5, 1.5], "texture": "#0"},
				"down": {"uv": [2.125, 12.5, 2, 12.625], "texture": "#0"}
			}
		},
		{
			"from": [8.55, 0.8, 8.5],
			"to": [9.4, 1.9, 9.35],
			"rotation": {"angle": 22.5, "axis": "x", "origin": [8.975, 0.175, 8.925]},
			"faces": {
				"north": {"uv": [8.5, 4, 8.875, 4.5], "texture": "#0"},
				"east": {"uv": [4.5, 8.5, 4.875, 9], "texture": "#0"},
				"south": {"uv": [8.5, 4.5, 8.875, 5], "texture": "#0"},
				"west": {"uv": [5, 8.5, 5.375, 9], "texture": "#0"},
				"up": {"uv": [6.875, 9.375, 6.5, 9], "texture": "#0"},
				"down": {"uv": [9.375, 6.5, 9, 6.875], "texture": "#0"}
			}
		},
		{
			"from": [8.5, 1.40918, 8.35796],
			"to": [9.45, 3.15918, 9.80796],
			"rotation": {"angle": -22.5, "axis": "x", "origin": [8.975, 1.88418, 9.38296]},
			"faces": {
				"north": {"uv": [0, 7.5, 0.5, 8.375], "texture": "#0"},
				"east": {"uv": [6.5, 5.5, 7.25, 6.375], "texture": "#0"},
				"south": {"uv": [7.5, 0, 8, 0.875], "texture": "#0"},
				"west": {"uv": [6.5, 6.5, 7.25, 7.375], "texture": "#0"},
				"up": {"uv": [3.5, 8.25, 3, 7.5], "texture": "#0"},
				"down": {"uv": [8, 3, 7.5, 3.75], "texture": "#0"}
			}
		},
		{
			"from": [7.625, 2.05, 9],
			"to": [8.375, 4.55, 9.75],
			"rotation": {"angle": -22.5, "axis": "x", "origin": [8, 3.75, 10.5]},
			"faces": {
				"north": {"uv": [4, 6.5, 4.375, 7.75], "texture": "#0"},
				"east": {"uv": [7, 0, 7.375, 1.25], "texture": "#0"},
				"south": {"uv": [7, 1.5, 7.375, 2.75], "texture": "#0"},
				"west": {"uv": [7, 3, 7.375, 4.25], "texture": "#0"},
				"up": {"uv": [4.375, 9.375, 4, 9], "texture": "#0"},
				"down": {"uv": [9.375, 4, 9, 4.375], "texture": "#0"}
			}
		},
		{
			"from": [7.675, 0.40374, 8.80784],
			"to": [8.325, 1.90374, 9.45784],
			"rotation": {"angle": -45, "axis": "x", "origin": [8, 2.90374, 9.63284]},
			"faces": {
				"north": {"uv": [7.5, 7, 7.875, 7.75], "texture": "#0"},
				"east": {"uv": [8, 0, 8.375, 0.75], "texture": "#0"},
				"south": {"uv": [2, 8, 2.375, 8.75], "texture": "#0"},
				"west": {"uv": [8, 2, 8.375, 2.75], "texture": "#0"},
				"up": {"uv": [4.875, 9.375, 4.5, 9], "texture": "#0"},
				"down": {"uv": [9.375, 4.5, 9, 4.875], "texture": "#0"}
			}
		},
		{
			"from": [7.725, 0.73775, 11.06673],
			"to": [8.275, 1.28775, 12.56673],
			"rotation": {"angle": 22.5, "axis": "x", "origin": [8, 1.31275, 10.51673]},
			"faces": {
				"north": {"uv": [9.5, 7, 9.75, 7.25], "texture": "#0"},
				"east": {"uv": [1, 8.5, 1.75, 8.75], "texture": "#0"},
				"south": {"uv": [7.5, 9.5, 7.75, 9.75], "texture": "#0"},
				"west": {"uv": [8.5, 1, 9.25, 1.25], "texture": "#0"},
				"up": {"uv": [8.75, 2.25, 8.5, 1.5], "texture": "#0"},
				"down": {"uv": [3.25, 8.5, 3, 9.25], "texture": "#0"}
			}
		},
		{
			"from": [7.775, 0, 12.2],
			"to": [8.225, 0.45, 13.45],
			"rotation": {"angle": 0, "axis": "y", "origin": [8.975, 0, 10.75]},
			"faces": {
				"north": {"uv": [9.5, 7.5, 9.75, 7.75], "texture": "#0"},
				"east": {"uv": [8.5, 7.5, 9.125, 7.75], "texture": "#0"},
				"south": {"uv": [8, 9.5, 8.25, 9.75], "texture": "#0"},
				"west": {"uv": [8, 8.5, 8.625, 8.75], "texture": "#0"},
				"up": {"uv": [0.25, 9.625, 0, 9], "texture": "#0"},
				"down": {"uv": [9.25, 0, 9, 0.625], "texture": "#0"}
			}
		},
		{
			"from": [7.825, 0, 13.45],
			"to": [8.175, 0.35, 14.7],
			"rotation": {"angle": 0, "axis": "y", "origin": [8.975, 0, 10.75]},
			"faces": {
				"north": {"uv": [5, 12, 5.125, 12.125], "texture": "#0"},
				"east": {"uv": [9.5, 3, 10.125, 3.125], "texture": "#0"},
				"south": {"uv": [12, 5, 12.125, 5.125], "texture": "#0"},
				"west": {"uv": [3.5, 9.5, 4.125, 9.625], "texture": "#0"},
				"up": {"uv": [9.625, 4.125, 9.5, 3.5], "texture": "#0"},
				"down": {"uv": [4.625, 9.5, 4.5, 10.125], "texture": "#0"}
			}
		},
		{
			"from": [7.875, 0.05, 14.7],
			"to": [8.125, 0.3, 14.8],
			"rotation": {"angle": 0, "axis": "y", "origin": [8.975, 0, 10.75]},
			"faces": {
				"north": {"uv": [5.5, 12, 5.625, 12.125], "texture": "#0"},
				"east": {"uv": [12, 5.5, 12.125, 5.625], "texture": "#0"},
				"south": {"uv": [6, 12, 6.125, 12.125], "texture": "#0"},
				"west": {"uv": [12, 6, 12.125, 6.125], "texture": "#0"},
				"up": {"uv": [6.625, 12.125, 6.5, 12], "texture": "#0"},
				"down": {"uv": [12.125, 6.5, 12, 6.625], "texture": "#0"}
			}
		}
	],
	"display": {
		"head": {
			"translation": [0, -19.25, 1.25],
			"scale": [1.5, 1.5, 1.5]
		}
	},
	"groups": [
		0,
		{
			"name": "Head",
			"origin": [8.8, 0, 7],
			"color": 0,
			"children": [
				1,
				2,
				{
					"name": "LEar",
					"origin": [6.9, 5.575, 3.05],
					"color": 0,
					"children": [3, 4, 5, 6, 7, 8, 9, 10, 11, 12]
				},
				{
					"name": "REar",
					"origin": [9.1, 5.575, 3.05],
					"color": 0,
					"children": [13, 14, 15, 16, 17, 18, 19, 20, 21, 22]
				}
			]
		},
		{
			"name": "Body",
			"origin": [8.8, 0, 7],
			"color": 0,
			"children": [23, 24, 25]
		},
		{
			"name": "LFL",
			"origin": [7.025, 1.88418, 5.38296],
			"color": 0,
			"children": [26, 27, 28, 29, 30, 31, 32, 33, 34, 35, 36]
		},
		{
			"name": "RFL",
			"origin": [8.1, 0, 6.5],
			"color": 0,
			"children": [37, 38, 39, 40, 41, 42, 43, 44, 45, 46, 47]
		},
		{
			"name": "LBL",
			"origin": [7.9, 0, 10.75],
			"color": 0,
			"children": [48, 49, 50, 51, 52, 53, 54, 55, 56, 57, 58]
		},
		{
			"name": "RBL",
			"origin": [8.975, 1.88418, 9.38296],
			"color": 0,
			"children": [59, 60, 61, 62, 63, 64, 65, 66, 67, 68, 69]
		},
		{
			"name": "Tail",
			"origin": [8.975, 0, 10.75],
			"color": 0,
			"children": [70, 71, 72, 73, 74, 75]
		}
	]
}