{

"phoenix_door_close": {
		"sounds": [
			{
				"name": "mtr:phoenix/door_close",
				"pitch": 1,
				"attenuation_distance": 32
			}
		]
	},
"phoenix_door_open": {
		"sounds": [
			{
				"name": "mtr:phoenix/door_open",
				"pitch": 1,
				"attenuation_distance": 32
			}
		]
	},
	
"lion_door_close": {
		"sounds": [
			{
				"name": "mtr:lion/door_close",
				"pitch": 1,
				"attenuation_distance": 32
			}
		]
	},
"lion_door_open": {
		"sounds": [
			{
				"name": "mtr:lion/door_open",
				"pitch": 1,
				"attenuation_distance": 32
			}
		]
	},
	
"xuanwu_door_close": {
		"sounds": [
			{
				"name": "mtr:xuanwu/door_close",
				"pitch": 1,
				"attenuation_distance": 32
			}
		]
	},
"xuanwu_door_open": {
		"sounds": [
			{
				"name": "mtr:xuanwu/door_open",
				"pitch": 1,
				"attenuation_distance": 32
			}
		]
	},	
	
"tiger_door_close": {
		"sounds": [
			{
				"name": "mtr:tiger/door_close",
				"pitch": 1,
				"attenuation_distance": 32
			}
		]
	},
"tiger_door_open": {
		"sounds": [
			{
				"name": "mtr:tiger/door_open",
				"pitch": 1,
				"attenuation_distance": 32
			}
		]
	},
	
"dragon_door_close": {
		"sounds": [
			{
				"name": "mtr:dragon/door_close",
				"pitch": 1,
				"attenuation_distance": 32
			}
		]
	},
"dragon_door_open": {
		"sounds": [
			{
				"name": "mtr:dragon/door_open",
				"pitch": 1,
				"attenuation_distance": 32
			}
		]
	},

"lion_acceleration_0a": {
		"sounds": [
			{
				"name": "mtr:lion/acceleration/speed_0a",
				"pitch": 1,
				"attenuation_distance": 32
			}
		]
	},
	"lion_acceleration_1a": {
		"sounds": [
			{
				"name": "mtr:lion/acceleration/speed_1a",
				"pitch": 1,
				"attenuation_distance": 32
			}
		]
	},
	"lion_acceleration_2a": {
		"sounds": [
			{
				"name": "mtr:lion/acceleration/speed_2a",
				"pitch": 1,
				"attenuation_distance": 32
			}
		]
	},
	"lion_acceleration_3a": {
		"sounds": [
			{
				"name": "mtr:lion/acceleration/speed_3a",
				"pitch": 1,
				"attenuation_distance": 32
			}
		]
	},
	"lion_acceleration_4a": {
		"sounds": [
			{
				"name": "mtr:lion/acceleration/speed_4a",
				"pitch": 1,
				"attenuation_distance": 32
			}
		]
	},
	"lion_acceleration_5a": {
		"sounds": [
			{
				"name": "mtr:lion/acceleration/speed_5a",
				"pitch": 1,
				"attenuation_distance": 32
			}
		]
	},
	"lion_acceleration_6a": {
		"sounds": [
			{
				"name": "mtr:lion/acceleration/speed_6a",
				"pitch": 1,
				"attenuation_distance": 32
			}
		]
	},
	"lion_acceleration_7a": {
		"sounds": [
			{
				"name": "mtr:lion/acceleration/speed_7a",
				"pitch": 1,
				"attenuation_distance": 32
			}
		]
	},
	"lion_acceleration_8a": {
		"sounds": [
			{
				"name": "mtr:lion/acceleration/speed_8a",
				"pitch": 1,
				"attenuation_distance": 32
			}
		]
	},
	"lion_acceleration_0b": {
		"sounds": [
			{
				"name": "mtr:lion/acceleration/speed_0b",
				"pitch": 1,
				"attenuation_distance": 32
			}
		]
	},
	"lion_acceleration_1b": {
		"sounds": [
			{
				"name": "mtr:lion/acceleration/speed_1b",
				"pitch": 1,
				"attenuation_distance": 32
			}
		]
	},
	"lion_acceleration_2b": {
		"sounds": [
			{
				"name": "mtr:lion/acceleration/speed_2b",
				"pitch": 1,
				"attenuation_distance": 32
			}
		]
	},
	"lion_acceleration_3b": {
		"sounds": [
			{
				"name": "mtr:lion/acceleration/speed_3b",
				"pitch": 1,
				"attenuation_distance": 32
			}
		]
	},
	"lion_acceleration_4b": {
		"sounds": [
			{
				"name": "mtr:lion/acceleration/speed_4b",
				"pitch": 1,
				"attenuation_distance": 32
			}
		]
	},
	"lion_acceleration_5b": {
		"sounds": [
			{
				"name": "mtr:lion/acceleration/speed_5b",
				"pitch": 1,
				"attenuation_distance": 32
			}
		]
	},
	"lion_acceleration_6b": {
		"sounds": [
			{
				"name": "mtr:lion/acceleration/speed_6b",
				"pitch": 1,
				"attenuation_distance": 32
			}
		]
	},
	"lion_acceleration_7b": {
		"sounds": [
			{
				"name": "mtr:lion/acceleration/speed_7b",
				"pitch": 1,
				"attenuation_distance": 32
			}
		]
	},
	"lion_acceleration_8b": {
		"sounds": [
			{
				"name": "mtr:lion/acceleration/speed_8b",
				"pitch": 1,
				"attenuation_distance": 32
			}
		]
	},
		"lion_acceleration_1c": {
		"sounds": [
			{
				"name": "mtr:lion/acceleration/speed_1c",
				"pitch": 1,
				"attenuation_distance": 32
			}
		]
	},
	"lion_acceleration_2c": {
		"sounds": [
			{
				"name": "mtr:lion/acceleration/speed_2c",
				"pitch": 1,
				"attenuation_distance": 32
			}
		]
	},
	"lion_acceleration_3c": {
		"sounds": [
			{
				"name": "mtr:lion/acceleration/speed_3c",
				"pitch": 1,
				"attenuation_distance": 32
			}
		]
	},
	"lion_acceleration_4c": {
		"sounds": [
			{
				"name": "mtr:lion/acceleration/speed_4c",
				"pitch": 1,
				"attenuation_distance": 32
			}
		]
	},
	"lion_acceleration_5c": {
		"sounds": [
			{
				"name": "mtr:lion/acceleration/speed_5c",
				"pitch": 1,
				"attenuation_distance": 32
			}
		]
	},
	"lion_acceleration_6c": {
		"sounds": [
			{
				"name": "mtr:lion/acceleration/speed_6c",
				"pitch": 1,
				"attenuation_distance": 32
			}
		]
	},
	"lion_acceleration_7c": {
		"sounds": [
			{
				"name": "mtr:lion/acceleration/speed_7c",
				"pitch": 1,
				"attenuation_distance": 32
			}
		]
	},
	"lion_deceleration_0a": {
		"sounds": [
			{
				"name": "mtr:lion/deceleration/speed_0a",
				"pitch": 1,
				"attenuation_distance": 32
			}
		]
	},
	"lion_deceleration_1a": {
		"sounds": [
			{
				"name": "mtr:lion/deceleration/speed_1a",
				"pitch": 1,
				"attenuation_distance": 32
			}
		]
	},
	"lion_deceleration_2a": {
		"sounds": [
			{
				"name": "mtr:lion/deceleration/speed_2a",
				"pitch": 1,
				"attenuation_distance": 32
			}
		]
	},
	"lion_deceleration_3a": {
		"sounds": [
			{
				"name": "mtr:lion/deceleration/speed_3a",
				"pitch": 1,
				"attenuation_distance": 32
			}
		]
	},
	"lion_deceleration_4a": {
		"sounds": [
			{
				"name": "mtr:lion/deceleration/speed_4a",
				"pitch": 1,
				"attenuation_distance": 32
			}
		]
	},
	"lion_deceleration_5a": {
		"sounds": [
			{
				"name": "mtr:lion/deceleration/speed_5a",
				"pitch": 1,
				"attenuation_distance": 32
			}
		]
	},
	"lion_deceleration_6a": {
		"sounds": [
			{
				"name": "mtr:lion/deceleration/speed_6a",
				"pitch": 1,
				"attenuation_distance": 32
			}
		]
	},
	"lion_deceleration_7a": {
		"sounds": [
			{
				"name": "mtr:lion/deceleration/speed_7a",
				"pitch": 1,
				"attenuation_distance": 32
			}
		]
	},
	"lion_deceleration_8a": {
		"sounds": [
			{
				"name": "mtr:lion/deceleration/speed_8a",
				"pitch": 1,
				"attenuation_distance": 32
			}
		]
	},
	"lion_deceleration_0b": {
		"sounds": [
			{
				"name": "mtr:lion/deceleration/speed_0b",
				"pitch": 1,
				"attenuation_distance": 32
			}
		]
	},
	"lion_deceleration_1b": {
		"sounds": [
			{
				"name": "mtr:lion/deceleration/speed_1b",
				"pitch": 1,
				"attenuation_distance": 32
			}
		]
	},
	"lion_deceleration_2b": {
		"sounds": [
			{
				"name": "mtr:lion/deceleration/speed_2b",
				"pitch": 1,
				"attenuation_distance": 32
			}
		]
	},
	"lion_deceleration_3b": {
		"sounds": [
			{
				"name": "mtr:lion/deceleration/speed_3b",
				"pitch": 1,
				"attenuation_distance": 32
			}
		]
	},
	"lion_deceleration_4b": {
		"sounds": [
			{
				"name": "mtr:lion/deceleration/speed_4b",
				"pitch": 1,
				"attenuation_distance": 32
			}
		]
	},
	"lion_deceleration_5b": {
		"sounds": [
			{
				"name": "mtr:lion/deceleration/speed_5b",
				"pitch": 1,
				"attenuation_distance": 32
			}
		]
	},
	"lion_deceleration_6b": {
		"sounds": [
			{
				"name": "mtr:lion/deceleration/speed_6b",
				"pitch": 1,
				"attenuation_distance": 32
			}
		]
	},
	"lion_deceleration_7b": {
		"sounds": [
			{
				"name": "mtr:lion/deceleration/speed_7b",
				"pitch": 1,
				"attenuation_distance": 32
			}
		]
	},
	"lion_deceleration_8b": {
		"sounds": [
			{
				"name": "mtr:lion/deceleration/speed_8b",
				"pitch": 1,
				"attenuation_distance": 32
			}
		]
	},
	"lion_deceleration_1c": {
		"sounds": [
			{
				"name": "mtr:lion/deceleration/speed_1c",
				"pitch": 1,
				"attenuation_distance": 32
			}
		]
	},
	"lion_deceleration_2c": {
		"sounds": [
			{
				"name": "mtr:lion/deceleration/speed_2c",
				"pitch": 1,
				"attenuation_distance": 32
			}
		]
	},
	"lion_deceleration_3c": {
		"sounds": [
			{
				"name": "mtr:lion/deceleration/speed_3c",
				"pitch": 1,
				"attenuation_distance": 32
			}
		]
	},
	"lion_deceleration_4c": {
		"sounds": [
			{
				"name": "mtr:lion/deceleration/speed_4c",
				"pitch": 1,
				"attenuation_distance": 32
			}
		]
	},
	"lion_deceleration_5c": {
		"sounds": [
			{
				"name": "mtr:lion/deceleration/speed_5c",
				"pitch": 1,
				"attenuation_distance": 32
			}
		]
	},
	"lion_deceleration_6c": {
		"sounds": [
			{
				"name": "mtr:lion/deceleration/speed_6c",
				"pitch": 1,
				"attenuation_distance": 32
			}
		]
	},
	"lion_deceleration_7c": {
		"sounds": [
			{
				"name": "mtr:lion/deceleration/speed_7c",
				"pitch": 1,
				"attenuation_distance": 32
			}
		]
	},
	"ss3_acceleration_0a": {
		"sounds": [
			{
				"name": "mtr:ss3/acceleration/speed_0a",
				"pitch": 1,
				"attenuation_distance": 32
			}
		]
	},
	"ss3_acceleration_1a": {
		"sounds": [
			{
				"name": "mtr:ss3/acceleration/speed_1a",
				"pitch": 1,
				"attenuation_distance": 32
			}
		]
	},
	"ss3_acceleration_2a": {
		"sounds": [
			{
				"name": "mtr:ss3/acceleration/speed_2a",
				"pitch": 1,
				"attenuation_distance": 32
			}
		]
	},
	"ss3_acceleration_3a": {
		"sounds": [
			{
				"name": "mtr:ss3/acceleration/speed_3a",
				"pitch": 1,
				"attenuation_distance": 32
			}
		]
	},
	"ss3_acceleration_4a": {
		"sounds": [
			{
				"name": "mtr:ss3/acceleration/speed_4a",
				"pitch": 1,
				"attenuation_distance": 32
			}
		]
	},
	"ss3_acceleration_5a": {
		"sounds": [
			{
				"name": "mtr:ss3/acceleration/speed_5a",
				"pitch": 1,
				"attenuation_distance": 32
			}
		]
	},
	"ss3_acceleration_6a": {
		"sounds": [
			{
				"name": "mtr:ss3/acceleration/speed_6a",
				"pitch": 1,
				"attenuation_distance": 32
			}
		]
	},
	"ss3_acceleration_7a": {
		"sounds": [
			{
				"name": "mtr:ss3/acceleration/speed_7a",
				"pitch": 1,
				"attenuation_distance": 32
			}
		]
	},
	"ss3_acceleration_8a": {
		"sounds": [
			{
				"name": "mtr:ss3/acceleration/speed_8a",
				"pitch": 1,
				"attenuation_distance": 32
			}
		]
	},
	"ss3_acceleration_9a": {
		"sounds": [
			{
				"name": "mtr:ss3/acceleration/speed_9a",
				"pitch": 1,
				"attenuation_distance": 32
			}
		]
	},
	"ss3_acceleration_10a": {
		"sounds": [
			{
				"name": "mtr:ss3/acceleration/speed_10a",
				"pitch": 1,
				"attenuation_distance": 32
			}
		]
	},
	"ss3_acceleration_11a": {
		"sounds": [
			{
				"name": "mtr:ss3/acceleration/speed_11a",
				"pitch": 1,
				"attenuation_distance": 32
			}
		]
	},
	"ss3_acceleration_12a": {
		"sounds": [
			{
				"name": "mtr:ss3/acceleration/speed_12a",
				"pitch": 1,
				"attenuation_distance": 32
			}
		]
	},
	"ss3_acceleration_13a": {
		"sounds": [
			{
				"name": "mtr:ss3/acceleration/speed_13a",
				"pitch": 1,
				"attenuation_distance": 32
			}
		]
	},
	"ss3_acceleration_14a": {
		"sounds": [
			{
				"name": "mtr:ss3/acceleration/speed_14a",
				"pitch": 1,
				"attenuation_distance": 32
			}
		]
	},
	"ss3_acceleration_15a": {
		"sounds": [
			{
				"name": "mtr:ss3/acceleration/speed_15a",
				"pitch": 1,
				"attenuation_distance": 32
			}
		]
	},
	"ss3_acceleration_16a": {
		"sounds": [
			{
				"name": "mtr:ss3/acceleration/speed_16a",
				"pitch": 1,
				"attenuation_distance": 32
			}
		]
	},
	"ss3_acceleration_17a": {
		"sounds": [
			{
				"name": "mtr:ss3/acceleration/speed_17a",
				"pitch": 1,
				"attenuation_distance": 32
			}
		]
	},
	"ss3_acceleration_18a": {
		"sounds": [
			{
				"name": "mtr:ss3/acceleration/speed_18a",
				"pitch": 1,
				"attenuation_distance": 32
			}
		]
	},
	"ss3_acceleration_19a": {
		"sounds": [
			{
				"name": "mtr:ss3/acceleration/speed_19a",
				"pitch": 1,
				"attenuation_distance": 32
			}
		]
	},
	"ss3_acceleration_20a": {
		"sounds": [
			{
				"name": "mtr:ss3/acceleration/speed_20a",
				"pitch": 1,
				"attenuation_distance": 32
			}
		]
	},
	"ss3_acceleration_21a": {
		"sounds": [
			{
				"name": "mtr:ss3/acceleration/speed_21a",
				"pitch": 1,
				"attenuation_distance": 32
			}
		]
	},
	"ss3_acceleration_22a": {
		"sounds": [
			{
				"name": "mtr:ss3/acceleration/speed_22a",
				"pitch": 1,
				"attenuation_distance": 32
			}
		]
	},
	"ss3_acceleration_23a": {
		"sounds": [
			{
				"name": "mtr:ss3/acceleration/speed_23a",
				"pitch": 1,
				"attenuation_distance": 32
			}
		]
	},
	"ss3_acceleration_24a": {
		"sounds": [
			{
				"name": "mtr:ss3/acceleration/speed_24a",
				"pitch": 1,
				"attenuation_distance": 32
			}
		]
	},
	"ss3_acceleration_25a": {
		"sounds": [
			{
				"name": "mtr:ss3/acceleration/speed_25a",
				"pitch": 1,
				"attenuation_distance": 32
			}
		]
	},
	"ss3_acceleration_26a": {
		"sounds": [
			{
				"name": "mtr:ss3/acceleration/speed_26a",
				"pitch": 1,
				"attenuation_distance": 32
			}
		]
	},
	"ss3_acceleration_27a": {
		"sounds": [
			{
				"name": "mtr:ss3/acceleration/speed_27a",
				"pitch": 1,
				"attenuation_distance": 32
			}
		]
	},
	"ss3_acceleration_28a": {
		"sounds": [
			{
				"name": "mtr:ss3/acceleration/speed_28a",
				"pitch": 1,
				"attenuation_distance": 32
			}
		]
	},
	"ss3_acceleration_29a": {
		"sounds": [
			{
				"name": "mtr:ss3/acceleration/speed_29a",
				"pitch": 1,
				"attenuation_distance": 32
			}
		]
	},
	"ss3_acceleration_30a": {
		"sounds": [
			{
				"name": "mtr:ss3/acceleration/speed_30a",
				"pitch": 1,
				"attenuation_distance": 32
			}
		]
	},
	"ss3_acceleration_31a": {
		"sounds": [
			{
				"name": "mtr:ss3/acceleration/speed_31a",
				"pitch": 1,
				"attenuation_distance": 32
			}
		]
	},
	"ss3_acceleration_32a": {
		"sounds": [
			{
				"name": "mtr:ss3/acceleration/speed_32a",
				"pitch": 1,
				"attenuation_distance": 32
			}
		]
	},
	"ss3_acceleration_33a": {
		"sounds": [
			{
				"name": "mtr:ss3/acceleration/speed_33a",
				"pitch": 1,
				"attenuation_distance": 32
			}
		]
	},
	"ss3_acceleration_34a": {
		"sounds": [
			{
				"name": "mtr:ss3/acceleration/speed_34a",
				"pitch": 1,
				"attenuation_distance": 32
			}
		]
	},
	"ss3_acceleration_35a": {
		"sounds": [
			{
				"name": "mtr:ss3/acceleration/speed_35a",
				"pitch": 1,
				"attenuation_distance": 32
			}
		]
	},
	"ss3_acceleration_36a": {
		"sounds": [
			{
				"name": "mtr:ss3/acceleration/speed_36a",
				"pitch": 1,
				"attenuation_distance": 32
			}
		]
	},
	"ss3_acceleration_37a": {
		"sounds": [
			{
				"name": "mtr:ss3/acceleration/speed_37a",
				"pitch": 1,
				"attenuation_distance": 32
			}
		]
	},
	"ss3_acceleration_38a": {
		"sounds": [
			{
				"name": "mtr:ss3/acceleration/speed_38a",
				"pitch": 1,
				"attenuation_distance": 32
			}
		]
	},
	"ss3_acceleration_39a": {
		"sounds": [
			{
				"name": "mtr:ss3/acceleration/speed_39a",
				"pitch": 1,
				"attenuation_distance": 32
			}
		]
	},
	"ss3_acceleration_0b": {
		"sounds": [
			{
				"name": "mtr:ss3/acceleration/speed_0b",
				"pitch": 1,
				"attenuation_distance": 32
			}
		]
	},
	"ss3_acceleration_1b": {
		"sounds": [
			{
				"name": "mtr:ss3/acceleration/speed_1b",
				"pitch": 1,
				"attenuation_distance": 32
			}
		]
	},
	"ss3_acceleration_2b": {
		"sounds": [
			{
				"name": "mtr:ss3/acceleration/speed_2b",
				"pitch": 1,
				"attenuation_distance": 32
			}
		]
	},
	"ss3_acceleration_3b": {
		"sounds": [
			{
				"name": "mtr:ss3/acceleration/speed_3b",
				"pitch": 1,
				"attenuation_distance": 32
			}
		]
	},
	"ss3_acceleration_4b": {
		"sounds": [
			{
				"name": "mtr:ss3/acceleration/speed_4b",
				"pitch": 1,
				"attenuation_distance": 32
			}
		]
	},
	"ss3_acceleration_5b": {
		"sounds": [
			{
				"name": "mtr:ss3/acceleration/speed_5b",
				"pitch": 1,
				"attenuation_distance": 32
			}
		]
	},
	"ss3_acceleration_6b": {
		"sounds": [
			{
				"name": "mtr:ss3/acceleration/speed_6b",
				"pitch": 1,
				"attenuation_distance": 32
			}
		]
	},
	"ss3_acceleration_7b": {
		"sounds": [
			{
				"name": "mtr:ss3/acceleration/speed_7b",
				"pitch": 1,
				"attenuation_distance": 32
			}
		]
	},
	"ss3_acceleration_8b": {
		"sounds": [
			{
				"name": "mtr:ss3/acceleration/speed_8b",
				"pitch": 1,
				"attenuation_distance": 32
			}
		]
	},
	"ss3_acceleration_9b": {
		"sounds": [
			{
				"name": "mtr:ss3/acceleration/speed_9b",
				"pitch": 1,
				"attenuation_distance": 32
			}
		]
	},
	"ss3_acceleration_10b": {
		"sounds": [
			{
				"name": "mtr:ss3/acceleration/speed_10b",
				"pitch": 1,
				"attenuation_distance": 32
			}
		]
	},
	"ss3_acceleration_11b": {
		"sounds": [
			{
				"name": "mtr:ss3/acceleration/speed_11b",
				"pitch": 1,
				"attenuation_distance": 32
			}
		]
	},
	"ss3_acceleration_12b": {
		"sounds": [
			{
				"name": "mtr:ss3/acceleration/speed_12b",
				"pitch": 1,
				"attenuation_distance": 32
			}
		]
	},
	"ss3_acceleration_13b": {
		"sounds": [
			{
				"name": "mtr:ss3/acceleration/speed_13b",
				"pitch": 1,
				"attenuation_distance": 32
			}
		]
	},
	"ss3_acceleration_14b": {
		"sounds": [
			{
				"name": "mtr:ss3/acceleration/speed_14b",
				"pitch": 1,
				"attenuation_distance": 32
			}
		]
	},
	"ss3_acceleration_15b": {
		"sounds": [
			{
				"name": "mtr:ss3/acceleration/speed_15b",
				"pitch": 1,
				"attenuation_distance": 32
			}
		]
	},
	"ss3_acceleration_16b": {
		"sounds": [
			{
				"name": "mtr:ss3/acceleration/speed_16b",
				"pitch": 1,
				"attenuation_distance": 32
			}
		]
	},
	"ss3_acceleration_17b": {
		"sounds": [
			{
				"name": "mtr:ss3/acceleration/speed_17b",
				"pitch": 1,
				"attenuation_distance": 32
			}
		]
	},
	"ss3_acceleration_18b": {
		"sounds": [
			{
				"name": "mtr:ss3/acceleration/speed_18b",
				"pitch": 1,
				"attenuation_distance": 32
			}
		]
	},
	"ss3_acceleration_19b": {
		"sounds": [
			{
				"name": "mtr:ss3/acceleration/speed_19b",
				"pitch": 1,
				"attenuation_distance": 32
			}
		]
	},
	"ss3_acceleration_20b": {
		"sounds": [
			{
				"name": "mtr:ss3/acceleration/speed_20b",
				"pitch": 1,
				"attenuation_distance": 32
			}
		]
	},
	"ss3_acceleration_21b": {
		"sounds": [
			{
				"name": "mtr:ss3/acceleration/speed_21b",
				"pitch": 1,
				"attenuation_distance": 32
			}
		]
	},
	"ss3_acceleration_22b": {
		"sounds": [
			{
				"name": "mtr:ss3/acceleration/speed_22b",
				"pitch": 1,
				"attenuation_distance": 32
			}
		]
	},
	"ss3_acceleration_23b": {
		"sounds": [
			{
				"name": "mtr:ss3/acceleration/speed_23b",
				"pitch": 1,
				"attenuation_distance": 32
			}
		]
	},
	"ss3_acceleration_24b": {
		"sounds": [
			{
				"name": "mtr:ss3/acceleration/speed_24b",
				"pitch": 1,
				"attenuation_distance": 32
			}
		]
	},
	"ss3_acceleration_25b": {
		"sounds": [
			{
				"name": "mtr:ss3/acceleration/speed_25b",
				"pitch": 1,
				"attenuation_distance": 32
			}
		]
	},
	"ss3_acceleration_26b": {
		"sounds": [
			{
				"name": "mtr:ss3/acceleration/speed_26b",
				"pitch": 1,
				"attenuation_distance": 32
			}
		]
	},
	"ss3_acceleration_27b": {
		"sounds": [
			{
				"name": "mtr:ss3/acceleration/speed_27b",
				"pitch": 1,
				"attenuation_distance": 32
			}
		]
	},
	"ss3_acceleration_28b": {
		"sounds": [
			{
				"name": "mtr:ss3/acceleration/speed_28b",
				"pitch": 1,
				"attenuation_distance": 32
			}
		]
	},
	"ss3_acceleration_29b": {
		"sounds": [
			{
				"name": "mtr:ss3/acceleration/speed_29b",
				"pitch": 1,
				"attenuation_distance": 32
			}
		]
	},
	"ss3_acceleration_30b": {
		"sounds": [
			{
				"name": "mtr:ss3/acceleration/speed_30b",
				"pitch": 1,
				"attenuation_distance": 32
			}
		]
	},
	"ss3_acceleration_31b": {
		"sounds": [
			{
				"name": "mtr:ss3/acceleration/speed_31b",
				"pitch": 1,
				"attenuation_distance": 32
			}
		]
	},
	"ss3_acceleration_32b": {
		"sounds": [
			{
				"name": "mtr:ss3/acceleration/speed_32b",
				"pitch": 1,
				"attenuation_distance": 32
			}
		]
	},
	"ss3_acceleration_33b": {
		"sounds": [
			{
				"name": "mtr:ss3/acceleration/speed_33b",
				"pitch": 1,
				"attenuation_distance": 32
			}
		]
	},
	"ss3_acceleration_34b": {
		"sounds": [
			{
				"name": "mtr:ss3/acceleration/speed_34b",
				"pitch": 1,
				"attenuation_distance": 32
			}
		]
	},
	"ss3_acceleration_35b": {
		"sounds": [
			{
				"name": "mtr:ss3/acceleration/speed_35b",
				"pitch": 1,
				"attenuation_distance": 32
			}
		]
	},
	"ss3_acceleration_36b": {
		"sounds": [
			{
				"name": "mtr:ss3/acceleration/speed_36b",
				"pitch": 1,
				"attenuation_distance": 32
			}
		]
	},
	"ss3_acceleration_37b": {
		"sounds": [
			{
				"name": "mtr:ss3/acceleration/speed_37b",
				"pitch": 1,
				"attenuation_distance": 32
			}
		]
	},
	"ss3_acceleration_38b": {
		"sounds": [
			{
				"name": "mtr:ss3/acceleration/speed_38b",
				"pitch": 1,
				"attenuation_distance": 32
			}
		]
	},
	"ss3_acceleration_39b": {
		"sounds": [
			{
				"name": "mtr:ss3/acceleration/speed_39b",
				"pitch": 1,
				"attenuation_distance": 32
			}
		]
	},
	"ss3_acceleration_0c": {
		"sounds": [
			{
				"name": "mtr:ss3/acceleration/speed_0c",
				"pitch": 1,
				"attenuation_distance": 32
			}
		]
	},
	"ss3_acceleration_1c": {
		"sounds": [
			{
				"name": "mtr:ss3/acceleration/speed_1c",
				"pitch": 1,
				"attenuation_distance": 32
			}
		]
	},
	"ss3_acceleration_2c": {
		"sounds": [
			{
				"name": "mtr:ss3/acceleration/speed_2c",
				"pitch": 1,
				"attenuation_distance": 32
			}
		]
	},
	"ss3_acceleration_3c": {
		"sounds": [
			{
				"name": "mtr:ss3/acceleration/speed_3c",
				"pitch": 1,
				"attenuation_distance": 32
			}
		]
	},
	"ss3_acceleration_4c": {
		"sounds": [
			{
				"name": "mtr:ss3/acceleration/speed_4c",
				"pitch": 1,
				"attenuation_distance": 32
			}
		]
	},
	"ss3_acceleration_5c": {
		"sounds": [
			{
				"name": "mtr:ss3/acceleration/speed_5c",
				"pitch": 1,
				"attenuation_distance": 32
			}
		]
	},
	"ss3_acceleration_6c": {
		"sounds": [
			{
				"name": "mtr:ss3/acceleration/speed_6c",
				"pitch": 1,
				"attenuation_distance": 32
			}
		]
	},
	"ss3_acceleration_7c": {
		"sounds": [
			{
				"name": "mtr:ss3/acceleration/speed_7c",
				"pitch": 1,
				"attenuation_distance": 32
			}
		]
	},
	"ss3_acceleration_8c": {
		"sounds": [
			{
				"name": "mtr:ss3/acceleration/speed_8c",
				"pitch": 1,
				"attenuation_distance": 32
			}
		]
	},
	"ss3_acceleration_9c": {
		"sounds": [
			{
				"name": "mtr:ss3/acceleration/speed_9c",
				"pitch": 1,
				"attenuation_distance": 32
			}
		]
	},
	"ss3_acceleration_10c": {
		"sounds": [
			{
				"name": "mtr:ss3/acceleration/speed_10c",
				"pitch": 1,
				"attenuation_distance": 32
			}
		]
	},
	"ss3_acceleration_11c": {
		"sounds": [
			{
				"name": "mtr:ss3/acceleration/speed_11c",
				"pitch": 1,
				"attenuation_distance": 32
			}
		]
	},
	"ss3_acceleration_12c": {
		"sounds": [
			{
				"name": "mtr:ss3/acceleration/speed_12c",
				"pitch": 1,
				"attenuation_distance": 32
			}
		]
	},
	"ss3_acceleration_13c": {
		"sounds": [
			{
				"name": "mtr:ss3/acceleration/speed_13c",
				"pitch": 1,
				"attenuation_distance": 32
			}
		]
	},
	"ss3_acceleration_14c": {
		"sounds": [
			{
				"name": "mtr:ss3/acceleration/speed_14c",
				"pitch": 1,
				"attenuation_distance": 32
			}
		]
	},
	"ss3_acceleration_15c": {
		"sounds": [
			{
				"name": "mtr:ss3/acceleration/speed_15c",
				"pitch": 1,
				"attenuation_distance": 32
			}
		]
	},
	"ss3_acceleration_16c": {
		"sounds": [
			{
				"name": "mtr:ss3/acceleration/speed_16c",
				"pitch": 1,
				"attenuation_distance": 32
			}
		]
	},
	"ss3_acceleration_17c": {
		"sounds": [
			{
				"name": "mtr:ss3/acceleration/speed_17c",
				"pitch": 1,
				"attenuation_distance": 32
			}
		]
	},
	"ss3_acceleration_18c": {
		"sounds": [
			{
				"name": "mtr:ss3/acceleration/speed_18c",
				"pitch": 1,
				"attenuation_distance": 32
			}
		]
	},
	"ss3_acceleration_19c": {
		"sounds": [
			{
				"name": "mtr:ss3/acceleration/speed_19c",
				"pitch": 1,
				"attenuation_distance": 32
			}
		]
	},
	"ss3_acceleration_20c": {
		"sounds": [
			{
				"name": "mtr:ss3/acceleration/speed_20c",
				"pitch": 1,
				"attenuation_distance": 32
			}
		]
	},
	"ss3_acceleration_21c": {
		"sounds": [
			{
				"name": "mtr:ss3/acceleration/speed_21c",
				"pitch": 1,
				"attenuation_distance": 32
			}
		]
	},
	"ss3_acceleration_22c": {
		"sounds": [
			{
				"name": "mtr:ss3/acceleration/speed_22c",
				"pitch": 1,
				"attenuation_distance": 32
			}
		]
	},
	"ss3_acceleration_23c": {
		"sounds": [
			{
				"name": "mtr:ss3/acceleration/speed_23c",
				"pitch": 1,
				"attenuation_distance": 32
			}
		]
	},
	"ss3_acceleration_24c": {
		"sounds": [
			{
				"name": "mtr:sp1900/acceleration/speed_24c",
				"pitch": 1,
				"attenuation_distance": 32
			}
		]
	},
	"ss3_acceleration_25c": {
		"sounds": [
			{
				"name": "mtr:sp1900/acceleration/speed_25c",
				"pitch": 1,
				"attenuation_distance": 32
			}
		]
	},
	"ss3_acceleration_26c": {
		"sounds": [
			{
				"name": "mtr:sp1900/acceleration/speed_26c",
				"pitch": 1,
				"attenuation_distance": 32
			}
		]
	},
	"ss3_acceleration_27c": {
		"sounds": [
			{
				"name": "mtr:sp1900/acceleration/speed_27c",
				"pitch": 1,
				"attenuation_distance": 32
			}
		]
	},
	"ss3_acceleration_28c": {
		"sounds": [
			{
				"name": "mtr:sp1900/acceleration/speed_28c",
				"pitch": 1,
				"attenuation_distance": 32
			}
		]
	},
	"ss3_deceleration_0a": {
		"sounds": [
			{
				"name": "mtr:ss3/deceleration/speed_0a",
				"pitch": 1,
				"attenuation_distance": 32
			}
		]
	},
	"ss3_deceleration_1a": {
		"sounds": [
			{
				"name": "mtr:ss3/deceleration/speed_1a",
				"pitch": 1,
				"attenuation_distance": 32
			}
		]
	},
	"ss3_deceleration_2a": {
		"sounds": [
			{
				"name": "mtr:ss3/deceleration/speed_2a",
				"pitch": 1,
				"attenuation_distance": 32
			}
		]
	},
	"ss3_deceleration_3a": {
		"sounds": [
			{
				"name": "mtr:ss3/deceleration/speed_3a",
				"pitch": 1,
				"attenuation_distance": 32
			}
		]
	},
	"ss3_deceleration_4a": {
		"sounds": [
			{
				"name": "mtr:ss3/deceleration/speed_4a",
				"pitch": 1,
				"attenuation_distance": 32
			}
		]
	},
	"ss3_deceleration_5a": {
		"sounds": [
			{
				"name": "mtr:ss3/deceleration/speed_5a",
				"pitch": 1,
				"attenuation_distance": 32
			}
		]
	},
	"ss3_deceleration_6a": {
		"sounds": [
			{
				"name": "mtr:ss3/deceleration/speed_6a",
				"pitch": 1,
				"attenuation_distance": 32
			}
		]
	},
	"ss3_deceleration_7a": {
		"sounds": [
			{
				"name": "mtr:ss3/deceleration/speed_7a",
				"pitch": 1,
				"attenuation_distance": 32
			}
		]
	},
	"ss3_deceleration_8a": {
		"sounds": [
			{
				"name": "mtr:ss3/deceleration/speed_8a",
				"pitch": 1,
				"attenuation_distance": 32
			}
		]
	},
	"ss3_deceleration_9a": {
		"sounds": [
			{
				"name": "mtr:ss3/deceleration/speed_9a",
				"pitch": 1,
				"attenuation_distance": 32
			}
		]
	},
	"ss3_deceleration_10a": {
		"sounds": [
			{
				"name": "mtr:ss3/deceleration/speed_10a",
				"pitch": 1,
				"attenuation_distance": 32
			}
		]
	},
	"ss3_deceleration_11a": {
		"sounds": [
			{
				"name": "mtr:ss3/deceleration/speed_11a",
				"pitch": 1,
				"attenuation_distance": 32
			}
		]
	},
	"ss3_deceleration_12a": {
		"sounds": [
			{
				"name": "mtr:ss3/deceleration/speed_12a",
				"pitch": 1,
				"attenuation_distance": 32
			}
		]
	},
	"ss3_deceleration_13a": {
		"sounds": [
			{
				"name": "mtr:ss3/deceleration/speed_13a",
				"pitch": 1,
				"attenuation_distance": 32
			}
		]
	},
	"ss3_deceleration_14a": {
		"sounds": [
			{
				"name": "mtr:ss3/deceleration/speed_14a",
				"pitch": 1,
				"attenuation_distance": 32
			}
		]
	},
	"ss3_deceleration_15a": {
		"sounds": [
			{
				"name": "mtr:ss3/deceleration/speed_15a",
				"pitch": 1,
				"attenuation_distance": 32
			}
		]
	},
	"ss3_deceleration_16a": {
		"sounds": [
			{
				"name": "mtr:ss3/deceleration/speed_16a",
				"pitch": 1,
				"attenuation_distance": 32
			}
		]
	},
	"ss3_deceleration_17a": {
		"sounds": [
			{
				"name": "mtr:ss3/deceleration/speed_17a",
				"pitch": 1,
				"attenuation_distance": 32
			}
		]
	},
	"ss3_deceleration_18a": {
		"sounds": [
			{
				"name": "mtr:ss3/deceleration/speed_18a",
				"pitch": 1,
				"attenuation_distance": 32
			}
		]
	},
	"ss3_deceleration_19a": {
		"sounds": [
			{
				"name": "mtr:ss3/deceleration/speed_19a",
				"pitch": 1,
				"attenuation_distance": 32
			}
		]
	},
	"ss3_deceleration_20a": {
		"sounds": [
			{
				"name": "mtr:ss3/deceleration/speed_20a",
				"pitch": 1,
				"attenuation_distance": 32
			}
		]
	},
	"ss3_deceleration_21a": {
		"sounds": [
			{
				"name": "mtr:ss3/deceleration/speed_21a",
				"pitch": 1,
				"attenuation_distance": 32
			}
		]
	},
	"ss3_deceleration_22a": {
		"sounds": [
			{
				"name": "mtr:ss3/deceleration/speed_22a",
				"pitch": 1,
				"attenuation_distance": 32
			}
		]
	},
	"ss3_deceleration_23a": {
		"sounds": [
			{
				"name": "mtr:ss3/deceleration/speed_23a",
				"pitch": 1,
				"attenuation_distance": 32
			}
		]
	},
	"ss3_deceleration_24a": {
		"sounds": [
			{
				"name": "mtr:ss3/deceleration/speed_24a",
				"pitch": 1,
				"attenuation_distance": 32
			}
		]
	},
	"ss3_deceleration_25a": {
		"sounds": [
			{
				"name": "mtr:ss3/deceleration/speed_25a",
				"pitch": 1,
				"attenuation_distance": 32
			}
		]
	},
	"ss3_deceleration_26a": {
		"sounds": [
			{
				"name": "mtr:ss3/deceleration/speed_26a",
				"pitch": 1,
				"attenuation_distance": 32
			}
		]
	},
	"ss3_deceleration_27a": {
		"sounds": [
			{
				"name": "mtr:ss3/deceleration/speed_27a",
				"pitch": 1,
				"attenuation_distance": 32
			}
		]
	},
	"ss3_deceleration_28a": {
		"sounds": [
			{
				"name": "mtr:ss3/deceleration/speed_28a",
				"pitch": 1,
				"attenuation_distance": 32
			}
		]
	},
	"ss3_deceleration_29a": {
		"sounds": [
			{
				"name": "mtr:ss3/deceleration/speed_29a",
				"pitch": 1,
				"attenuation_distance": 32
			}
		]
	},
	"ss3_deceleration_30a": {
		"sounds": [
			{
				"name": "mtr:ss3/deceleration/speed_30a",
				"pitch": 1,
				"attenuation_distance": 32
			}
		]
	},
	"ss3_deceleration_31a": {
		"sounds": [
			{
				"name": "mtr:ss3/deceleration/speed_31a",
				"pitch": 1,
				"attenuation_distance": 32
			}
		]
	},
	"ss3_deceleration_32a": {
		"sounds": [
			{
				"name": "mtr:ss3/deceleration/speed_32a",
				"pitch": 1,
				"attenuation_distance": 32
			}
		]
	},
	"ss3_deceleration_33a": {
		"sounds": [
			{
				"name": "mtr:ss3/deceleration/speed_33a",
				"pitch": 1,
				"attenuation_distance": 32
			}
		]
	},
	"ss3_deceleration_34a": {
		"sounds": [
			{
				"name": "mtr:ss3/deceleration/speed_34a",
				"pitch": 1,
				"attenuation_distance": 32
			}
		]
	},
	"ss3_deceleration_35a": {
		"sounds": [
			{
				"name": "mtr:ss3/deceleration/speed_35a",
				"pitch": 1,
				"attenuation_distance": 32
			}
		]
	},
	"ss3_deceleration_36a": {
		"sounds": [
			{
				"name": "mtr:ss3/deceleration/speed_36a",
				"pitch": 1,
				"attenuation_distance": 32
			}
		]
	},
	"ss3_deceleration_37a": {
		"sounds": [
			{
				"name": "mtr:ss3/deceleration/speed_37a",
				"pitch": 1,
				"attenuation_distance": 32
			}
		]
	},
	"ss3_deceleration_38a": {
		"sounds": [
			{
				"name": "mtr:ss3/deceleration/speed_38a",
				"pitch": 1,
				"attenuation_distance": 32
			}
		]
	},
	"ss3_deceleration_39a": {
		"sounds": [
			{
				"name": "mtr:ss3/deceleration/speed_39a",
				"pitch": 1,
				"attenuation_distance": 32
			}
		]
	},
	"ss3_deceleration_0b": {
		"sounds": [
			{
				"name": "mtr:ss3/deceleration/speed_0b",
				"pitch": 1,
				"attenuation_distance": 32
			}
		]
	},
	"ss3_deceleration_1b": {
		"sounds": [
			{
				"name": "mtr:ss3/deceleration/speed_1b",
				"pitch": 1,
				"attenuation_distance": 32
			}
		]
	},
	"ss3_deceleration_2b": {
		"sounds": [
			{
				"name": "mtr:ss3/deceleration/speed_2b",
				"pitch": 1,
				"attenuation_distance": 32
			}
		]
	},
	"ss3_deceleration_3b": {
		"sounds": [
			{
				"name": "mtr:ss3/deceleration/speed_3b",
				"pitch": 1,
				"attenuation_distance": 32
			}
		]
	},
	"ss3_deceleration_4b": {
		"sounds": [
			{
				"name": "mtr:ss3/deceleration/speed_4b",
				"pitch": 1,
				"attenuation_distance": 32
			}
		]
	},
	"ss3_deceleration_5b": {
		"sounds": [
			{
				"name": "mtr:ss3/deceleration/speed_5b",
				"pitch": 1,
				"attenuation_distance": 32
			}
		]
	},
	"ss3_deceleration_6b": {
		"sounds": [
			{
				"name": "mtr:ss3/deceleration/speed_6b",
				"pitch": 1,
				"attenuation_distance": 32
			}
		]
	},
	"ss3_deceleration_7b": {
		"sounds": [
			{
				"name": "mtr:ss3/deceleration/speed_7b",
				"pitch": 1,
				"attenuation_distance": 32
			}
		]
	},
	"ss3_deceleration_8b": {
		"sounds": [
			{
				"name": "mtr:ss3/deceleration/speed_8b",
				"pitch": 1,
				"attenuation_distance": 32
			}
		]
	},
	"ss3_deceleration_9b": {
		"sounds": [
			{
				"name": "mtr:ss3/deceleration/speed_9b",
				"pitch": 1,
				"attenuation_distance": 32
			}
		]
	},
	"ss3_deceleration_10b": {
		"sounds": [
			{
				"name": "mtr:ss3/deceleration/speed_10b",
				"pitch": 1,
				"attenuation_distance": 32
			}
		]
	},
	"ss3_deceleration_11b": {
		"sounds": [
			{
				"name": "mtr:ss3/deceleration/speed_11b",
				"pitch": 1,
				"attenuation_distance": 32
			}
		]
	},
	"ss3_deceleration_12b": {
		"sounds": [
			{
				"name": "mtr:ss3/deceleration/speed_12b",
				"pitch": 1,
				"attenuation_distance": 32
			}
		]
	},
	"ss3_deceleration_13b": {
		"sounds": [
			{
				"name": "mtr:ss3/deceleration/speed_13b",
				"pitch": 1,
				"attenuation_distance": 32
			}
		]
	},
	"ss3_deceleration_14b": {
		"sounds": [
			{
				"name": "mtr:ss3/deceleration/speed_14b",
				"pitch": 1,
				"attenuation_distance": 32
			}
		]
	},
	"ss3_deceleration_15b": {
		"sounds": [
			{
				"name": "mtr:ss3/deceleration/speed_15b",
				"pitch": 1,
				"attenuation_distance": 32
			}
		]
	},
	"ss3_deceleration_16b": {
		"sounds": [
			{
				"name": "mtr:ss3/deceleration/speed_16b",
				"pitch": 1,
				"attenuation_distance": 32
			}
		]
	},
	"ss3_deceleration_17b": {
		"sounds": [
			{
				"name": "mtr:ss3/deceleration/speed_17b",
				"pitch": 1,
				"attenuation_distance": 32
			}
		]
	},
	"ss3_deceleration_18b": {
		"sounds": [
			{
				"name": "mtr:ss3/deceleration/speed_18b",
				"pitch": 1,
				"attenuation_distance": 32
			}
		]
	},
	"ss3_deceleration_19b": {
		"sounds": [
			{
				"name": "mtr:ss3/deceleration/speed_19b",
				"pitch": 1,
				"attenuation_distance": 32
			}
		]
	},
	"ss3_deceleration_20b": {
		"sounds": [
			{
				"name": "mtr:ss3/deceleration/speed_20b",
				"pitch": 1,
				"attenuation_distance": 32
			}
		]
	},
	"ss3_deceleration_21b": {
		"sounds": [
			{
				"name": "mtr:ss3/deceleration/speed_21b",
				"pitch": 1,
				"attenuation_distance": 32
			}
		]
	},
	"ss3_deceleration_22b": {
		"sounds": [
			{
				"name": "mtr:ss3/deceleration/speed_22b",
				"pitch": 1,
				"attenuation_distance": 32
			}
		]
	},
	"ss3_deceleration_23b": {
		"sounds": [
			{
				"name": "mtr:ss3/deceleration/speed_23b",
				"pitch": 1,
				"attenuation_distance": 32
			}
		]
	},
	"ss3_deceleration_24b": {
		"sounds": [
			{
				"name": "mtr:ss3/deceleration/speed_24b",
				"pitch": 1,
				"attenuation_distance": 32
			}
		]
	},
	"ss3_deceleration_25b": {
		"sounds": [
			{
				"name": "mtr:ss3/deceleration/speed_25b",
				"pitch": 1,
				"attenuation_distance": 32
			}
		]
	},
	"ss3_deceleration_26b": {
		"sounds": [
			{
				"name": "mtr:ss3/deceleration/speed_26b",
				"pitch": 1,
				"attenuation_distance": 32
			}
		]
	},
	"ss3_deceleration_27b": {
		"sounds": [
			{
				"name": "mtr:ss3/deceleration/speed_27b",
				"pitch": 1,
				"attenuation_distance": 32
			}
		]
	},
	"ss3_deceleration_28b": {
		"sounds": [
			{
				"name": "mtr:ss3/deceleration/speed_28b",
				"pitch": 1,
				"attenuation_distance": 32
			}
		]
	},
	"ss3_deceleration_29b": {
		"sounds": [
			{
				"name": "mtr:ss3/deceleration/speed_29b",
				"pitch": 1,
				"attenuation_distance": 32
			}
		]
	},
	"ss3_deceleration_30b": {
		"sounds": [
			{
				"name": "mtr:ss3/deceleration/speed_30b",
				"pitch": 1,
				"attenuation_distance": 32
			}
		]
	},
	"ss3_deceleration_31b": {
		"sounds": [
			{
				"name": "mtr:ss3/deceleration/speed_31b",
				"pitch": 1,
				"attenuation_distance": 32
			}
		]
	},
	"ss3_deceleration_32b": {
		"sounds": [
			{
				"name": "mtr:ss3/deceleration/speed_32b",
				"pitch": 1,
				"attenuation_distance": 32
			}
		]
	},
	"ss3_deceleration_33b": {
		"sounds": [
			{
				"name": "mtr:ss3/deceleration/speed_33b",
				"pitch": 1,
				"attenuation_distance": 32
			}
		]
	},
	"ss3_deceleration_34b": {
		"sounds": [
			{
				"name": "mtr:ss3/deceleration/speed_34b",
				"pitch": 1,
				"attenuation_distance": 32
			}
		]
	},
	"ss3_deceleration_35b": {
		"sounds": [
			{
				"name": "mtr:ss3/deceleration/speed_35b",
				"pitch": 1,
				"attenuation_distance": 32
			}
		]
	},
	"ss3_deceleration_36b": {
		"sounds": [
			{
				"name": "mtr:ss3/deceleration/speed_36b",
				"pitch": 1,
				"attenuation_distance": 32
			}
		]
	},
	"ss3_deceleration_37b": {
		"sounds": [
			{
				"name": "mtr:ss3/deceleration/speed_37b",
				"pitch": 1,
				"attenuation_distance": 32
			}
		]
	},
	"ss3_deceleration_38b": {
		"sounds": [
			{
				"name": "mtr:ss3/deceleration/speed_38b",
				"pitch": 1,
				"attenuation_distance": 32
			}
		]
	},
	"ss3_deceleration_39b": {
		"sounds": [
			{
				"name": "mtr:ss3/deceleration/speed_39b",
				"pitch": 1,
				"attenuation_distance": 32
			}
		]
	},
	"ss3_deceleration_0c": {
		"sounds": [
			{
				"name": "mtr:ss3/deceleration/speed_0c",
				"pitch": 1,
				"attenuation_distance": 32
			}
		]
	},
	"ss3_deceleration_1c": {
		"sounds": [
			{
				"name": "mtr:ss3/deceleration/speed_1c",
				"pitch": 1,
				"attenuation_distance": 32
			}
		]
	},
	"ss3_deceleration_2c": {
		"sounds": [
			{
				"name": "mtr:ss3/deceleration/speed_2c",
				"pitch": 1,
				"attenuation_distance": 32
			}
		]
	},
	"ss3_deceleration_3c": {
		"sounds": [
			{
				"name": "mtr:ss3/deceleration/speed_3c",
				"pitch": 1,
				"attenuation_distance": 32
			}
		]
	},
	"ss3_deceleration_4c": {
		"sounds": [
			{
				"name": "mtr:ss3/deceleration/speed_4c",
				"pitch": 1,
				"attenuation_distance": 32
			}
		]
	},
	"ss3_deceleration_5c": {
		"sounds": [
			{
				"name": "mtr:ss3/deceleration/speed_5c",
				"pitch": 1,
				"attenuation_distance": 32
			}
		]
	},
	"ss3_deceleration_6c": {
		"sounds": [
			{
				"name": "mtr:ss3/deceleration/speed_6c",
				"pitch": 1,
				"attenuation_distance": 32
			}
		]
	},
	"ss3_deceleration_7c": {
		"sounds": [
			{
				"name": "mtr:ss3/deceleration/speed_7c",
				"pitch": 1,
				"attenuation_distance": 32
			}
		]
	},
	"ss3_deceleration_8c": {
		"sounds": [
			{
				"name": "mtr:ss3/deceleration/speed_8c",
				"pitch": 1,
				"attenuation_distance": 32
			}
		]
	},
	"ss3_deceleration_9c": {
		"sounds": [
			{
				"name": "mtr:ss3/deceleration/speed_9c",
				"pitch": 1,
				"attenuation_distance": 32
			}
		]
	},
	"ss3_deceleration_10c": {
		"sounds": [
			{
				"name": "mtr:ss3/deceleration/speed_10c",
				"pitch": 1,
				"attenuation_distance": 32
			}
		]
	},
	"ss3_deceleration_11c": {
		"sounds": [
			{
				"name": "mtr:ss3/deceleration/speed_11c",
				"pitch": 1,
				"attenuation_distance": 32
			}
		]
	},
	"ss3_deceleration_12c": {
		"sounds": [
			{
				"name": "mtr:ss3/deceleration/speed_12c",
				"pitch": 1,
				"attenuation_distance": 32
			}
		]
	},
	"ss3_deceleration_13c": {
		"sounds": [
			{
				"name": "mtr:ss3/deceleration/speed_13c",
				"pitch": 1,
				"attenuation_distance": 32
			}
		]
	},
	"ss3_deceleration_14c": {
		"sounds": [
			{
				"name": "mtr:ss3/deceleration/speed_14c",
				"pitch": 1,
				"attenuation_distance": 32
			}
		]
	},
	"ss3_deceleration_15c": {
		"sounds": [
			{
				"name": "mtr:ss3/deceleration/speed_15c",
				"pitch": 1,
				"attenuation_distance": 32
			}
		]
	},
	"ss3_deceleration_16c": {
		"sounds": [
			{
				"name": "mtr:ss3/deceleration/speed_16c",
				"pitch": 1,
				"attenuation_distance": 32
			}
		]
	},
	"ss3_deceleration_17c": {
		"sounds": [
			{
				"name": "mtr:ss3/deceleration/speed_17c",
				"pitch": 1,
				"attenuation_distance": 32
			}
		]
	},
	"ss3_deceleration_18c": {
		"sounds": [
			{
				"name": "mtr:ss3/deceleration/speed_18c",
				"pitch": 1,
				"attenuation_distance": 32
			}
		]
	},
	"ss3_deceleration_19c": {
		"sounds": [
			{
				"name": "mtr:ss3/deceleration/speed_19c",
				"pitch": 1,
				"attenuation_distance": 32
			}
		]
	},
	"ss3_deceleration_20c": {
		"sounds": [
			{
				"name": "mtr:ss3/deceleration/speed_20c",
				"pitch": 1,
				"attenuation_distance": 32
			}
		]
	},
	"ss3_deceleration_21c": {
		"sounds": [
			{
				"name": "mtr:ss3/deceleration/speed_21c",
				"pitch": 1,
				"attenuation_distance": 32
			}
		]
	},
	"ss3_deceleration_22c": {
		"sounds": [
			{
				"name": "mtr:ss3/deceleration/speed_22c",
				"pitch": 1,
				"attenuation_distance": 32
			}
		]
	},
	"ss3_deceleration_23c": {
		"sounds": [
			{
				"name": "mtr:ss3/deceleration/speed_23c",
				"pitch": 1,
				"attenuation_distance": 32
			}
		]
	},
	"plane_acceleration_0a": {
		"sounds": [
			{
				"name": "mtr:plane/acceleration/speed_0a",
				"pitch": 1,
				"attenuation_distance": 32
			}
		]
	},
	"plane_acceleration_1a": {
		"sounds": [
			{
				"name": "mtr:plane/acceleration/speed_1a",
				"pitch": 1,
				"attenuation_distance": 32
			}
		]
	},
	"plane_acceleration_2a": {
		"sounds": [
			{
				"name": "mtr:plane/acceleration/speed_2a",
				"pitch": 1,
				"attenuation_distance": 32
			}
		]
	},
	"plane_acceleration_3a": {
		"sounds": [
			{
				"name": "mtr:plane/acceleration/speed_3a",
				"pitch": 1,
				"attenuation_distance": 32
			}
		]
	},
	"plane_acceleration_4a": {
		"sounds": [
			{
				"name": "mtr:plane/acceleration/speed_4a",
				"pitch": 1,
				"attenuation_distance": 32
			}
		]
	},
	"plane_acceleration_5a": {
		"sounds": [
			{
				"name": "mtr:plane/acceleration/speed_5a",
				"pitch": 1,
				"attenuation_distance": 32
			}
		]
	},
	"plane_acceleration_6a": {
		"sounds": [
			{
				"name": "mtr:plane/acceleration/speed_6a",
				"pitch": 1,
				"attenuation_distance": 32
			}
		]
	},
	"plane_acceleration_7a": {
		"sounds": [
			{
				"name": "mtr:plane/acceleration/speed_7a",
				"pitch": 1,
				"attenuation_distance": 32
			}
		]
	},
	"plane_acceleration_8a": {
		"sounds": [
			{
				"name": "mtr:plane/acceleration/speed_8a",
				"pitch": 1,
				"attenuation_distance": 32
			}
		]
	},
	"plane_acceleration_9a": {
		"sounds": [
			{
				"name": "mtr:plane/acceleration/speed_9a",
				"pitch": 1,
				"attenuation_distance": 32
			}
		]
	},
	"plane_acceleration_10a": {
		"sounds": [
			{
				"name": "mtr:plane/acceleration/speed_10a",
				"pitch": 1,
				"attenuation_distance": 32
			}
		]
	},
	"plane_acceleration_11a": {
		"sounds": [
			{
				"name": "mtr:plane/acceleration/speed_11a",
				"pitch": 1,
				"attenuation_distance": 32
			}
		]
	},
	"plane_acceleration_12a": {
		"sounds": [
			{
				"name": "mtr:plane/acceleration/speed_12a",
				"pitch": 1,
				"attenuation_distance": 32
			}
		]
	},
	"plane_acceleration_13a": {
		"sounds": [
			{
				"name": "mtr:plane/acceleration/speed_13a",
				"pitch": 1,
				"attenuation_distance": 32
			}
		]
	},
	"plane_acceleration_14a": {
		"sounds": [
			{
				"name": "mtr:plane/acceleration/speed_14a",
				"pitch": 1,
				"attenuation_distance": 32
			}
		]
	},
	"plane_acceleration_15a": {
		"sounds": [
			{
				"name": "mtr:plane/acceleration/speed_15a",
				"pitch": 1,
				"attenuation_distance": 32
			}
		]
	},
	"plane_acceleration_16a": {
		"sounds": [
			{
				"name": "mtr:plane/acceleration/speed_16a",
				"pitch": 1,
				"attenuation_distance": 32
			}
		]
	},
	"plane_acceleration_17a": {
		"sounds": [
			{
				"name": "mtr:plane/acceleration/speed_17a",
				"pitch": 1,
				"attenuation_distance": 32
			}
		]
	},
	"plane_acceleration_18a": {
		"sounds": [
			{
				"name": "mtr:plane/acceleration/speed_18a",
				"pitch": 1,
				"attenuation_distance": 32
			}
		]
	},
	"plane_acceleration_19a": {
		"sounds": [
			{
				"name": "mtr:plane/acceleration/speed_19a",
				"pitch": 1,
				"attenuation_distance": 32
			}
		]
	},
	"plane_acceleration_20a": {
		"sounds": [
			{
				"name": "mtr:plane/acceleration/speed_20a",
				"pitch": 1,
				"attenuation_distance": 32
			}
		]
	},
	"plane_acceleration_21a": {
		"sounds": [
			{
				"name": "mtr:plane/acceleration/speed_21a",
				"pitch": 1,
				"attenuation_distance": 32
			}
		]
	},
	"plane_acceleration_22a": {
		"sounds": [
			{
				"name": "mtr:plane/acceleration/speed_22a",
				"pitch": 1,
				"attenuation_distance": 32
			}
		]
	},
	"plane_acceleration_23a": {
		"sounds": [
			{
				"name": "mtr:plane/acceleration/speed_23a",
				"pitch": 1,
				"attenuation_distance": 32
			}
		]
	},
	"plane_acceleration_24a": {
		"sounds": [
			{
				"name": "mtr:plane/acceleration/speed_24a",
				"pitch": 1,
				"attenuation_distance": 32
			}
		]
	},
	"plane_acceleration_25a": {
		"sounds": [
			{
				"name": "mtr:plane/acceleration/speed_25a",
				"pitch": 1,
				"attenuation_distance": 32
			}
		]
	},
	"plane_acceleration_26a": {
		"sounds": [
			{
				"name": "mtr:plane/acceleration/speed_26a",
				"pitch": 1,
				"attenuation_distance": 32
			}
		]
	},
	"plane_acceleration_27a": {
		"sounds": [
			{
				"name": "mtr:plane/acceleration/speed_27a",
				"pitch": 1,
				"attenuation_distance": 32
			}
		]
	},
	"plane_acceleration_28a": {
		"sounds": [
			{
				"name": "mtr:plane/acceleration/speed_28a",
				"pitch": 1,
				"attenuation_distance": 32
			}
		]
	},
	"plane_acceleration_29a": {
		"sounds": [
			{
				"name": "mtr:plane/acceleration/speed_29a",
				"pitch": 1,
				"attenuation_distance": 32
			}
		]
	},
	"plane_acceleration_30a": {
		"sounds": [
			{
				"name": "mtr:plane/acceleration/speed_30a",
				"pitch": 1,
				"attenuation_distance": 32
			}
		]
	},
	"plane_acceleration_31a": {
		"sounds": [
			{
				"name": "mtr:plane/acceleration/speed_31a",
				"pitch": 1,
				"attenuation_distance": 32
			}
		]
	},
	"plane_acceleration_32a": {
		"sounds": [
			{
				"name": "mtr:plane/acceleration/speed_32a",
				"pitch": 1,
				"attenuation_distance": 32
			}
		]
	},
	"plane_acceleration_33a": {
		"sounds": [
			{
				"name": "mtr:plane/acceleration/speed_33a",
				"pitch": 1,
				"attenuation_distance": 32
			}
		]
	},
	"plane_acceleration_34a": {
		"sounds": [
			{
				"name": "mtr:plane/acceleration/speed_34a",
				"pitch": 1,
				"attenuation_distance": 32
			}
		]
	},
	"plane_acceleration_35a": {
		"sounds": [
			{
				"name": "mtr:plane/acceleration/speed_35a",
				"pitch": 1,
				"attenuation_distance": 32
			}
		]
	},
	"plane_acceleration_36a": {
		"sounds": [
			{
				"name": "mtr:plane/acceleration/speed_36a",
				"pitch": 1,
				"attenuation_distance": 32
			}
		]
	},
	"plane_acceleration_37a": {
		"sounds": [
			{
				"name": "mtr:plane/acceleration/speed_37a",
				"pitch": 1,
				"attenuation_distance": 32
			}
		]
	},
	"plane_acceleration_38a": {
		"sounds": [
			{
				"name": "mtr:plane/acceleration/speed_38a",
				"pitch": 1,
				"attenuation_distance": 32
			}
		]
	},
	"plane_acceleration_39a": {
		"sounds": [
			{
				"name": "mtr:plane/acceleration/speed_39a",
				"pitch": 1,
				"attenuation_distance": 32
			}
		]
	},
	"plane_acceleration_0b": {
		"sounds": [
			{
				"name": "mtr:plane/acceleration/speed_0b",
				"pitch": 1,
				"attenuation_distance": 32
			}
		]
	},
	"plane_acceleration_1b": {
		"sounds": [
			{
				"name": "mtr:plane/acceleration/speed_1b",
				"pitch": 1,
				"attenuation_distance": 32
			}
		]
	},
	"plane_acceleration_2b": {
		"sounds": [
			{
				"name": "mtr:plane/acceleration/speed_2b",
				"pitch": 1,
				"attenuation_distance": 32
			}
		]
	},
	"plane_acceleration_3b": {
		"sounds": [
			{
				"name": "mtr:plane/acceleration/speed_3b",
				"pitch": 1,
				"attenuation_distance": 32
			}
		]
	},
	"plane_acceleration_4b": {
		"sounds": [
			{
				"name": "mtr:plane/acceleration/speed_4b",
				"pitch": 1,
				"attenuation_distance": 32
			}
		]
	},
	"plane_acceleration_5b": {
		"sounds": [
			{
				"name": "mtr:plane/acceleration/speed_5b",
				"pitch": 1,
				"attenuation_distance": 32
			}
		]
	},
	"plane_acceleration_6b": {
		"sounds": [
			{
				"name": "mtr:plane/acceleration/speed_6b",
				"pitch": 1,
				"attenuation_distance": 32
			}
		]
	},
	"plane_acceleration_7b": {
		"sounds": [
			{
				"name": "mtr:plane/acceleration/speed_7b",
				"pitch": 1,
				"attenuation_distance": 32
			}
		]
	},
	"plane_acceleration_8b": {
		"sounds": [
			{
				"name": "mtr:plane/acceleration/speed_8b",
				"pitch": 1,
				"attenuation_distance": 32
			}
		]
	},
	"plane_acceleration_9b": {
		"sounds": [
			{
				"name": "mtr:plane/acceleration/speed_9b",
				"pitch": 1,
				"attenuation_distance": 32
			}
		]
	},
	"plane_acceleration_10b": {
		"sounds": [
			{
				"name": "mtr:plane/acceleration/speed_10b",
				"pitch": 1,
				"attenuation_distance": 32
			}
		]
	},
	"plane_acceleration_11b": {
		"sounds": [
			{
				"name": "mtr:plane/acceleration/speed_11b",
				"pitch": 1,
				"attenuation_distance": 32
			}
		]
	},
	"plane_acceleration_12b": {
		"sounds": [
			{
				"name": "mtr:plane/acceleration/speed_12b",
				"pitch": 1,
				"attenuation_distance": 32
			}
		]
	},
	"plane_acceleration_13b": {
		"sounds": [
			{
				"name": "mtr:plane/acceleration/speed_13b",
				"pitch": 1,
				"attenuation_distance": 32
			}
		]
	},
	"plane_acceleration_14b": {
		"sounds": [
			{
				"name": "mtr:plane/acceleration/speed_14b",
				"pitch": 1,
				"attenuation_distance": 32
			}
		]
	},
	"plane_acceleration_15b": {
		"sounds": [
			{
				"name": "mtr:plane/acceleration/speed_15b",
				"pitch": 1,
				"attenuation_distance": 32
			}
		]
	},
	"plane_acceleration_16b": {
		"sounds": [
			{
				"name": "mtr:plane/acceleration/speed_16b",
				"pitch": 1,
				"attenuation_distance": 32
			}
		]
	},
	"plane_acceleration_17b": {
		"sounds": [
			{
				"name": "mtr:plane/acceleration/speed_17b",
				"pitch": 1,
				"attenuation_distance": 32
			}
		]
	},
	"plane_acceleration_18b": {
		"sounds": [
			{
				"name": "mtr:plane/acceleration/speed_18b",
				"pitch": 1,
				"attenuation_distance": 32
			}
		]
	},
	"plane_acceleration_19b": {
		"sounds": [
			{
				"name": "mtr:plane/acceleration/speed_19b",
				"pitch": 1,
				"attenuation_distance": 32
			}
		]
	},
	"plane_acceleration_20b": {
		"sounds": [
			{
				"name": "mtr:plane/acceleration/speed_20b",
				"pitch": 1,
				"attenuation_distance": 32
			}
		]
	},
	"plane_acceleration_21b": {
		"sounds": [
			{
				"name": "mtr:plane/acceleration/speed_21b",
				"pitch": 1,
				"attenuation_distance": 32
			}
		]
	},
	"plane_acceleration_22b": {
		"sounds": [
			{
				"name": "mtr:plane/acceleration/speed_22b",
				"pitch": 1,
				"attenuation_distance": 32
			}
		]
	},
	"plane_acceleration_23b": {
		"sounds": [
			{
				"name": "mtr:plane/acceleration/speed_23b",
				"pitch": 1,
				"attenuation_distance": 32
			}
		]
	},
	"plane_acceleration_24b": {
		"sounds": [
			{
				"name": "mtr:plane/acceleration/speed_24b",
				"pitch": 1,
				"attenuation_distance": 32
			}
		]
	},
	"plane_acceleration_25b": {
		"sounds": [
			{
				"name": "mtr:plane/acceleration/speed_25b",
				"pitch": 1,
				"attenuation_distance": 32
			}
		]
	},
	"plane_acceleration_26b": {
		"sounds": [
			{
				"name": "mtr:plane/acceleration/speed_26b",
				"pitch": 1,
				"attenuation_distance": 32
			}
		]
	},
	"plane_acceleration_27b": {
		"sounds": [
			{
				"name": "mtr:plane/acceleration/speed_27b",
				"pitch": 1,
				"attenuation_distance": 32
			}
		]
	},
	"plane_acceleration_28b": {
		"sounds": [
			{
				"name": "mtr:plane/acceleration/speed_28b",
				"pitch": 1,
				"attenuation_distance": 32
			}
		]
	},
	"plane_acceleration_29b": {
		"sounds": [
			{
				"name": "mtr:plane/acceleration/speed_29b",
				"pitch": 1,
				"attenuation_distance": 32
			}
		]
	},
	"plane_acceleration_30b": {
		"sounds": [
			{
				"name": "mtr:plane/acceleration/speed_30b",
				"pitch": 1,
				"attenuation_distance": 32
			}
		]
	},
	"plane_acceleration_31b": {
		"sounds": [
			{
				"name": "mtr:plane/acceleration/speed_31b",
				"pitch": 1,
				"attenuation_distance": 32
			}
		]
	},
	"plane_acceleration_32b": {
		"sounds": [
			{
				"name": "mtr:plane/acceleration/speed_32b",
				"pitch": 1,
				"attenuation_distance": 32
			}
		]
	},
	"plane_acceleration_33b": {
		"sounds": [
			{
				"name": "mtr:plane/acceleration/speed_33b",
				"pitch": 1,
				"attenuation_distance": 32
			}
		]
	},
	"plane_acceleration_34b": {
		"sounds": [
			{
				"name": "mtr:plane/acceleration/speed_34b",
				"pitch": 1,
				"attenuation_distance": 32
			}
		]
	},
	"plane_acceleration_35b": {
		"sounds": [
			{
				"name": "mtr:plane/acceleration/speed_35b",
				"pitch": 1,
				"attenuation_distance": 32
			}
		]
	},
	"plane_acceleration_36b": {
		"sounds": [
			{
				"name": "mtr:plane/acceleration/speed_36b",
				"pitch": 1,
				"attenuation_distance": 32
			}
		]
	},
	"plane_acceleration_37b": {
		"sounds": [
			{
				"name": "mtr:plane/acceleration/speed_37b",
				"pitch": 1,
				"attenuation_distance": 32
			}
		]
	},
	"plane_acceleration_38b": {
		"sounds": [
			{
				"name": "mtr:plane/acceleration/speed_38b",
				"pitch": 1,
				"attenuation_distance": 32
			}
		]
	},
	"plane_acceleration_39b": {
		"sounds": [
			{
				"name": "mtr:plane/acceleration/speed_39b",
				"pitch": 1,
				"attenuation_distance": 32
			}
		]
	},
	"plane_acceleration_0c": {
		"sounds": [
			{
				"name": "mtr:plane/acceleration/speed_0c",
				"pitch": 1,
				"attenuation_distance": 32
			}
		]
	},
	"plane_acceleration_1c": {
		"sounds": [
			{
				"name": "mtr:plane/acceleration/speed_1c",
				"pitch": 1,
				"attenuation_distance": 32
			}
		]
	},
	"plane_acceleration_2c": {
		"sounds": [
			{
				"name": "mtr:plane/acceleration/speed_2c",
				"pitch": 1,
				"attenuation_distance": 32
			}
		]
	},
	"plane_acceleration_3c": {
		"sounds": [
			{
				"name": "mtr:plane/acceleration/speed_3c",
				"pitch": 1,
				"attenuation_distance": 32
			}
		]
	},
	"plane_acceleration_4c": {
		"sounds": [
			{
				"name": "mtr:plane/acceleration/speed_4c",
				"pitch": 1,
				"attenuation_distance": 32
			}
		]
	},
	"plane_acceleration_5c": {
		"sounds": [
			{
				"name": "mtr:plane/acceleration/speed_5c",
				"pitch": 1,
				"attenuation_distance": 32
			}
		]
	},
	"plane_acceleration_6c": {
		"sounds": [
			{
				"name": "mtr:plane/acceleration/speed_6c",
				"pitch": 1,
				"attenuation_distance": 32
			}
		]
	},
	"plane_acceleration_7c": {
		"sounds": [
			{
				"name": "mtr:plane/acceleration/speed_7c",
				"pitch": 1,
				"attenuation_distance": 32
			}
		]
	},
	"plane_acceleration_8c": {
		"sounds": [
			{
				"name": "mtr:plane/acceleration/speed_8c",
				"pitch": 1,
				"attenuation_distance": 32
			}
		]
	},
	"plane_acceleration_9c": {
		"sounds": [
			{
				"name": "mtr:plane/acceleration/speed_9c",
				"pitch": 1,
				"attenuation_distance": 32
			}
		]
	},
	"plane_acceleration_10c": {
		"sounds": [
			{
				"name": "mtr:plane/acceleration/speed_10c",
				"pitch": 1,
				"attenuation_distance": 32
			}
		]
	},
	"plane_acceleration_11c": {
		"sounds": [
			{
				"name": "mtr:plane/acceleration/speed_11c",
				"pitch": 1,
				"attenuation_distance": 32
			}
		]
	},
	"plane_acceleration_12c": {
		"sounds": [
			{
				"name": "mtr:plane/acceleration/speed_12c",
				"pitch": 1,
				"attenuation_distance": 32
			}
		]
	},
	"plane_acceleration_13c": {
		"sounds": [
			{
				"name": "mtr:plane/acceleration/speed_13c",
				"pitch": 1,
				"attenuation_distance": 32
			}
		]
	},
	"plane_acceleration_14c": {
		"sounds": [
			{
				"name": "mtr:plane/acceleration/speed_14c",
				"pitch": 1,
				"attenuation_distance": 32
			}
		]
	},
	"plane_acceleration_15c": {
		"sounds": [
			{
				"name": "mtr:plane/acceleration/speed_15c",
				"pitch": 1,
				"attenuation_distance": 32
			}
		]
	},
	"plane_acceleration_16c": {
		"sounds": [
			{
				"name": "mtr:plane/acceleration/speed_16c",
				"pitch": 1,
				"attenuation_distance": 32
			}
		]
	},
	"plane_acceleration_17c": {
		"sounds": [
			{
				"name": "mtr:plane/acceleration/speed_17c",
				"pitch": 1,
				"attenuation_distance": 32
			}
		]
	},
	"plane_acceleration_18c": {
		"sounds": [
			{
				"name": "mtr:plane/acceleration/speed_18c",
				"pitch": 1,
				"attenuation_distance": 32
			}
		]
	},
	"plane_acceleration_19c": {
		"sounds": [
			{
				"name": "mtr:plane/acceleration/speed_19c",
				"pitch": 1,
				"attenuation_distance": 32
			}
		]
	},
	"plane_acceleration_20c": {
		"sounds": [
			{
				"name": "mtr:plane/acceleration/speed_20c",
				"pitch": 1,
				"attenuation_distance": 32
			}
		]
	},
	"plane_acceleration_21c": {
		"sounds": [
			{
				"name": "mtr:plane/acceleration/speed_21c",
				"pitch": 1,
				"attenuation_distance": 32
			}
		]
	},
	"plane_acceleration_22c": {
		"sounds": [
			{
				"name": "mtr:plane/acceleration/speed_22c",
				"pitch": 1,
				"attenuation_distance": 32
			}
		]
	},
	"plane_acceleration_23c": {
		"sounds": [
			{
				"name": "mtr:plane/acceleration/speed_23c",
				"pitch": 1,
				"attenuation_distance": 32
			}
		]
	},
	"plane_acceleration_24c": {
		"sounds": [
			{
				"name": "mtr:plane/acceleration/speed_24c",
				"pitch": 1,
				"attenuation_distance": 32
			}
		]
	},
	"plane_acceleration_25c": {
		"sounds": [
			{
				"name": "mtr:plane/acceleration/speed_25c",
				"pitch": 1,
				"attenuation_distance": 32
			}
		]
	},
	"plane_acceleration_26c": {
		"sounds": [
			{
				"name": "mtr:plane/acceleration/speed_26c",
				"pitch": 1,
				"attenuation_distance": 32
			}
		]
	},
	"plane_acceleration_27c": {
		"sounds": [
			{
				"name": "mtr:plane/acceleration/speed_27c",
				"pitch": 1,
				"attenuation_distance": 32
			}
		]
	},
	"plane_acceleration_28c": {
		"sounds": [
			{
				"name": "mtr:plane/acceleration/speed_28c",
				"pitch": 1,
				"attenuation_distance": 32
			}
		]
	},
	"plane_acceleration_29c": {
		"sounds": [
			{
				"name": "mtr:plane/acceleration/speed_29c",
				"pitch": 1,
				"attenuation_distance": 32
			}
		]
	},
	"plane_acceleration_30c": {
		"sounds": [
			{
				"name": "mtr:plane/acceleration/speed_30c",
				"pitch": 1,
				"attenuation_distance": 32
			}
		]
	},
	"plane_acceleration_31c": {
		"sounds": [
			{
				"name": "mtr:plane/acceleration/speed_31c",
				"pitch": 1,
				"attenuation_distance": 32
			}
		]
	},
	"plane_acceleration_32c": {
		"sounds": [
			{
				"name": "mtr:plane/acceleration/speed_32c",
				"pitch": 1,
				"attenuation_distance": 32
			}
		]
	},
	"plane_acceleration_33c": {
		"sounds": [
			{
				"name": "mtr:plane/acceleration/speed_33c",
				"pitch": 1,
				"attenuation_distance": 32
			}
		]
	},
	"plane_acceleration_34c": {
		"sounds": [
			{
				"name": "mtr:plane/acceleration/speed_34c",
				"pitch": 1,
				"attenuation_distance": 32
			}
		]
	},
	"plane_acceleration_35c": {
		"sounds": [
			{
				"name": "mtr:plane/acceleration/speed_35c",
				"pitch": 1,
				"attenuation_distance": 32
			}
		]
	},
	"plane_acceleration_36c": {
		"sounds": [
			{
				"name": "mtr:plane/acceleration/speed_36c",
				"pitch": 1,
				"attenuation_distance": 32
			}
		]
	},
	"plane_acceleration_37c": {
		"sounds": [
			{
				"name": "mtr:plane/acceleration/speed_37c",
				"pitch": 1,
				"attenuation_distance": 32
			}
		]
	},
	"plane_acceleration_38c": {
		"sounds": [
			{
				"name": "mtr:plane/acceleration/speed_38c",
				"pitch": 1,
				"attenuation_distance": 32
			}
		]
	},
	"plane_acceleration_39c": {
		"sounds": [
			{
				"name": "mtr:plane/acceleration/speed_39c",
				"pitch": 1,
				"attenuation_distance": 32
			}
		]
	},
	"plane_deceleration_0a": {
		"sounds": [
			{
				"name": "mtr:plane/deceleration/speed_0a",
				"pitch": 1,
				"attenuation_distance": 32
			}
		]
	},
	"plane_deceleration_1a": {
		"sounds": [
			{
				"name": "mtr:plane/deceleration/speed_1a",
				"pitch": 1,
				"attenuation_distance": 32
			}
		]
	},
	"plane_deceleration_2a": {
		"sounds": [
			{
				"name": "mtr:plane/deceleration/speed_2a",
				"pitch": 1,
				"attenuation_distance": 32
			}
		]
	},
	"plane_deceleration_3a": {
		"sounds": [
			{
				"name": "mtr:plane/deceleration/speed_3a",
				"pitch": 1,
				"attenuation_distance": 32
			}
		]
	},
	"plane_deceleration_4a": {
		"sounds": [
			{
				"name": "mtr:plane/deceleration/speed_4a",
				"pitch": 1,
				"attenuation_distance": 32
			}
		]
	},
	"plane_deceleration_5a": {
		"sounds": [
			{
				"name": "mtr:plane/deceleration/speed_5a",
				"pitch": 1,
				"attenuation_distance": 32
			}
		]
	},
	"plane_deceleration_6a": {
		"sounds": [
			{
				"name": "mtr:plane/deceleration/speed_6a",
				"pitch": 1,
				"attenuation_distance": 32
			}
		]
	},
	"plane_deceleration_7a": {
		"sounds": [
			{
				"name": "mtr:plane/deceleration/speed_7a",
				"pitch": 1,
				"attenuation_distance": 32
			}
		]
	},
	"plane_deceleration_8a": {
		"sounds": [
			{
				"name": "mtr:plane/deceleration/speed_8a",
				"pitch": 1,
				"attenuation_distance": 32
			}
		]
	},
	"plane_deceleration_9a": {
		"sounds": [
			{
				"name": "mtr:plane/deceleration/speed_9a",
				"pitch": 1,
				"attenuation_distance": 32
			}
		]
	},
	"plane_deceleration_10a": {
		"sounds": [
			{
				"name": "mtr:plane/deceleration/speed_10a",
				"pitch": 1,
				"attenuation_distance": 32
			}
		]
	},
	"plane_deceleration_11a": {
		"sounds": [
			{
				"name": "mtr:plane/deceleration/speed_11a",
				"pitch": 1,
				"attenuation_distance": 32
			}
		]
	},
	"plane_deceleration_12a": {
		"sounds": [
			{
				"name": "mtr:plane/deceleration/speed_12a",
				"pitch": 1,
				"attenuation_distance": 32
			}
		]
	},
	"plane_deceleration_13a": {
		"sounds": [
			{
				"name": "mtr:plane/deceleration/speed_13a",
				"pitch": 1,
				"attenuation_distance": 32
			}
		]
	},
	"plane_deceleration_14a": {
		"sounds": [
			{
				"name": "mtr:plane/deceleration/speed_14a",
				"pitch": 1,
				"attenuation_distance": 32
			}
		]
	},
	"plane_deceleration_15a": {
		"sounds": [
			{
				"name": "mtr:plane/deceleration/speed_15a",
				"pitch": 1,
				"attenuation_distance": 32
			}
		]
	},
	"plane_deceleration_16a": {
		"sounds": [
			{
				"name": "mtr:plane/deceleration/speed_16a",
				"pitch": 1,
				"attenuation_distance": 32
			}
		]
	},
	"plane_deceleration_17a": {
		"sounds": [
			{
				"name": "mtr:plane/deceleration/speed_17a",
				"pitch": 1,
				"attenuation_distance": 32
			}
		]
	},
	"plane_deceleration_18a": {
		"sounds": [
			{
				"name": "mtr:plane/deceleration/speed_18a",
				"pitch": 1,
				"attenuation_distance": 32
			}
		]
	},
	"plane_deceleration_19a": {
		"sounds": [
			{
				"name": "mtr:plane/deceleration/speed_19a",
				"pitch": 1,
				"attenuation_distance": 32
			}
		]
	},
	"plane_deceleration_20a": {
		"sounds": [
			{
				"name": "mtr:plane/deceleration/speed_20a",
				"pitch": 1,
				"attenuation_distance": 32
			}
		]
	},
	"plane_deceleration_21a": {
		"sounds": [
			{
				"name": "mtr:plane/deceleration/speed_21a",
				"pitch": 1,
				"attenuation_distance": 32
			}
		]
	},
	"plane_deceleration_22a": {
		"sounds": [
			{
				"name": "mtr:plane/deceleration/speed_22a",
				"pitch": 1,
				"attenuation_distance": 32
			}
		]
	},
	"plane_deceleration_23a": {
		"sounds": [
			{
				"name": "mtr:plane/deceleration/speed_23a",
				"pitch": 1,
				"attenuation_distance": 32
			}
		]
	},
	"plane_deceleration_24a": {
		"sounds": [
			{
				"name": "mtr:plane/deceleration/speed_24a",
				"pitch": 1,
				"attenuation_distance": 32
			}
		]
	},
	"plane_deceleration_25a": {
		"sounds": [
			{
				"name": "mtr:plane/deceleration/speed_25a",
				"pitch": 1,
				"attenuation_distance": 32
			}
		]
	},
	"plane_deceleration_26a": {
		"sounds": [
			{
				"name": "mtr:plane/deceleration/speed_26a",
				"pitch": 1,
				"attenuation_distance": 32
			}
		]
	},
	"plane_deceleration_27a": {
		"sounds": [
			{
				"name": "mtr:plane/deceleration/speed_27a",
				"pitch": 1,
				"attenuation_distance": 32
			}
		]
	},
	"plane_deceleration_28a": {
		"sounds": [
			{
				"name": "mtr:plane/deceleration/speed_28a",
				"pitch": 1,
				"attenuation_distance": 32
			}
		]
	},
	"plane_deceleration_29a": {
		"sounds": [
			{
				"name": "mtr:plane/deceleration/speed_29a",
				"pitch": 1,
				"attenuation_distance": 32
			}
		]
	},
	"plane_deceleration_30a": {
		"sounds": [
			{
				"name": "mtr:plane/deceleration/speed_30a",
				"pitch": 1,
				"attenuation_distance": 32
			}
		]
	},
	"plane_deceleration_31a": {
		"sounds": [
			{
				"name": "mtr:plane/deceleration/speed_31a",
				"pitch": 1,
				"attenuation_distance": 32
			}
		]
	},
	"plane_deceleration_32a": {
		"sounds": [
			{
				"name": "mtr:plane/deceleration/speed_32a",
				"pitch": 1,
				"attenuation_distance": 32
			}
		]
	},
	"plane_deceleration_33a": {
		"sounds": [
			{
				"name": "mtr:plane/deceleration/speed_33a",
				"pitch": 1,
				"attenuation_distance": 32
			}
		]
	},
	"plane_deceleration_34a": {
		"sounds": [
			{
				"name": "mtr:plane/deceleration/speed_34a",
				"pitch": 1,
				"attenuation_distance": 32
			}
		]
	},
	"plane_deceleration_35a": {
		"sounds": [
			{
				"name": "mtr:plane/deceleration/speed_35a",
				"pitch": 1,
				"attenuation_distance": 32
			}
		]
	},
	"plane_deceleration_36a": {
		"sounds": [
			{
				"name": "mtr:plane/deceleration/speed_36a",
				"pitch": 1,
				"attenuation_distance": 32
			}
		]
	},
	"plane_deceleration_37a": {
		"sounds": [
			{
				"name": "mtr:plane/deceleration/speed_37a",
				"pitch": 1,
				"attenuation_distance": 32
			}
		]
	},
	"plane_deceleration_38a": {
		"sounds": [
			{
				"name": "mtr:plane/deceleration/speed_38a",
				"pitch": 1,
				"attenuation_distance": 32
			}
		]
	},
	"plane_deceleration_39a": {
		"sounds": [
			{
				"name": "mtr:plane/deceleration/speed_39a",
				"pitch": 1,
				"attenuation_distance": 32
			}
		]
	},
	"plane_deceleration_0b": {
		"sounds": [
			{
				"name": "mtr:plane/deceleration/speed_0b",
				"pitch": 1,
				"attenuation_distance": 32
			}
		]
	},
	"plane_deceleration_1b": {
		"sounds": [
			{
				"name": "mtr:plane/deceleration/speed_1b",
				"pitch": 1,
				"attenuation_distance": 32
			}
		]
	},
	"plane_deceleration_2b": {
		"sounds": [
			{
				"name": "mtr:plane/deceleration/speed_2b",
				"pitch": 1,
				"attenuation_distance": 32
			}
		]
	},
	"plane_deceleration_3b": {
		"sounds": [
			{
				"name": "mtr:plane/deceleration/speed_3b",
				"pitch": 1,
				"attenuation_distance": 32
			}
		]
	},
	"plane_deceleration_4b": {
		"sounds": [
			{
				"name": "mtr:plane/deceleration/speed_4b",
				"pitch": 1,
				"attenuation_distance": 32
			}
		]
	},
	"plane_deceleration_5b": {
		"sounds": [
			{
				"name": "mtr:plane/deceleration/speed_5b",
				"pitch": 1,
				"attenuation_distance": 32
			}
		]
	},
	"plane_deceleration_6b": {
		"sounds": [
			{
				"name": "mtr:plane/deceleration/speed_6b",
				"pitch": 1,
				"attenuation_distance": 32
			}
		]
	},
	"plane_deceleration_7b": {
		"sounds": [
			{
				"name": "mtr:plane/deceleration/speed_7b",
				"pitch": 1,
				"attenuation_distance": 32
			}
		]
	},
	"plane_deceleration_8b": {
		"sounds": [
			{
				"name": "mtr:plane/deceleration/speed_8b",
				"pitch": 1,
				"attenuation_distance": 32
			}
		]
	},
	"plane_deceleration_9b": {
		"sounds": [
			{
				"name": "mtr:plane/deceleration/speed_9b",
				"pitch": 1,
				"attenuation_distance": 32
			}
		]
	},
	"plane_deceleration_10b": {
		"sounds": [
			{
				"name": "mtr:plane/deceleration/speed_10b",
				"pitch": 1,
				"attenuation_distance": 32
			}
		]
	},
	"plane_deceleration_11b": {
		"sounds": [
			{
				"name": "mtr:plane/deceleration/speed_11b",
				"pitch": 1,
				"attenuation_distance": 32
			}
		]
	},
	"plane_deceleration_12b": {
		"sounds": [
			{
				"name": "mtr:plane/deceleration/speed_12b",
				"pitch": 1,
				"attenuation_distance": 32
			}
		]
	},
	"plane_deceleration_13b": {
		"sounds": [
			{
				"name": "mtr:plane/deceleration/speed_13b",
				"pitch": 1,
				"attenuation_distance": 32
			}
		]
	},
	"plane_deceleration_14b": {
		"sounds": [
			{
				"name": "mtr:plane/deceleration/speed_14b",
				"pitch": 1,
				"attenuation_distance": 32
			}
		]
	},
	"plane_deceleration_15b": {
		"sounds": [
			{
				"name": "mtr:plane/deceleration/speed_15b",
				"pitch": 1,
				"attenuation_distance": 32
			}
		]
	},
	"plane_deceleration_16b": {
		"sounds": [
			{
				"name": "mtr:plane/deceleration/speed_16b",
				"pitch": 1,
				"attenuation_distance": 32
			}
		]
	},
	"plane_deceleration_17b": {
		"sounds": [
			{
				"name": "mtr:plane/deceleration/speed_17b",
				"pitch": 1,
				"attenuation_distance": 32
			}
		]
	},
	"plane_deceleration_18b": {
		"sounds": [
			{
				"name": "mtr:plane/deceleration/speed_18b",
				"pitch": 1,
				"attenuation_distance": 32
			}
		]
	},
	"plane_deceleration_19b": {
		"sounds": [
			{
				"name": "mtr:plane/deceleration/speed_19b",
				"pitch": 1,
				"attenuation_distance": 32
			}
		]
	},
	"plane_deceleration_20b": {
		"sounds": [
			{
				"name": "mtr:plane/deceleration/speed_20b",
				"pitch": 1,
				"attenuation_distance": 32
			}
		]
	},
	"plane_deceleration_21b": {
		"sounds": [
			{
				"name": "mtr:plane/deceleration/speed_21b",
				"pitch": 1,
				"attenuation_distance": 32
			}
		]
	},
	"plane_deceleration_22b": {
		"sounds": [
			{
				"name": "mtr:plane/deceleration/speed_22b",
				"pitch": 1,
				"attenuation_distance": 32
			}
		]
	},
	"plane_deceleration_23b": {
		"sounds": [
			{
				"name": "mtr:plane/deceleration/speed_23b",
				"pitch": 1,
				"attenuation_distance": 32
			}
		]
	},
	"plane_deceleration_24b": {
		"sounds": [
			{
				"name": "mtr:plane/deceleration/speed_24b",
				"pitch": 1,
				"attenuation_distance": 32
			}
		]
	},
	"plane_deceleration_25b": {
		"sounds": [
			{
				"name": "mtr:plane/deceleration/speed_25b",
				"pitch": 1,
				"attenuation_distance": 32
			}
		]
	},
	"plane_deceleration_26b": {
		"sounds": [
			{
				"name": "mtr:plane/deceleration/speed_26b",
				"pitch": 1,
				"attenuation_distance": 32
			}
		]
	},
	"plane_deceleration_27b": {
		"sounds": [
			{
				"name": "mtr:plane/deceleration/speed_27b",
				"pitch": 1,
				"attenuation_distance": 32
			}
		]
	},
	"plane_deceleration_28b": {
		"sounds": [
			{
				"name": "mtr:plane/deceleration/speed_28b",
				"pitch": 1,
				"attenuation_distance": 32
			}
		]
	},
	"plane_deceleration_29b": {
		"sounds": [
			{
				"name": "mtr:plane/deceleration/speed_29b",
				"pitch": 1,
				"attenuation_distance": 32
			}
		]
	},
	"plane_deceleration_30b": {
		"sounds": [
			{
				"name": "mtr:plane/deceleration/speed_30b",
				"pitch": 1,
				"attenuation_distance": 32
			}
		]
	},
	"plane_deceleration_31b": {
		"sounds": [
			{
				"name": "mtr:plane/deceleration/speed_31b",
				"pitch": 1,
				"attenuation_distance": 32
			}
		]
	},
	"plane_deceleration_32b": {
		"sounds": [
			{
				"name": "mtr:plane/deceleration/speed_32b",
				"pitch": 1,
				"attenuation_distance": 32
			}
		]
	},
	"plane_deceleration_33b": {
		"sounds": [
			{
				"name": "mtr:plane/deceleration/speed_33b",
				"pitch": 1,
				"attenuation_distance": 32
			}
		]
	},
	"plane_deceleration_34b": {
		"sounds": [
			{
				"name": "mtr:plane/deceleration/speed_34b",
				"pitch": 1,
				"attenuation_distance": 32
			}
		]
	},
	"plane_deceleration_35b": {
		"sounds": [
			{
				"name": "mtr:plane/deceleration/speed_35b",
				"pitch": 1,
				"attenuation_distance": 32
			}
		]
	},
	"plane_deceleration_36b": {
		"sounds": [
			{
				"name": "mtr:plane/deceleration/speed_36b",
				"pitch": 1,
				"attenuation_distance": 32
			}
		]
	},
	"plane_deceleration_37b": {
		"sounds": [
			{
				"name": "mtr:plane/deceleration/speed_37b",
				"pitch": 1,
				"attenuation_distance": 32
			}
		]
	},
	"plane_deceleration_38b": {
		"sounds": [
			{
				"name": "mtr:plane/deceleration/speed_38b",
				"pitch": 1,
				"attenuation_distance": 32
			}
		]
	},
	"plane_deceleration_39b": {
		"sounds": [
			{
				"name": "mtr:plane/deceleration/speed_39b",
				"pitch": 1,
				"attenuation_distance": 32
			}
		]
	},
	"plane_deceleration_0c": {
		"sounds": [
			{
				"name": "mtr:plane/deceleration/speed_0c",
				"pitch": 1,
				"attenuation_distance": 32
			}
		]
	},
	"plane_deceleration_1c": {
		"sounds": [
			{
				"name": "mtr:plane/deceleration/speed_1c",
				"pitch": 1,
				"attenuation_distance": 32
			}
		]
	},
	"plane_deceleration_2c": {
		"sounds": [
			{
				"name": "mtr:plane/deceleration/speed_2c",
				"pitch": 1,
				"attenuation_distance": 32
			}
		]
	},
	"plane_deceleration_3c": {
		"sounds": [
			{
				"name": "mtr:plane/deceleration/speed_3c",
				"pitch": 1,
				"attenuation_distance": 32
			}
		]
	},
	"plane_deceleration_4c": {
		"sounds": [
			{
				"name": "mtr:plane/deceleration/speed_4c",
				"pitch": 1,
				"attenuation_distance": 32
			}
		]
	},
	"plane_deceleration_5c": {
		"sounds": [
			{
				"name": "mtr:plane/deceleration/speed_5c",
				"pitch": 1,
				"attenuation_distance": 32
			}
		]
	},
	"plane_deceleration_6c": {
		"sounds": [
			{
				"name": "mtr:plane/deceleration/speed_6c",
				"pitch": 1,
				"attenuation_distance": 32
			}
		]
	},
	"plane_deceleration_7c": {
		"sounds": [
			{
				"name": "mtr:plane/deceleration/speed_7c",
				"pitch": 1,
				"attenuation_distance": 32
			}
		]
	},
	"plane_deceleration_8c": {
		"sounds": [
			{
				"name": "mtr:plane/deceleration/speed_8c",
				"pitch": 1,
				"attenuation_distance": 32
			}
		]
	},
	"plane_deceleration_9c": {
		"sounds": [
			{
				"name": "mtr:plane/deceleration/speed_9c",
				"pitch": 1,
				"attenuation_distance": 32
			}
		]
	},
	"plane_deceleration_10c": {
		"sounds": [
			{
				"name": "mtr:plane/deceleration/speed_10c",
				"pitch": 1,
				"attenuation_distance": 32
			}
		]
	},
	"plane_deceleration_11c": {
		"sounds": [
			{
				"name": "mtr:plane/deceleration/speed_11c",
				"pitch": 1,
				"attenuation_distance": 32
			}
		]
	},
	"plane_deceleration_12c": {
		"sounds": [
			{
				"name": "mtr:plane/deceleration/speed_12c",
				"pitch": 1,
				"attenuation_distance": 32
			}
		]
	},
	"plane_deceleration_13c": {
		"sounds": [
			{
				"name": "mtr:plane/deceleration/speed_13c",
				"pitch": 1,
				"attenuation_distance": 32
			}
		]
	},
	"plane_deceleration_14c": {
		"sounds": [
			{
				"name": "mtr:plane/deceleration/speed_14c",
				"pitch": 1,
				"attenuation_distance": 32
			}
		]
	},
	"plane_deceleration_15c": {
		"sounds": [
			{
				"name": "mtr:plane/deceleration/speed_15c",
				"pitch": 1,
				"attenuation_distance": 32
			}
		]
	},
	"plane_deceleration_16c": {
		"sounds": [
			{
				"name": "mtr:plane/deceleration/speed_16c",
				"pitch": 1,
				"attenuation_distance": 32
			}
		]
	},
	"plane_deceleration_17c": {
		"sounds": [
			{
				"name": "mtr:plane/deceleration/speed_17c",
				"pitch": 1,
				"attenuation_distance": 32
			}
		]
	},
	"plane_deceleration_18c": {
		"sounds": [
			{
				"name": "mtr:plane/deceleration/speed_18c",
				"pitch": 1,
				"attenuation_distance": 32
			}
		]
	},
	"plane_deceleration_19c": {
		"sounds": [
			{
				"name": "mtr:plane/deceleration/speed_19c",
				"pitch": 1,
				"attenuation_distance": 32
			}
		]
	},
	"plane_deceleration_20c": {
		"sounds": [
			{
				"name": "mtr:plane/deceleration/speed_20c",
				"pitch": 1,
				"attenuation_distance": 32
			}
		]
	},
	"plane_deceleration_21c": {
		"sounds": [
			{
				"name": "mtr:plane/deceleration/speed_21c",
				"pitch": 1,
				"attenuation_distance": 32
			}
		]
	},
	"plane_deceleration_22c": {
		"sounds": [
			{
				"name": "mtr:plane/deceleration/speed_22c",
				"pitch": 1,
				"attenuation_distance": 32
			}
		]
	},
	"plane_deceleration_23c": {
		"sounds": [
			{
				"name": "mtr:plane/deceleration/speed_23c",
				"pitch": 1,
				"attenuation_distance": 32
			}
		]
	},
	"plane_deceleration_24c": {
		"sounds": [
			{
				"name": "mtr:plane/deceleration/speed_24c",
				"pitch": 1,
				"attenuation_distance": 32
			}
		]
	},
	"plane_deceleration_25c": {
		"sounds": [
			{
				"name": "mtr:plane/deceleration/speed_25c",
				"pitch": 1,
				"attenuation_distance": 32
			}
		]
	},
	"plane_deceleration_26c": {
		"sounds": [
			{
				"name": "mtr:plane/deceleration/speed_26c",
				"pitch": 1,
				"attenuation_distance": 32
			}
		]
	},
	"plane_deceleration_27c": {
		"sounds": [
			{
				"name": "mtr:plane/deceleration/speed_27c",
				"pitch": 1,
				"attenuation_distance": 32
			}
		]
	},
	"plane_deceleration_28c": {
		"sounds": [
			{
				"name": "mtr:plane/deceleration/speed_28c",
				"pitch": 1,
				"attenuation_distance": 32
			}
		]
	},
	"plane_deceleration_29c": {
		"sounds": [
			{
				"name": "mtr:plane/deceleration/speed_29c",
				"pitch": 1,
				"attenuation_distance": 32
			}
		]
	},
	"plane_deceleration_30c": {
		"sounds": [
			{
				"name": "mtr:plane/deceleration/speed_30c",
				"pitch": 1,
				"attenuation_distance": 32
			}
		]
	},
	"plane_deceleration_31c": {
		"sounds": [
			{
				"name": "mtr:plane/deceleration/speed_31c",
				"pitch": 1,
				"attenuation_distance": 32
			}
		]
	},
	"plane_deceleration_32c": {
		"sounds": [
			{
				"name": "mtr:plane/deceleration/speed_32c",
				"pitch": 1,
				"attenuation_distance": 32
			}
		]
	},
	"plane_deceleration_33c": {
		"sounds": [
			{
				"name": "mtr:plane/deceleration/speed_33c",
				"pitch": 1,
				"attenuation_distance": 32
			}
		]
	},
	"plane_deceleration_34c": {
		"sounds": [
			{
				"name": "mtr:plane/deceleration/speed_34c",
				"pitch": 1,
				"attenuation_distance": 32
			}
		]
	},
	"plane_deceleration_35c": {
		"sounds": [
			{
				"name": "mtr:plane/deceleration/speed_35c",
				"pitch": 1,
				"attenuation_distance": 32
			}
		]
	},
	"plane_deceleration_36c": {
		"sounds": [
			{
				"name": "mtr:plane/deceleration/speed_36c",
				"pitch": 1,
				"attenuation_distance": 32
			}
		]
	},
	"plane_deceleration_37c": {
		"sounds": [
			{
				"name": "mtr:plane/deceleration/speed_37c",
				"pitch": 1,
				"attenuation_distance": 32
			}
		]
	},
	"plane_deceleration_38c": {
		"sounds": [
			{
				"name": "mtr:plane/deceleration/speed_38c",
				"pitch": 1,
				"attenuation_distance": 32
			}
		]
	},
	"plane_deceleration_39c": {
		"sounds": [
			{
				"name": "mtr:plane/deceleration/speed_39c",
				"pitch": 1,
				"attenuation_distance": 32
			}
		]
	}

}